angle,dx,dy,true_dx,true_dy,response,contrast,entropy,gradient_energy,mean_brightness,sharpness,snr,median_brightness,psnr,ssim,ms_ssim,vif,fsim,deviation_dx,deviation_dy
-3.0,0.821,-3.79,0.0,0.0,0.417,0.155,7.222,0.005,0.458,1250.509,9.403,0.447,15.725,0.198,0.494,0.05,0.682,-0.821,3.79
-2.95,0.8,-3.735,0.0,0.0,0.421,0.154,7.222,0.005,0.454,1222.379,9.408,0.443,15.806,0.2,0.499,0.051,0.683,-0.8,3.735
-2.9,0.795,-3.715,0.0,0.0,0.426,0.154,7.222,0.005,0.454,1229.618,9.407,0.439,15.843,0.203,0.504,0.052,0.684,-0.795,3.715
-2.85,0.928,-3.306,0.0,0.0,0.434,0.153,7.223,0.005,0.453,1234.588,9.402,0.439,15.898,0.205,0.51,0.053,0.685,-0.928,3.306
-2.8,0.709,-3.615,0.0,0.0,0.425,0.154,7.225,0.005,0.454,1256.206,9.4,0.439,15.916,0.208,0.515,0.054,0.686,-0.709,3.615
-2.75,0.863,-3.212,0.0,0.0,0.44,0.155,7.224,0.005,0.456,1264.942,9.399,0.443,15.937,0.21,0.521,0.055,0.687,-0.863,3.212
-2.7,0.812,-3.163,0.0,0.0,0.447,0.154,7.223,0.005,0.454,1240.34,9.402,0.443,16.002,0.213,0.527,0.056,0.687,-0.812,3.163
-2.65,0.808,-3.123,0.0,0.0,0.457,0.156,7.223,0.006,0.46,1265.929,9.403,0.447,15.98,0.214,0.531,0.057,0.688,-0.808,3.123
-2.6,0.782,-3.088,0.0,0.0,0.46,0.155,7.223,0.005,0.458,1250.331,9.403,0.443,16.05,0.217,0.537,0.058,0.689,-0.782,3.088
-2.55,0.762,-3.018,0.0,0.0,0.464,0.156,7.224,0.006,0.46,1270.017,9.402,0.447,16.069,0.22,0.543,0.059,0.69,-0.762,3.018
-2.5,0.728,-2.974,0.0,0.0,0.468,0.155,7.224,0.006,0.458,1266.555,9.396,0.443,16.133,0.223,0.55,0.061,0.691,-0.728,2.974
-2.45,0.704,-2.925,0.0,0.0,0.471,0.153,7.223,0.005,0.451,1233.385,9.393,0.435,16.256,0.228,0.558,0.063,0.693,-0.704,2.925
-2.4,0.695,-2.862,0.0,0.0,0.478,0.152,7.223,0.005,0.449,1235.46,9.391,0.435,16.315,0.231,0.564,0.064,0.694,-0.695,2.862
-2.35,0.675,-2.819,0.0,0.0,0.483,0.152,7.223,0.005,0.447,1226.847,9.386,0.435,16.379,0.236,0.571,0.066,0.695,-0.675,2.819
-2.3,0.671,-2.764,0.0,0.0,0.487,0.154,7.222,0.005,0.454,1252.441,9.393,0.439,16.365,0.239,0.578,0.067,0.697,-0.671,2.764
-2.25,0.653,-2.724,0.0,0.0,0.49,0.153,7.221,0.005,0.452,1219.513,9.397,0.439,16.444,0.243,0.585,0.069,0.698,-0.653,2.724
-2.2,0.637,-2.686,0.0,0.0,0.498,0.154,7.222,0.005,0.454,1211.072,9.403,0.439,16.484,0.247,0.592,0.071,0.7,-0.637,2.686
-2.15,0.644,-2.646,0.0,0.0,0.507,0.154,7.222,0.005,0.454,1211.919,9.403,0.439,16.539,0.252,0.599,0.073,0.702,-0.644,2.646
-2.1,0.612,-2.597,0.0,0.0,0.509,0.154,7.223,0.005,0.454,1230.211,9.399,0.439,16.592,0.256,0.607,0.074,0.703,-0.612,2.597
-2.05,0.621,-2.579,0.0,0.0,0.514,0.155,7.224,0.005,0.456,1264.323,9.392,0.443,16.628,0.261,0.615,0.076,0.704,-0.621,2.579
-2.0,0.608,-2.535,0.0,0.0,0.521,0.155,7.224,0.005,0.456,1276.813,9.388,0.443,16.686,0.266,0.623,0.079,0.706,-0.608,2.535
-1.95,0.185,-1.935,0.0,0.0,0.585,0.155,7.224,0.006,0.458,1284.413,9.386,0.443,16.73,0.272,0.631,0.081,0.707,-0.185,1.935
-1.9,0.165,-1.865,0.0,0.0,0.595,0.155,7.222,0.005,0.456,1247.356,9.392,0.443,16.827,0.278,0.639,0.083,0.709,-0.165,1.865
-1.85,0.144,-1.784,0.0,0.0,0.601,0.155,7.22,0.005,0.458,1226.436,9.399,0.443,16.888,0.285,0.647,0.086,0.711,-0.144,1.784
-1.8,0.123,-1.737,0.0,0.0,0.612,0.155,7.22,0.005,0.458,1214.966,9.401,0.443,16.969,0.291,0.656,0.088,0.713,-0.123,1.737
-1.75,0.113,-1.666,0.0,0.0,0.621,0.155,7.221,0.005,0.458,1225.238,9.399,0.443,17.047,0.298,0.665,0.091,0.715,-0.113,1.666
-1.7,0.086,-1.613,0.0,0.0,0.634,0.155,7.222,0.005,0.458,1246.253,9.394,0.443,17.124,0.304,0.674,0.094,0.717,-0.086,1.613
-1.65,0.083,-1.558,0.0,0.0,0.642,0.154,7.223,0.005,0.454,1254.056,9.389,0.439,17.25,0.313,0.683,0.098,0.719,-0.083,1.558
-1.6,0.063,-1.506,0.0,0.0,0.655,0.156,7.223,0.006,0.46,1304.791,9.382,0.447,17.265,0.321,0.692,0.1,0.722,-0.063,1.506
-1.55,0.057,-1.466,0.0,0.0,0.669,0.155,7.223,0.006,0.458,1294.22,9.381,0.443,17.387,0.33,0.702,0.104,0.724,-0.057,1.466
-1.5,0.05,-1.42,0.0,0.0,0.683,0.155,7.222,0.005,0.456,1244.044,9.389,0.443,17.522,0.34,0.711,0.108,0.727,-0.05,1.42
-1.45,0.058,-1.358,0.0,0.0,0.694,0.155,7.221,0.005,0.458,1225.44,9.393,0.443,17.616,0.35,0.721,0.112,0.73,-0.058,1.358
-1.4,0.04,-1.319,0.0,0.0,0.711,0.155,7.221,0.005,0.458,1223.272,9.393,0.443,17.73,0.36,0.731,0.116,0.733,-0.04,1.319
-1.35,0.048,-1.266,0.0,0.0,0.727,0.155,7.221,0.005,0.456,1220.755,9.393,0.443,17.87,0.371,0.741,0.121,0.736,-0.048,1.266
-1.3,0.049,-1.223,0.0,0.0,0.736,0.155,7.222,0.005,0.457,1247.441,9.387,0.443,17.967,0.382,0.752,0.125,0.739,-0.049,1.223
-1.25,0.041,-1.172,0.0,0.0,0.752,0.155,7.222,0.005,0.457,1269.822,9.382,0.443,18.092,0.394,0.762,0.13,0.743,-0.041,1.172
-1.2,-0.035,-0.78,0.0,0.0,0.864,0.155,7.222,0.006,0.457,1278.256,9.378,0.443,18.228,0.407,0.773,0.136,0.747,0.035,0.78
-1.15,-0.018,-0.736,0.0,0.0,0.871,0.154,7.221,0.005,0.454,1237.916,9.384,0.439,18.433,0.422,0.784,0.143,0.751,0.018,0.736
-1.1,-0.009,-0.694,0.0,0.0,0.882,0.155,7.22,0.005,0.457,1226.927,9.388,0.443,18.563,0.437,0.795,0.149,0.756,0.009,0.694
-1.05,0.002,-0.656,0.0,0.0,0.891,0.156,7.22,0.005,0.459,1237.521,9.389,0.447,18.711,0.452,0.806,0.155,0.761,-0.002,0.656
-1.0,0.018,-0.622,0.0,0.0,0.9,0.156,7.221,0.005,0.459,1247.243,9.385,0.447,18.89,0.468,0.817,0.163,0.767,-0.018,0.622
-0.95,0.025,-0.576,0.0,0.0,0.906,0.155,7.223,0.005,0.455,1248.153,9.381,0.443,19.137,0.485,0.828,0.171,0.772,-0.025,0.576
-0.9,0.029,-0.536,0.0,0.0,0.914,0.153,7.225,0.005,0.45,1236.302,9.374,0.435,19.407,0.502,0.84,0.181,0.778,-0.029,0.536
-0.85,0.028,-0.506,0.0,0.0,0.921,0.154,7.225,0.005,0.453,1271.813,9.374,0.439,19.611,0.522,0.852,0.19,0.784,-0.028,0.506
-0.8,0.036,-0.478,0.0,0.0,0.927,0.154,7.224,0.005,0.452,1251.928,9.373,0.439,19.9,0.544,0.864,0.201,0.792,-0.036,0.478
-0.75,0.07,-0.334,0.0,0.0,0.939,0.154,7.221,0.005,0.453,1202.085,9.387,0.439,20.206,0.568,0.876,0.214,0.8,-0.07,0.334
-0.7,0.077,-0.309,0.0,0.0,0.942,0.154,7.22,0.005,0.455,1182.286,9.39,0.443,20.521,0.592,0.888,0.227,0.809,-0.077,0.309
-0.65,0.087,-0.267,0.0,0.0,0.954,0.156,7.22,0.005,0.459,1214.942,9.387,0.447,20.801,0.617,0.899,0.24,0.818,-0.087,0.267
-0.6,0.074,-0.249,0.0,0.0,0.959,0.154,7.221,0.005,0.453,1229.422,9.372,0.439,21.238,0.641,0.91,0.256,0.828,-0.074,0.249
-0.55,0.067,-0.232,0.0,0.0,0.958,0.155,7.224,0.005,0.455,1294.986,9.356,0.443,21.592,0.665,0.92,0.272,0.838,-0.067,0.232
-0.5,0.064,-0.211,0.0,0.0,0.968,0.156,7.227,0.006,0.457,1345.102,9.347,0.443,22.0,0.691,0.93,0.291,0.849,-0.064,0.211
-0.45,0.069,-0.198,0.0,0.0,0.969,0.156,7.227,0.006,0.457,1341.929,9.352,0.443,22.55,0.721,0.94,0.314,0.861,-0.069,0.198
-0.4,0.065,-0.18,0.0,0.0,0.977,0.155,7.224,0.005,0.455,1256.806,9.378,0.443,23.32,0.757,0.951,0.344,0.875,-0.065,0.18
-0.35,0.052,-0.158,0.0,0.0,0.979,0.156,7.216,0.005,0.461,1138.219,9.418,0.447,24.182,0.799,0.961,0.378,0.891,-0.052,0.158
-0.3,0.046,-0.128,0.0,0.0,0.985,0.154,7.213,0.005,0.457,1057.221,9.432,0.443,25.446,0.84,0.971,0.42,0.907,-0.046,0.128
-0.25,0.036,-0.107,0.0,0.0,0.987,0.154,7.213,0.005,0.455,1072.376,9.427,0.443,26.84,0.878,0.979,0.467,0.925,-0.036,0.107
-0.2,0.033,-0.089,0.0,0.0,0.987,0.154,7.219,0.005,0.455,1191.505,9.392,0.443,28.456,0.912,0.986,0.521,0.943,-0.033,0.089
-0.15,0.013,-0.063,0.0,0.0,0.99,0.155,7.23,0.006,0.453,1403.783,9.332,0.439,30.558,0.942,0.991,0.586,0.961,-0.013,0.063
-0.1,0.007,-0.034,0.0,0.0,0.991,0.156,7.244,0.006,0.453,1744.936,9.243,0.439,33.339,0.967,0.996,0.663,0.977,-0.007,0.034
-0.05,0.003,-0.012,0.0,0.0,0.994,0.16,7.257,0.007,0.457,2265.695,9.125,0.447,36.469,0.985,0.998,0.763,0.991,-0.003,0.012
0.0,0.0,0.0,0.0,0.0,1.0,0.16,7.258,0.007,0.449,2846.011,8.984,0.443,100.0,1.0,1.0,1.0,1.0,0.0,0.0
0.05,-0.006,0.018,0.0,0.0,0.994,0.156,7.256,0.007,0.447,2185.444,9.127,0.439,37.456,0.985,0.998,0.77,0.99,0.006,-0.018
0.1,-0.023,0.046,0.0,0.0,0.992,0.156,7.243,0.006,0.451,1728.699,9.238,0.439,33.419,0.967,0.996,0.665,0.977,0.023,-0.046
0.15,-0.027,0.066,0.0,0.0,0.989,0.156,7.228,0.006,0.457,1420.242,9.324,0.443,30.396,0.943,0.991,0.585,0.961,0.027,-0.066
0.2,-0.031,0.084,0.0,0.0,0.99,0.154,7.217,0.005,0.453,1179.247,9.387,0.439,28.529,0.912,0.986,0.523,0.943,0.031,-0.084
0.25,-0.04,0.103,0.0,0.0,0.988,0.154,7.212,0.005,0.456,1080.06,9.417,0.443,26.82,0.879,0.979,0.468,0.925,0.04,-0.103
0.3,-0.051,0.121,0.0,0.0,0.988,0.155,7.211,0.005,0.458,1057.708,9.425,0.447,25.428,0.841,0.971,0.421,0.907,0.051,-0.121
0.35,-0.06,0.145,0.0,0.0,0.988,0.154,7.215,0.005,0.455,1106.027,9.406,0.443,24.353,0.799,0.961,0.381,0.889,0.06,-0.145
0.4,-0.067,0.165,0.0,0.0,0.98,0.154,7.223,0.005,0.453,1236.664,9.367,0.439,23.379,0.757,0.951,0.346,0.874,0.067,-0.165
0.45,-0.064,0.193,0.0,0.0,0.977,0.156,7.227,0.006,0.458,1346.782,9.34,0.447,22.545,0.721,0.94,0.314,0.86,0.064,-0.193
0.5,-0.062,0.216,0.0,0.0,0.973,0.155,7.227,0.005,0.453,1318.018,9.334,0.439,22.086,0.691,0.93,0.292,0.848,0.062,-0.216
0.55,-0.065,0.229,0.0,0.0,0.967,0.154,7.224,0.005,0.451,1263.062,9.341,0.439,21.672,0.666,0.92,0.274,0.837,0.065,-0.229
0.6,-0.08,0.25,0.0,0.0,0.962,0.155,7.221,0.005,0.454,1227.395,9.355,0.443,21.249,0.642,0.909,0.257,0.826,0.08,-0.25
0.65,-0.08,0.273,0.0,0.0,0.957,0.156,7.22,0.005,0.458,1205.076,9.367,0.447,20.841,0.617,0.898,0.24,0.816,0.08,-0.273
0.7,-0.088,0.299,0.0,0.0,0.951,0.154,7.219,0.005,0.454,1167.628,9.372,0.443,20.562,0.593,0.887,0.227,0.807,0.088,-0.299
0.75,-0.084,0.319,0.0,0.0,0.942,0.155,7.22,0.005,0.454,1196.998,9.367,0.443,20.225,0.568,0.875,0.214,0.798,0.084,-0.319
0.8,-0.04,0.442,0.0,0.0,0.921,0.154,7.223,0.005,0.452,1239.088,9.353,0.439,19.922,0.543,0.863,0.202,0.789,0.04,-0.442
0.85,-0.049,0.481,0.0,0.0,0.913,0.154,7.224,0.005,0.451,1244.838,9.35,0.439,19.669,0.522,0.851,0.191,0.782,0.049,-0.481
0.9,-0.038,0.519,0.0,0.0,0.91,0.154,7.224,0.005,0.452,1239.874,9.353,0.439,19.416,0.503,0.839,0.18,0.776,0.038,-0.519
0.95,-0.03,0.569,0.0,0.0,0.905,0.155,7.222,0.005,0.456,1243.088,9.353,0.443,19.155,0.485,0.827,0.171,0.769,0.03,-0.569
1.0,-0.022,0.609,0.0,0.0,0.898,0.155,7.22,0.005,0.454,1210.098,9.359,0.443,18.988,0.469,0.816,0.164,0.764,0.022,-0.609
1.05,-0.001,0.656,0.0,0.0,0.89,0.155,7.218,0.005,0.456,1203.844,9.363,0.443,18.792,0.453,0.805,0.156,0.759,0.001,-0.656
1.1,0.01,0.69,0.0,0.0,0.882,0.155,7.216,0.005,0.456,1202.746,9.362,0.443,18.62,0.438,0.794,0.149,0.755,-0.01,-0.69
1.15,0.02,0.736,0.0,0.0,0.873,0.157,7.217,0.006,0.462,1265.442,9.354,0.451,18.364,0.422,0.782,0.142,0.75,-0.02,-0.736
1.2,-0.048,1.087,0.0,0.0,0.757,0.157,7.219,0.006,0.46,1277.867,9.35,0.447,18.233,0.407,0.771,0.136,0.746,0.048,-1.087
1.25,-0.04,1.128,0.0,0.0,0.744,0.155,7.219,0.005,0.456,1250.436,9.35,0.443,18.147,0.394,0.76,0.131,0.742,0.04,-1.128
1.3,-0.038,1.183,0.0,0.0,0.735,0.153,7.22,0.005,0.45,1206.112,9.355,0.439,18.08,0.383,0.75,0.126,0.738,0.038,-1.183
1.35,-0.043,1.215,0.0,0.0,0.722,0.154,7.219,0.005,0.452,1193.147,9.36,0.439,17.947,0.372,0.739,0.121,0.735,0.043,-1.215
1.4,-0.035,1.274,0.0,0.0,0.709,0.155,7.219,0.005,0.456,1200.441,9.36,0.443,17.793,0.361,0.729,0.116,0.732,0.035,-1.274
1.45,-0.034,1.327,0.0,0.0,0.7,0.154,7.218,0.005,0.454,1196.897,9.36,0.443,17.702,0.351,0.719,0.112,0.729,0.034,-1.327
1.5,-0.046,1.365,0.0,0.0,0.683,0.155,7.218,0.005,0.456,1221.91,9.356,0.443,17.572,0.341,0.709,0.108,0.726,0.046,-1.365
1.55,-0.038,1.406,0.0,0.0,0.673,0.153,7.22,0.005,0.45,1220.166,9.35,0.439,17.521,0.331,0.701,0.105,0.724,0.038,-1.406
1.6,-0.043,1.465,0.0,0.0,0.661,0.155,7.22,0.005,0.454,1256.053,9.348,0.443,17.385,0.322,0.691,0.101,0.721,0.043,-1.465
1.65,-0.04,1.541,0.0,0.0,0.653,0.155,7.22,0.005,0.456,1250.239,9.347,0.443,17.276,0.314,0.682,0.098,0.718,0.04,-1.541
1.7,-0.054,1.596,0.0,0.0,0.643,0.155,7.219,0.005,0.454,1219.029,9.354,0.443,17.215,0.306,0.673,0.094,0.716,0.054,-1.596
1.75,-0.066,1.668,0.0,0.0,0.637,0.154,7.218,0.005,0.454,1196.429,9.357,0.443,17.139,0.298,0.665,0.091,0.715,0.066,-1.668
1.8,-0.056,1.74,0.0,0.0,0.624,0.156,7.217,0.005,0.457,1201.133,9.36,0.447,17.021,0.291,0.656,0.088,0.712,0.056,-1.74
1.85,-0.084,1.806,0.0,0.0,0.615,0.154,7.217,0.005,0.454,1187.082,9.358,0.443,16.988,0.285,0.648,0.086,0.71,0.084,-1.806
1.9,-0.081,1.871,0.0,0.0,0.612,0.154,7.218,0.005,0.452,1198.337,9.353,0.439,16.93,0.278,0.64,0.084,0.708,0.081,-1.871
1.95,-0.108,1.926,0.0,0.0,0.608,0.154,7.219,0.005,0.452,1224.977,9.346,0.439,16.855,0.272,0.632,0.081,0.706,0.108,-1.926
2.0,-0.166,2.422,0.0,0.0,0.52,0.155,7.22,0.005,0.455,1256.553,9.342,0.443,16.747,0.265,0.624,0.079,0.705,0.166,-2.422
2.05,-0.148,2.469,0.0,0.0,0.519,0.156,7.218,0.005,0.457,1262.875,9.346,0.447,16.665,0.26,0.616,0.076,0.703,0.148,-2.469
2.1,-0.166,2.503,0.0,0.0,0.519,0.155,7.216,0.005,0.453,1226.083,9.349,0.443,16.653,0.257,0.61,0.075,0.701,0.166,-2.503
2.15,-0.16,2.557,0.0,0.0,0.519,0.154,7.216,0.005,0.451,1194.483,9.355,0.439,16.62,0.252,0.602,0.073,0.7,0.16,-2.557
2.2,-0.653,2.678,0.0,0.0,0.514,0.153,7.215,0.005,0.45,1176.48,9.356,0.439,16.583,0.247,0.595,0.071,0.698,0.653,-2.678
2.25,-0.665,2.726,0.0,0.0,0.5,0.154,7.216,0.005,0.453,1196.708,9.355,0.443,16.493,0.244,0.588,0.069,0.697,0.665,-2.726
2.3,-0.656,2.773,0.0,0.0,0.49,0.154,7.216,0.005,0.453,1207.216,9.351,0.443,16.438,0.239,0.581,0.067,0.696,0.656,-2.773
2.35,-0.67,2.842,0.0,0.0,0.491,0.153,7.217,0.005,0.449,1205.745,9.344,0.439,16.417,0.235,0.575,0.066,0.694,0.67,-2.842
2.4,-0.675,2.902,0.0,0.0,0.483,0.153,7.217,0.005,0.448,1200.224,9.342,0.435,16.381,0.232,0.569,0.065,0.693,0.675,-2.902
2.45,-0.672,2.94,0.0,0.0,0.478,0.154,7.217,0.005,0.451,1218.709,9.345,0.439,16.302,0.228,0.562,0.063,0.692,0.672,-2.94
2.5,-0.686,2.994,0.0,0.0,0.475,0.155,7.217,0.005,0.455,1231.419,9.344,0.443,16.218,0.224,0.555,0.061,0.691,0.686,-2.994
2.55,-0.722,3.053,0.0,0.0,0.47,0.154,7.216,0.005,0.451,1202.114,9.35,0.439,16.215,0.222,0.55,0.06,0.69,0.722,-3.053
2.6,-0.71,3.09,0.0,0.0,0.462,0.155,7.216,0.005,0.455,1217.73,9.348,0.443,16.131,0.218,0.543,0.058,0.689,0.71,-3.09
2.65,-0.735,3.126,0.0,0.0,0.457,0.155,7.216,0.005,0.455,1216.473,9.349,0.443,16.088,0.215,0.537,0.057,0.688,0.735,-3.126
2.7,-0.268,3.055,0.0,0.0,0.458,0.154,7.217,0.005,0.453,1215.224,9.35,0.443,16.062,0.213,0.532,0.056,0.687,0.268,-3.055
2.75,-0.778,3.214,0.0,0.0,0.448,0.155,7.217,0.005,0.455,1229.96,9.346,0.443,15.999,0.209,0.526,0.055,0.686,0.778,-3.214
2.8,-0.571,3.601,0.0,0.0,0.43,0.155,7.218,0.005,0.455,1236.034,9.345,0.443,15.955,0.206,0.521,0.054,0.685,0.571,-3.601
2.85,-0.585,3.669,0.0,0.0,0.429,0.154,7.218,0.005,0.453,1224.02,9.346,0.443,15.934,0.204,0.516,0.053,0.684,0.585,-3.669
2.9,-0.625,3.709,0.0,0.0,0.427,0.154,7.216,0.005,0.451,1206.613,9.349,0.439,15.914,0.202,0.511,0.052,0.683,0.625,-3.709
2.95,-0.646,3.739,0.0,0.0,0.422,0.156,7.216,0.005,0.457,1233.745,9.349,0.447,15.819,0.2,0.505,0.051,0.683,0.646,-3.739
3.0,-0.681,3.797,0.0,0.0,0.425,0.155,7.215,0.005,0.455,1223.358,9.347,0.443,15.802,0.198,0.5,0.05,0.682,0.681,-3.797
-3.0,2.495,0.04,0.0,0.0,0.268,0.056,4.265,0.001,0.689,476.594,21.845,0.69,24.101,0.304,0.574,0.03,0.743,-2.495,-0.04
-2.95,-0.118,-0.802,0.0,0.0,0.309,0.057,4.267,0.002,0.63,503.586,20.876,0.631,22.752,0.298,0.569,0.03,0.741,0.118,0.802
-2.9,-0.041,-0.819,0.0,0.0,0.309,0.057,4.268,0.002,0.665,503.719,21.352,0.667,24.318,0.299,0.571,0.031,0.741,0.041,0.819
-2.85,-0.021,-0.892,0.0,0.0,0.317,0.055,4.269,0.001,0.692,478.23,22.004,0.694,24.026,0.306,0.582,0.032,0.745,0.021,0.892
-2.8,0.055,-0.834,0.0,0.0,0.322,0.053,4.27,0.001,0.684,439.328,22.292,0.686,24.605,0.315,0.596,0.034,0.75,-0.055,0.834
-2.75,0.098,-0.879,0.0,0.0,0.334,0.047,4.272,0.001,0.691,344.521,23.436,0.694,24.861,0.341,0.626,0.037,0.759,-0.098,0.879
-2.7,0.119,-0.916,0.0,0.0,0.352,0.043,4.27,0.001,0.698,290.944,24.229,0.698,24.728,0.358,0.644,0.039,0.764,-0.119,0.916
-2.65,0.114,-0.846,0.0,0.0,0.363,0.045,4.268,0.001,0.622,318.698,22.723,0.624,22.909,0.342,0.633,0.038,0.762,-0.114,0.846
-2.6,0.161,-0.862,0.0,0.0,0.384,0.053,4.267,0.001,0.604,424.564,21.128,0.604,21.079,0.307,0.596,0.036,0.751,-0.161,0.862
-2.55,0.19,-0.872,0.0,0.0,0.391,0.056,4.265,0.001,0.638,477.352,21.065,0.639,23.313,0.292,0.581,0.036,0.747,-0.19,0.872
-2.5,0.221,-0.803,0.0,0.0,0.391,0.052,4.265,0.001,0.644,404.557,21.92,0.647,24.095,0.314,0.609,0.038,0.755,-0.221,0.803
-2.45,0.241,-0.81,0.0,0.0,0.41,0.052,4.268,0.001,0.676,413.808,22.322,0.678,24.894,0.313,0.61,0.039,0.756,-0.241,0.81
-2.4,0.218,-0.819,0.0,0.0,0.417,0.052,4.27,0.001,0.665,421.478,22.172,0.667,24.897,0.313,0.612,0.04,0.756,-0.218,0.819
-2.35,0.246,-0.838,0.0,0.0,0.417,0.047,4.27,0.001,0.666,356.954,22.93,0.667,25.372,0.332,0.635,0.043,0.764,-0.246,0.838
-2.3,1.635,-0.021,0.0,0.0,0.402,0.046,4.268,0.001,0.678,329.996,23.463,0.678,25.537,0.342,0.647,0.045,0.768,-1.635,0.021
-2.25,1.572,-0.03,0.0,0.0,0.409,0.05,4.267,0.001,0.617,394.156,21.847,0.62,22.317,0.319,0.627,0.044,0.763,-1.572,0.03
-2.2,0.288,-0.677,0.0,0.0,0.466,0.053,4.268,0.001,0.636,444.901,21.575,0.639,23.516,0.307,0.616,0.044,0.758,-0.288,0.677
-2.15,1.556,-0.047,0.0,0.0,0.425,0.051,4.268,0.001,0.609,406.005,21.604,0.612,21.653,0.317,0.631,0.047,0.763,-1.556,0.047
-2.1,1.614,-0.083,0.0,0.0,0.44,0.051,4.269,0.001,0.599,405.733,21.445,0.6,20.85,0.318,0.635,0.048,0.764,-1.614,0.083
-2.05,1.59,-0.087,0.0,0.0,0.44,0.053,4.27,0.001,0.629,439.04,21.559,0.631,23.081,0.314,0.631,0.049,0.762,-1.59,0.087
-2.0,1.577,-0.084,0.0,0.0,0.452,0.051,4.273,0.001,0.662,414.572,22.242,0.663,24.993,0.324,0.643,0.051,0.766,-1.577,0.084
-1.95,1.532,-0.113,0.0,0.0,0.464,0.058,4.27,0.002,0.661,528.652,21.144,0.663,24.264,0.299,0.616,0.049,0.753,-1.532,0.113
-1.9,1.502,-0.126,0.0,0.0,0.482,0.057,4.267,0.002,0.708,492.738,21.94,0.71,23.052,0.306,0.625,0.052,0.758,-1.502,0.126
-1.85,0.666,-0.712,0.0,0.0,0.565,0.052,4.27,0.001,0.765,414.86,23.43,0.765,19.234,0.329,0.655,0.056,0.77,-0.666,0.712
-1.8,0.627,-0.697,0.0,0.0,0.592,0.055,4.269,0.001,0.746,490.844,22.592,0.749,20.429,0.317,0.643,0.056,0.763,-0.627,0.697
-1.75,0.185,-0.719,0.0,0.0,0.624,0.056,4.27,0.001,0.689,500.984,21.793,0.69,24.282,0.32,0.645,0.057,0.764,-0.185,0.719
-1.7,0.618,-0.645,0.0,0.0,0.605,0.052,4.272,0.001,0.665,440.165,22.148,0.667,25.131,0.344,0.672,0.062,0.773,-0.618,0.645
-1.65,0.627,-0.617,0.0,0.0,0.625,0.051,4.274,0.001,0.645,419.833,22.072,0.647,24.445,0.354,0.683,0.065,0.777,-0.627,0.617
-1.6,0.157,-0.644,0.0,0.0,0.671,0.047,4.275,0.001,0.63,362.027,22.523,0.631,23.663,0.376,0.705,0.071,0.784,-0.157,0.644
-1.55,0.576,-0.605,0.0,0.0,0.66,0.052,4.273,0.001,0.601,427.736,21.243,0.604,21.099,0.359,0.689,0.07,0.778,-0.576,0.605
-1.5,0.555,-0.534,0.0,0.0,0.666,0.056,4.266,0.001,0.603,477.337,20.59,0.604,21.049,0.347,0.677,0.069,0.771,-0.555,0.534
-1.45,0.634,-0.165,0.0,0.0,0.723,0.06,4.264,0.002,0.636,534.041,20.516,0.639,23.253,0.341,0.667,0.07,0.765,-0.634,0.165
-1.4,0.623,-0.174,0.0,0.0,0.731,0.06,4.266,0.002,0.686,542.216,21.152,0.686,24.262,0.351,0.676,0.073,0.767,-0.623,0.174
-1.35,0.585,-0.16,0.0,0.0,0.742,0.052,4.269,0.001,0.698,420.415,22.581,0.698,24.516,0.393,0.721,0.082,0.787,-0.585,0.16
-1.3,0.547,-0.164,0.0,0.0,0.758,0.049,4.273,0.001,0.699,378.191,23.164,0.698,24.763,0.417,0.743,0.089,0.796,-0.547,0.164
-1.25,0.474,-0.135,0.0,0.0,0.772,0.045,4.277,0.001,0.647,334.681,23.132,0.647,25.455,0.441,0.765,0.098,0.803,-0.474,0.135
-1.2,0.426,-0.151,0.0,0.0,0.788,0.047,4.277,0.001,0.614,365.272,22.344,0.616,22.575,0.443,0.767,0.101,0.803,-0.426,0.151
-1.15,0.388,-0.131,0.0,0.0,0.799,0.05,4.275,0.001,0.607,409.285,21.651,0.608,21.839,0.442,0.764,0.102,0.8,-0.388,0.131
-1.1,0.357,-0.114,0.0,0.0,0.808,0.051,4.268,0.001,0.626,417.37,21.712,0.627,23.467,0.45,0.768,0.106,0.802,-0.357,0.114
-1.05,-0.027,-0.137,0.0,0.0,0.889,0.05,4.269,0.001,0.607,383.812,21.707,0.608,21.929,0.467,0.782,0.113,0.807,0.027,0.137
-1.0,-0.036,-0.131,0.0,0.0,0.901,0.053,4.271,0.001,0.64,424.705,21.721,0.643,24.667,0.473,0.783,0.116,0.804,0.036,0.131
-0.95,-0.024,-0.119,0.0,0.0,0.903,0.053,4.275,0.001,0.662,434.714,21.991,0.663,25.983,0.488,0.794,0.124,0.808,0.024,0.119
-0.9,-0.03,-0.11,0.0,0.0,0.909,0.048,4.278,0.001,0.702,371.922,23.312,0.702,25.121,0.524,0.822,0.138,0.821,0.03,0.11
-0.85,-0.017,-0.111,0.0,0.0,0.922,0.045,4.28,0.001,0.675,335.656,23.485,0.675,27.217,0.553,0.843,0.153,0.829,0.017,0.111
-0.8,0.006,-0.087,0.0,0.0,0.919,0.047,4.279,0.001,0.669,364.874,22.969,0.671,27.173,0.567,0.848,0.159,0.831,-0.006,0.087
-0.75,0.022,-0.085,0.0,0.0,0.923,0.058,4.269,0.002,0.673,514.112,21.321,0.675,26.117,0.551,0.825,0.154,0.815,-0.022,0.085
-0.7,0.029,-0.071,0.0,0.0,0.917,0.057,4.263,0.001,0.689,470.973,21.718,0.69,25.915,0.58,0.84,0.166,0.824,-0.029,0.071
-0.65,0.031,-0.04,0.0,0.0,0.94,0.054,4.265,0.001,0.673,436.05,21.891,0.675,27.046,0.613,0.861,0.183,0.837,-0.031,0.04
-0.6,0.023,-0.072,0.0,0.0,0.945,0.051,4.27,0.001,0.647,410.57,22.001,0.647,26.464,0.646,0.882,0.203,0.848,-0.023,0.072
-0.55,0.018,-0.049,0.0,0.0,0.947,0.047,4.276,0.001,0.62,358.026,22.4,0.62,23.994,0.682,0.905,0.23,0.864,-0.018,0.049
-0.5,0.021,-0.059,0.0,0.0,0.953,0.047,4.284,0.001,0.627,357.182,22.586,0.627,25.0,0.711,0.917,0.252,0.873,-0.021,0.059
-0.45,0.02,-0.034,0.0,0.0,0.954,0.045,4.285,0.001,0.687,338.992,23.677,0.686,28.509,0.744,0.932,0.282,0.884,-0.02,0.034
-0.4,0.014,-0.045,0.0,0.0,0.959,0.043,4.278,0.001,0.681,308.009,23.912,0.682,29.717,0.781,0.945,0.32,0.897,-0.014,0.045
-0.35,0.031,-0.037,0.0,0.0,0.964,0.051,4.26,0.001,0.672,375.513,22.461,0.675,30.017,0.803,0.94,0.326,0.899,-0.031,0.037
-0.3,0.017,-0.026,0.0,0.0,0.966,0.058,4.249,0.002,0.681,457.408,21.406,0.682,29.203,0.817,0.926,0.338,0.892,-0.017,0.026
-0.25,0.003,0.003,0.0,0.0,0.967,0.059,4.25,0.002,0.727,466.22,21.88,0.729,23.877,0.844,0.931,0.374,0.903,-0.003,-0.003
-0.2,0.017,-0.016,0.0,0.0,0.968,0.057,4.264,0.001,0.689,471.417,21.702,0.69,29.986,0.884,0.947,0.428,0.923,-0.017,0.016
-0.15,0.021,-0.001,0.0,0.0,0.963,0.057,4.287,0.002,0.654,525.516,21.244,0.655,30.871,0.906,0.954,0.478,0.936,-0.021,0.001
-0.1,0.014,-0.006,0.0,0.0,0.967,0.055,4.322,0.002,0.636,587.82,21.211,0.639,28.106,0.93,0.966,0.55,0.952,-0.014,0.006
-0.05,-0.003,-0.003,0.0,0.0,0.977,0.048,4.37,0.001,0.641,513.581,22.537,0.643,29.964,0.971,0.99,0.702,0.982,0.003,0.003
0.0,0.0,0.0,0.0,0.0,1.0,0.041,4.413,0.001,0.67,450.886,24.221,0.671,100.0,1.0,1.0,1.0,1.0,0.0,0.0
0.05,-0.017,0.002,0.0,0.0,0.982,0.048,4.369,0.001,0.632,515.447,22.416,0.631,27.856,0.97,0.99,0.702,0.982,0.017,-0.002
0.1,0.001,0.012,0.0,0.0,0.976,0.051,4.323,0.001,0.645,493.795,22.082,0.647,30.488,0.945,0.978,0.576,0.965,-0.001,-0.012
0.15,0.005,0.017,0.0,0.0,0.973,0.052,4.287,0.001,0.644,452.911,21.792,0.647,29.573,0.92,0.968,0.5,0.948,-0.005,-0.017
0.2,-0.0,0.042,0.0,0.0,0.972,0.056,4.263,0.001,0.669,459.866,21.482,0.671,31.77,0.884,0.947,0.428,0.922,0.0,-0.042
0.25,-0.01,0.029,0.0,0.0,0.962,0.059,4.25,0.002,0.661,478.806,20.946,0.663,29.836,0.845,0.929,0.372,0.899,0.01,-0.029
0.3,-0.03,0.039,0.0,0.0,0.961,0.061,4.249,0.002,0.704,508.37,21.251,0.706,26.304,0.803,0.915,0.328,0.88,0.03,-0.039
0.35,-0.027,0.051,0.0,0.0,0.958,0.051,4.258,0.001,0.697,389.521,22.652,0.698,27.547,0.799,0.939,0.322,0.895,0.027,-0.051
0.4,-0.028,0.042,0.0,0.0,0.953,0.044,4.276,0.001,0.681,319.159,23.777,0.682,29.618,0.779,0.946,0.316,0.894,0.028,-0.042
0.45,-0.001,0.037,0.0,0.0,0.954,0.044,4.283,0.001,0.663,329.735,23.483,0.663,29.201,0.745,0.934,0.285,0.883,0.001,-0.037
0.5,-0.028,0.057,0.0,0.0,0.951,0.05,4.282,0.001,0.597,417.269,21.468,0.596,21.589,0.696,0.909,0.241,0.865,0.028,-0.057
0.55,-0.027,0.045,0.0,0.0,0.947,0.047,4.277,0.001,0.62,356.897,22.401,0.62,23.985,0.683,0.907,0.231,0.864,0.027,-0.045
0.6,-0.02,0.018,0.0,0.0,0.927,0.047,4.27,0.001,0.646,348.158,22.687,0.647,26.703,0.66,0.895,0.212,0.856,0.02,-0.018
0.65,-0.026,0.037,0.0,0.0,0.923,0.048,4.263,0.001,0.675,351.782,22.887,0.678,27.727,0.633,0.881,0.194,0.847,0.026,-0.037
0.7,-0.018,0.012,0.0,0.0,0.921,0.051,4.262,0.001,0.687,394.627,22.523,0.686,26.627,0.597,0.86,0.175,0.835,0.018,-0.012
0.75,0.011,0.049,0.0,0.0,0.916,0.055,4.268,0.001,0.703,456.906,22.174,0.706,24.838,0.562,0.837,0.157,0.821,-0.011,-0.049
0.8,0.016,0.073,0.0,0.0,0.907,0.046,4.277,0.001,0.694,344.652,23.519,0.694,26.183,0.569,0.852,0.162,0.832,-0.016,-0.073
0.85,0.011,0.07,0.0,0.0,0.912,0.045,4.278,0.001,0.693,329.265,23.737,0.694,26.215,0.552,0.843,0.153,0.829,-0.011,-0.07
0.9,0.02,0.089,0.0,0.0,0.908,0.05,4.276,0.001,0.683,393.291,22.79,0.682,26.342,0.518,0.817,0.136,0.818,-0.02,-0.089
0.95,0.029,0.091,0.0,0.0,0.899,0.053,4.272,0.001,0.614,435.945,21.264,0.616,22.499,0.485,0.792,0.123,0.807,-0.029,-0.091
1.0,0.008,0.124,0.0,0.0,0.895,0.054,4.269,0.001,0.576,440.853,20.631,0.576,19.402,0.462,0.777,0.115,0.802,-0.008,-0.124
1.05,0.043,0.111,0.0,0.0,0.876,0.053,4.266,0.001,0.548,431.499,20.278,0.549,17.568,0.447,0.768,0.109,0.8,-0.043,-0.111
1.1,0.037,0.104,0.0,0.0,0.876,0.051,4.27,0.001,0.578,404.951,21.118,0.58,19.545,0.449,0.769,0.107,0.802,-0.037,-0.104
1.15,-0.368,0.109,0.0,0.0,0.796,0.052,4.274,0.001,0.626,437.239,21.662,0.627,23.391,0.437,0.757,0.1,0.797,0.368,-0.109
1.2,-0.414,0.121,0.0,0.0,0.776,0.05,4.278,0.001,0.683,414.672,22.748,0.682,25.72,0.435,0.756,0.098,0.797,0.414,-0.121
1.25,-0.493,0.168,0.0,0.0,0.765,0.043,4.279,0.001,0.615,311.983,23.013,0.616,22.776,0.449,0.77,0.1,0.803,0.493,-0.168
1.3,-0.013,0.473,0.0,0.0,0.804,0.043,4.277,0.001,0.642,306.881,23.4,0.643,25.154,0.44,0.761,0.096,0.801,0.013,-0.473
1.35,-0.02,0.455,0.0,0.0,0.773,0.045,4.272,0.001,0.662,321.744,23.296,0.663,26.166,0.423,0.746,0.089,0.798,0.02,-0.455
1.4,-0.026,0.496,0.0,0.0,0.756,0.049,4.268,0.001,0.662,368.001,22.593,0.663,25.696,0.397,0.723,0.082,0.789,0.026,-0.496
1.45,-0.054,0.522,0.0,0.0,0.741,0.056,4.265,0.001,0.626,466.243,20.933,0.627,22.87,0.356,0.683,0.073,0.774,0.054,-0.522
1.5,-0.06,0.558,0.0,0.0,0.711,0.056,4.266,0.001,0.591,469.508,20.443,0.592,20.189,0.348,0.676,0.07,0.772,0.06,-0.558
1.55,-0.11,0.579,0.0,0.0,0.694,0.048,4.272,0.001,0.579,366.891,21.539,0.58,19.539,0.373,0.704,0.073,0.784,0.11,-0.579
1.6,-0.111,0.633,0.0,0.0,0.683,0.046,4.276,0.001,0.589,344.474,22.104,0.592,20.378,0.378,0.707,0.072,0.786,0.111,-0.633
1.65,-0.109,0.649,0.0,0.0,0.672,0.045,4.277,0.001,0.625,337.466,22.771,0.627,23.355,0.377,0.705,0.07,0.784,0.109,-0.649
1.7,-0.119,0.667,0.0,0.0,0.641,0.048,4.276,0.001,0.659,380.601,22.666,0.659,25.352,0.36,0.686,0.065,0.778,0.119,-0.667
1.75,-0.139,0.71,0.0,0.0,0.626,0.055,4.274,0.001,0.662,474.574,21.666,0.663,24.75,0.327,0.651,0.058,0.766,0.139,-0.71
1.8,-0.128,0.694,0.0,0.0,0.612,0.052,4.272,0.001,0.694,433.918,22.429,0.694,24.342,0.332,0.655,0.058,0.768,0.128,-0.694
1.85,-0.195,0.7,0.0,0.0,0.583,0.059,4.27,0.002,0.73,534.184,21.861,0.733,21.4,0.3,0.619,0.052,0.754,0.195,-0.7
1.9,-0.192,0.704,0.0,0.0,0.569,0.053,4.272,0.001,0.727,428.119,22.822,0.729,21.977,0.322,0.643,0.054,0.766,0.192,-0.704
1.95,-0.201,0.664,0.0,0.0,0.552,0.049,4.275,0.001,0.693,383.63,22.936,0.694,24.625,0.334,0.654,0.054,0.77,0.201,-0.664
2.0,-0.204,0.723,0.0,0.0,0.537,0.051,4.273,0.001,0.662,404.516,22.267,0.663,25.009,0.324,0.642,0.051,0.766,0.204,-0.723
2.05,-0.21,0.735,0.0,0.0,0.524,0.049,4.27,0.001,0.635,367.574,22.312,0.635,23.799,0.332,0.649,0.051,0.769,0.21,-0.735
2.1,-0.215,0.717,0.0,0.0,0.501,0.047,4.27,0.001,0.616,349.498,22.3,0.62,22.402,0.335,0.651,0.05,0.77,0.215,-0.717
2.15,-0.261,0.729,0.0,0.0,0.481,0.047,4.269,0.001,0.626,353.782,22.437,0.627,23.187,0.334,0.648,0.049,0.768,0.261,-0.729
2.2,-0.265,0.707,0.0,0.0,0.459,0.051,4.269,0.001,0.637,415.463,21.863,0.639,23.667,0.315,0.624,0.045,0.76,0.265,-0.707
2.25,-0.22,0.727,0.0,0.0,0.448,0.054,4.27,0.001,0.643,451.308,21.571,0.643,23.845,0.303,0.61,0.043,0.754,0.22,-0.727
2.3,-0.242,0.745,0.0,0.0,0.448,0.059,4.27,0.002,0.69,548.078,21.29,0.69,23.709,0.279,0.579,0.04,0.741,0.242,-0.745
2.35,-0.269,0.733,0.0,0.0,0.433,0.054,4.273,0.001,0.673,459.579,21.853,0.675,24.643,0.299,0.601,0.041,0.75,0.269,-0.733
2.4,-0.218,0.821,0.0,0.0,0.422,0.058,4.272,0.002,0.661,514.8,21.169,0.663,24.17,0.285,0.583,0.039,0.741,0.218,-0.821
2.45,-0.21,0.806,0.0,0.0,0.413,0.052,4.27,0.001,0.687,408.682,22.491,0.686,24.609,0.311,0.61,0.04,0.754,0.21,-0.806
2.5,-0.177,0.801,0.0,0.0,0.402,0.047,4.268,0.001,0.62,333.087,22.492,0.62,22.687,0.333,0.632,0.041,0.761,0.177,-0.801
2.55,-0.18,0.861,0.0,0.0,0.392,0.045,4.267,0.001,0.616,314.502,22.73,0.616,22.427,0.34,0.637,0.041,0.763,0.18,-0.861
2.6,-0.196,0.936,0.0,0.0,0.375,0.045,4.267,0.001,0.634,313.502,22.983,0.635,23.955,0.343,0.636,0.04,0.763,0.196,-0.936
2.65,-0.051,0.07,0.0,0.0,0.396,0.042,4.267,0.001,0.642,274.435,23.692,0.643,24.801,0.359,0.649,0.041,0.766,0.051,-0.07
2.7,-0.053,0.852,0.0,0.0,0.344,0.046,4.269,0.001,0.646,331.791,22.952,0.647,24.713,0.34,0.629,0.038,0.761,0.053,-0.852
2.75,-2.642,-0.083,0.0,0.0,0.275,0.051,4.271,0.001,0.651,405.741,22.144,0.651,24.515,0.318,0.603,0.035,0.752,2.642,0.083
2.8,-2.648,0.007,0.0,0.0,0.276,0.057,4.271,0.002,0.63,508.874,20.865,0.631,22.722,0.293,0.572,0.033,0.739,2.648,-0.007
2.85,-2.68,-0.059,0.0,0.0,0.274,0.054,4.27,0.001,0.707,452.781,22.303,0.71,23.233,0.305,0.584,0.033,0.744,2.68,0.059
2.9,1.442,2.509,0.0,0.0,0.205,0.05,4.27,0.001,0.697,386.738,22.824,0.698,24.185,0.322,0.601,0.034,0.751,-1.442,-2.509
2.95,-2.577,0.005,0.0,0.0,0.273,0.05,4.268,0.001,0.676,385.264,22.565,0.678,25.018,0.324,0.6,0.033,0.75,2.577,-0.005
3.0,1.488,2.598,0.0,0.0,0.21,0.052,4.269,0.001,0.665,407.883,22.214,0.667,24.879,0.319,0.593,0.032,0.747,-1.488,-2.598
-3.0,0.876,-1.808,0.0,0.0,0.255,0.109,6.36,0.006,0.592,3260.026,14.676,0.596,17.117,0.066,0.393,0.024,0.742,-0.876,1.808
-2.95,0.895,-1.827,0.0,0.0,0.259,0.109,6.36,0.006,0.599,3221.637,14.84,0.604,17.216,0.067,0.396,0.024,0.741,-0.895,1.827
-2.9,-1.87,0.023,0.0,0.0,0.269,0.108,6.361,0.006,0.612,3213.616,15.062,0.616,17.294,0.067,0.399,0.025,0.742,1.87,-0.023
-2.85,0.861,-1.792,0.0,0.0,0.268,0.111,6.364,0.006,0.604,3414.125,14.731,0.608,17.18,0.067,0.4,0.025,0.743,-0.861,1.792
-2.8,-1.832,0.014,0.0,0.0,0.285,0.11,6.366,0.006,0.617,3416.547,14.945,0.62,17.226,0.068,0.402,0.026,0.743,1.832,-0.014
-2.75,-1.847,0.031,0.0,0.0,0.297,0.11,6.366,0.006,0.614,3364.174,14.953,0.616,17.264,0.069,0.406,0.026,0.743,1.847,-0.031
-2.7,-1.842,0.025,0.0,0.0,0.304,0.112,6.366,0.006,0.633,3496.333,15.036,0.635,17.12,0.069,0.405,0.027,0.743,1.842,-0.025
-2.65,-1.846,0.072,0.0,0.0,0.314,0.108,6.363,0.006,0.609,3192.229,15.056,0.612,17.35,0.07,0.413,0.028,0.742,1.846,-0.072
-2.6,-1.838,0.088,0.0,0.0,0.32,0.109,6.36,0.006,0.594,3216.124,14.761,0.596,17.236,0.07,0.414,0.028,0.742,1.838,-0.088
-2.55,-1.804,0.098,0.0,0.0,0.331,0.111,6.361,0.006,0.607,3373.18,14.753,0.612,17.253,0.071,0.415,0.029,0.743,1.804,-0.098
-2.5,-1.76,0.077,0.0,0.0,0.342,0.109,6.362,0.006,0.619,3296.843,15.061,0.624,17.334,0.072,0.421,0.03,0.743,1.76,-0.077
-2.45,-1.766,0.063,0.0,0.0,0.352,0.109,6.364,0.006,0.63,3336.137,15.2,0.635,17.288,0.073,0.425,0.031,0.744,1.766,-0.063
-2.4,-1.741,0.094,0.0,0.0,0.363,0.11,6.367,0.006,0.614,3388.814,14.955,0.616,17.339,0.074,0.428,0.031,0.745,1.741,-0.094
-2.35,-1.71,0.087,0.0,0.0,0.376,0.113,6.367,0.006,0.631,3569.668,14.957,0.635,17.183,0.073,0.429,0.032,0.747,1.71,-0.087
-2.3,-1.697,0.083,0.0,0.0,0.389,0.114,6.363,0.006,0.621,3577.496,14.745,0.624,17.217,0.074,0.432,0.033,0.748,1.697,-0.083
-2.25,-1.666,0.084,0.0,0.0,0.399,0.112,6.36,0.006,0.605,3406.15,14.681,0.608,17.289,0.074,0.438,0.034,0.749,1.666,-0.084
-2.2,-1.648,0.066,0.0,0.0,0.409,0.112,6.36,0.006,0.605,3410.92,14.682,0.608,17.304,0.074,0.442,0.035,0.749,1.648,-0.066
-2.15,-1.612,0.08,0.0,0.0,0.416,0.106,6.361,0.005,0.613,3108.797,15.221,0.616,17.518,0.076,0.452,0.036,0.749,1.612,-0.08
-2.1,-1.587,0.085,0.0,0.0,0.429,0.102,6.363,0.005,0.599,2903.62,15.354,0.604,17.597,0.077,0.46,0.038,0.749,1.587,-0.085
-2.05,-1.532,0.106,0.0,0.0,0.434,0.108,6.365,0.006,0.631,3259.118,15.346,0.635,17.428,0.076,0.46,0.039,0.751,1.532,-0.106
-2.0,0.61,-0.104,0.0,0.0,0.492,0.105,6.367,0.005,0.648,3086.918,15.83,0.651,17.348,0.076,0.467,0.04,0.75,-0.61,0.104
-1.95,0.595,-0.113,0.0,0.0,0.504,0.102,6.365,0.005,0.629,2916.765,15.783,0.631,17.649,0.077,0.474,0.042,0.749,-0.595,0.113
-1.9,0.574,-0.118,0.0,0.0,0.513,0.103,6.36,0.005,0.615,2915.105,15.523,0.62,17.701,0.078,0.478,0.043,0.749,-0.574,0.118
-1.85,0.564,-0.125,0.0,0.0,0.533,0.103,6.357,0.005,0.62,2868.016,15.615,0.624,17.722,0.079,0.482,0.044,0.749,-0.564,0.125
-1.8,0.547,-0.124,0.0,0.0,0.55,0.106,6.358,0.005,0.624,3055.875,15.392,0.627,17.617,0.079,0.484,0.045,0.75,-0.547,0.124
-1.75,0.531,-0.148,0.0,0.0,0.565,0.109,6.36,0.006,0.609,3262.724,14.92,0.612,17.539,0.08,0.487,0.046,0.752,-0.531,0.148
-1.7,0.513,-0.155,0.0,0.0,0.578,0.11,6.364,0.006,0.598,3328.966,14.738,0.6,17.481,0.082,0.492,0.048,0.753,-0.513,0.155
-1.65,0.495,-0.157,0.0,0.0,0.595,0.111,6.367,0.006,0.61,3465.223,14.799,0.612,17.519,0.085,0.498,0.05,0.754,-0.495,0.157
-1.6,0.471,-0.153,0.0,0.0,0.612,0.113,6.368,0.006,0.615,3592.992,14.719,0.62,17.483,0.087,0.502,0.052,0.755,-0.471,0.153
-1.55,0.461,-0.15,0.0,0.0,0.629,0.116,6.363,0.006,0.621,3721.553,14.583,0.624,17.404,0.089,0.506,0.053,0.756,-0.461,0.15
-1.5,0.437,-0.136,0.0,0.0,0.645,0.116,6.356,0.006,0.619,3635.998,14.547,0.624,17.448,0.093,0.512,0.055,0.756,-0.437,0.136
-1.45,0.401,-0.121,0.0,0.0,0.668,0.111,6.353,0.006,0.591,3268.286,14.561,0.596,17.521,0.097,0.525,0.059,0.756,-0.401,0.121
-1.4,0.372,-0.116,0.0,0.0,0.682,0.116,6.356,0.006,0.607,3628.607,14.383,0.612,17.49,0.1,0.528,0.06,0.757,-0.372,0.116
-1.35,0.342,-0.109,0.0,0.0,0.698,0.108,6.361,0.006,0.597,3220.641,14.833,0.6,17.703,0.105,0.543,0.064,0.757,-0.342,0.109
-1.3,0.329,-0.107,0.0,0.0,0.718,0.11,6.366,0.006,0.587,3367.936,14.564,0.588,17.552,0.108,0.551,0.067,0.759,-0.329,0.107
-1.25,0.307,-0.096,0.0,0.0,0.739,0.11,6.37,0.006,0.582,3445.458,14.46,0.584,17.481,0.112,0.561,0.07,0.761,-0.307,0.096
-1.2,0.267,-0.099,0.0,0.0,0.759,0.113,6.37,0.006,0.609,3644.514,14.623,0.612,17.678,0.115,0.569,0.073,0.764,-0.267,0.099
-1.15,0.229,-0.096,0.0,0.0,0.778,0.114,6.362,0.006,0.608,3635.055,14.509,0.612,17.677,0.12,0.58,0.076,0.767,-0.229,0.096
-1.1,-0.042,-0.088,0.0,0.0,0.881,0.116,6.355,0.006,0.617,3671.645,14.479,0.62,17.672,0.125,0.59,0.08,0.769,0.042,0.088
-1.05,-0.043,-0.088,0.0,0.0,0.892,0.114,6.353,0.006,0.62,3482.313,14.727,0.624,17.806,0.132,0.605,0.084,0.77,0.043,0.088
-1.0,-0.042,-0.086,0.0,0.0,0.902,0.113,6.356,0.006,0.611,3481.084,14.634,0.612,17.869,0.139,0.62,0.089,0.772,0.042,0.086
-0.95,-0.051,-0.077,0.0,0.0,0.912,0.114,6.362,0.006,0.605,3583.7,14.514,0.608,17.875,0.148,0.636,0.094,0.775,0.051,0.077
-0.9,-0.045,-0.081,0.0,0.0,0.917,0.118,6.369,0.007,0.623,3899.955,14.479,0.627,17.806,0.158,0.65,0.098,0.778,0.045,0.081
-0.85,-0.058,-0.077,0.0,0.0,0.921,0.112,6.372,0.006,0.591,3583.599,14.45,0.596,17.931,0.172,0.674,0.106,0.781,0.058,0.077
-0.8,-0.043,-0.075,0.0,0.0,0.928,0.116,6.369,0.007,0.621,3817.991,14.554,0.624,18.027,0.187,0.692,0.112,0.785,0.043,0.075
-0.75,-0.025,-0.073,0.0,0.0,0.937,0.115,6.354,0.006,0.627,3554.391,14.724,0.631,18.175,0.204,0.713,0.12,0.788,0.025,0.073
-0.7,-0.043,-0.078,0.0,0.0,0.942,0.114,6.344,0.006,0.616,3394.838,14.618,0.62,18.389,0.224,0.734,0.129,0.792,0.043,0.078
-0.65,-0.033,-0.078,0.0,0.0,0.949,0.117,6.347,0.006,0.615,3562.485,14.44,0.62,18.458,0.249,0.754,0.137,0.797,0.033,0.078
-0.6,-0.034,-0.072,0.0,0.0,0.96,0.117,6.357,0.006,0.611,3696.073,14.389,0.616,18.602,0.278,0.775,0.148,0.803,0.034,0.072
-0.55,-0.044,-0.069,0.0,0.0,0.963,0.118,6.371,0.007,0.605,3936.257,14.226,0.608,18.725,0.315,0.797,0.16,0.81,0.044,0.069
-0.5,-0.033,-0.062,0.0,0.0,0.97,0.114,6.382,0.006,0.599,3819.294,14.406,0.6,19.034,0.359,0.822,0.177,0.818,0.033,0.062
-0.45,-0.019,-0.058,0.0,0.0,0.977,0.118,6.387,0.007,0.604,4115.866,14.212,0.608,19.313,0.415,0.845,0.193,0.829,0.019,0.058
-0.4,-0.02,-0.051,0.0,0.0,0.983,0.113,6.374,0.006,0.584,3617.066,14.296,0.588,19.716,0.485,0.874,0.222,0.841,0.02,0.051
-0.35,-0.011,-0.049,0.0,0.0,0.989,0.115,6.34,0.006,0.625,3335.717,14.735,0.627,21.013,0.578,0.9,0.251,0.857,0.011,0.049
-0.3,-0.015,-0.039,0.0,0.0,0.989,0.113,6.324,0.006,0.628,3039.726,14.907,0.631,22.244,0.671,0.925,0.292,0.877,0.015,0.039
-0.25,-0.019,-0.029,0.0,0.0,0.994,0.112,6.33,0.006,0.632,3058.129,15.034,0.635,23.607,0.763,0.948,0.344,0.899,0.019,0.029
-0.2,-0.013,-0.021,0.0,0.0,0.992,0.111,6.354,0.006,0.625,3293.415,15.032,0.627,25.553,0.843,0.967,0.41,0.923,0.013,0.021
-0.15,-0.012,-0.014,0.0,0.0,0.992,0.114,6.398,0.006,0.626,4049.176,14.765,0.627,27.712,0.912,0.981,0.482,0.949,0.012,0.014
-0.1,-0.008,-0.008,0.0,0.0,0.995,0.116,6.46,0.007,0.603,4926.036,14.322,0.604,30.296,0.958,0.991,0.573,0.973,0.008,0.008
-0.05,-0.006,-0.004,0.0,0.0,0.999,0.12,6.537,0.008,0.601,6211.801,14.013,0.604,33.09,0.985,0.997,0.687,0.99,0.006,0.004
0.0,0.0,0.0,0.0,0.0,1.0,0.12,6.626,0.009,0.615,7243.727,14.218,0.616,100.0,1.0,1.0,1.0,1.0,0.0,0.0
0.05,0.011,0.0,0.0,0.0,0.998,0.116,6.537,0.008,0.619,5843.93,14.536,0.62,35.016,0.984,0.997,0.695,0.989,-0.011,0.0
0.1,0.016,0.006,0.0,0.0,1.0,0.115,6.459,0.007,0.624,4819.169,14.71,0.627,30.58,0.957,0.991,0.576,0.971,-0.016,-0.006
0.15,0.008,0.015,0.0,0.0,0.997,0.109,6.398,0.006,0.628,3667.051,15.234,0.631,27.523,0.906,0.981,0.492,0.947,-0.008,-0.015
0.2,0.021,0.023,0.0,0.0,1.001,0.11,6.354,0.006,0.63,3226.603,15.197,0.631,25.362,0.842,0.967,0.411,0.924,-0.021,-0.023
0.25,0.033,0.027,0.0,0.0,0.999,0.108,6.328,0.005,0.641,2836.234,15.508,0.643,23.271,0.758,0.949,0.35,0.899,-0.033,-0.027
0.3,0.042,0.033,0.0,0.0,0.996,0.109,6.323,0.006,0.633,2879.735,15.243,0.635,22.192,0.668,0.926,0.296,0.878,-0.042,-0.033
0.35,0.035,0.045,0.0,0.0,0.991,0.113,6.339,0.006,0.625,3273.857,14.84,0.627,21.045,0.577,0.9,0.253,0.859,-0.035,-0.045
0.4,0.053,0.044,0.0,0.0,0.988,0.112,6.373,0.006,0.618,3637.446,14.804,0.62,20.104,0.486,0.873,0.222,0.842,-0.053,-0.044
0.45,0.05,0.06,0.0,0.0,0.981,0.112,6.386,0.006,0.608,3739.872,14.719,0.612,19.52,0.413,0.846,0.198,0.829,-0.05,-0.06
0.5,0.048,0.069,0.0,0.0,0.975,0.113,6.381,0.006,0.61,3760.247,14.668,0.612,19.141,0.358,0.821,0.178,0.819,-0.048,-0.069
0.55,0.053,0.072,0.0,0.0,0.965,0.112,6.369,0.006,0.621,3585.542,14.889,0.624,18.918,0.313,0.798,0.163,0.811,-0.053,-0.072
0.6,0.061,0.079,0.0,0.0,0.955,0.111,6.355,0.006,0.619,3391.349,14.9,0.62,18.761,0.277,0.776,0.151,0.804,-0.061,-0.079
0.65,0.072,0.08,0.0,0.0,0.952,0.109,6.345,0.006,0.623,3162.024,15.108,0.624,18.654,0.247,0.755,0.141,0.798,-0.072,-0.08
0.7,0.074,0.081,0.0,0.0,0.945,0.112,6.343,0.006,0.631,3255.709,15.046,0.631,18.377,0.223,0.733,0.13,0.794,-0.074,-0.081
0.75,0.072,0.086,0.0,0.0,0.934,0.114,6.352,0.006,0.631,3532.075,14.836,0.631,18.15,0.203,0.711,0.121,0.791,-0.072,-0.086
0.8,0.075,0.085,0.0,0.0,0.926,0.116,6.367,0.007,0.634,3813.562,14.75,0.635,17.914,0.185,0.689,0.112,0.787,-0.075,-0.085
0.85,0.084,0.08,0.0,0.0,0.919,0.109,6.372,0.006,0.613,3440.424,14.963,0.616,18.145,0.171,0.673,0.108,0.783,-0.084,-0.08
0.9,0.088,0.081,0.0,0.0,0.917,0.113,6.369,0.006,0.622,3624.154,14.822,0.624,17.937,0.157,0.652,0.1,0.78,-0.088,-0.081
0.95,0.078,0.078,0.0,0.0,0.908,0.112,6.361,0.006,0.622,3514.539,14.867,0.624,17.904,0.146,0.634,0.094,0.777,-0.078,-0.078
1.0,0.074,0.083,0.0,0.0,0.902,0.11,6.355,0.006,0.609,3295.304,14.892,0.612,17.957,0.138,0.621,0.09,0.775,-0.074,-0.083
1.05,0.059,0.078,0.0,0.0,0.892,0.112,6.352,0.006,0.631,3414.241,15.0,0.631,17.766,0.131,0.605,0.085,0.773,-0.059,-0.078
1.1,0.057,0.077,0.0,0.0,0.882,0.112,6.353,0.006,0.628,3404.42,14.991,0.627,17.759,0.124,0.593,0.081,0.771,-0.057,-0.077
1.15,0.053,0.075,0.0,0.0,0.873,0.111,6.362,0.006,0.617,3433.646,14.938,0.62,17.786,0.119,0.582,0.078,0.768,-0.053,-0.075
1.2,0.05,0.069,0.0,0.0,0.855,0.112,6.369,0.006,0.604,3590.783,14.656,0.604,17.671,0.114,0.57,0.074,0.766,-0.05,-0.069
1.25,-0.276,0.083,0.0,0.0,0.734,0.111,6.369,0.006,0.601,3542.813,14.658,0.604,17.641,0.11,0.56,0.07,0.764,0.276,-0.083
1.3,-0.299,0.081,0.0,0.0,0.716,0.108,6.366,0.006,0.59,3285.591,14.762,0.592,17.621,0.106,0.552,0.067,0.762,0.299,-0.081
1.35,-0.32,0.093,0.0,0.0,0.694,0.107,6.361,0.006,0.582,3189.728,14.706,0.584,17.513,0.104,0.543,0.065,0.76,0.32,-0.093
1.4,-0.34,0.1,0.0,0.0,0.674,0.108,6.356,0.006,0.593,3170.64,14.818,0.596,17.633,0.101,0.533,0.062,0.759,0.34,-0.1
1.45,-0.364,0.103,0.0,0.0,0.66,0.112,6.352,0.006,0.603,3409.856,14.597,0.604,17.536,0.095,0.52,0.058,0.758,0.364,-0.103
1.5,-0.391,0.115,0.0,0.0,0.643,0.112,6.355,0.006,0.611,3408.218,14.745,0.612,17.553,0.093,0.513,0.056,0.757,0.391,-0.115
1.55,-0.433,0.131,0.0,0.0,0.623,0.113,6.363,0.006,0.614,3571.141,14.696,0.616,17.479,0.09,0.505,0.054,0.755,0.433,-0.131
1.6,-0.444,0.132,0.0,0.0,0.605,0.117,6.367,0.007,0.63,3892.051,14.597,0.631,17.246,0.085,0.493,0.051,0.754,0.444,-0.132
1.65,-0.466,0.148,0.0,0.0,0.589,0.117,6.368,0.007,0.632,3852.131,14.671,0.635,17.23,0.083,0.486,0.049,0.753,0.466,-0.148
1.7,-0.51,0.14,0.0,0.0,0.573,0.114,6.365,0.006,0.612,3622.769,14.604,0.612,17.379,0.081,0.483,0.047,0.752,0.51,-0.14
1.75,-0.08,0.618,0.0,0.0,0.564,0.11,6.362,0.006,0.603,3334.589,14.771,0.604,17.462,0.08,0.48,0.046,0.751,0.08,-0.618
1.8,-0.525,0.147,0.0,0.0,0.542,0.107,6.361,0.006,0.622,3162.884,15.253,0.624,17.562,0.079,0.477,0.045,0.751,0.525,-0.147
1.85,-0.546,0.157,0.0,0.0,0.524,0.105,6.36,0.005,0.625,3012.907,15.481,0.627,17.617,0.079,0.474,0.044,0.75,0.546,-0.157
1.9,-0.562,0.143,0.0,0.0,0.508,0.104,6.362,0.005,0.618,2987.915,15.456,0.62,17.645,0.079,0.47,0.043,0.75,0.562,-0.143
1.95,-0.585,0.135,0.0,0.0,0.489,0.1,6.367,0.005,0.623,2807.856,15.866,0.624,17.742,0.079,0.468,0.042,0.748,0.585,-0.135
2.0,-0.115,1.32,0.0,0.0,0.401,0.102,6.368,0.005,0.623,2927.493,15.711,0.624,17.678,0.079,0.463,0.041,0.748,0.115,-1.32
2.05,-0.089,1.326,0.0,0.0,0.39,0.104,6.367,0.005,0.625,3034.021,15.575,0.627,17.593,0.078,0.457,0.039,0.748,0.089,-1.326
2.1,-0.088,1.353,0.0,0.0,0.375,0.104,6.364,0.005,0.636,2995.532,15.729,0.639,17.512,0.079,0.454,0.038,0.747,0.088,-1.353
2.15,1.663,-0.05,0.0,0.0,0.422,0.104,6.363,0.005,0.628,3004.793,15.59,0.631,17.548,0.078,0.45,0.037,0.746,-1.663,0.05
2.2,-0.079,1.395,0.0,0.0,0.364,0.106,6.361,0.005,0.628,3060.676,15.463,0.631,17.493,0.077,0.444,0.035,0.745,0.079,-1.395
2.25,-0.078,1.406,0.0,0.0,0.354,0.112,6.362,0.006,0.635,3423.091,15.081,0.635,17.228,0.076,0.435,0.034,0.746,0.078,-1.406
2.3,1.735,-0.08,0.0,0.0,0.392,0.115,6.366,0.006,0.615,3618.153,14.59,0.616,17.202,0.075,0.429,0.033,0.745,-1.735,0.08
2.35,1.784,-0.112,0.0,0.0,0.381,0.112,6.367,0.006,0.614,3449.838,14.816,0.616,17.298,0.076,0.429,0.032,0.744,-1.784,0.112
2.4,1.878,-0.813,0.0,0.0,0.327,0.113,6.367,0.006,0.616,3533.905,14.739,0.62,17.246,0.075,0.425,0.031,0.744,-1.878,0.813
2.45,1.816,-0.146,0.0,0.0,0.359,0.111,6.365,0.006,0.617,3391.084,14.906,0.62,17.304,0.074,0.424,0.03,0.744,-1.816,0.146
2.5,1.818,-0.154,0.0,0.0,0.345,0.112,6.362,0.006,0.618,3421.126,14.848,0.62,17.264,0.074,0.42,0.03,0.743,-1.818,0.154
2.55,1.845,-0.14,0.0,0.0,0.333,0.109,6.361,0.006,0.61,3243.652,14.932,0.612,17.34,0.075,0.42,0.029,0.742,-1.845,0.14
2.6,1.853,-0.169,0.0,0.0,0.323,0.108,6.361,0.006,0.6,3143.622,14.934,0.604,17.341,0.074,0.419,0.029,0.741,-1.853,0.169
2.65,1.861,-0.16,0.0,0.0,0.31,0.105,6.364,0.005,0.577,3044.623,14.762,0.58,17.107,0.074,0.419,0.028,0.739,-1.861,0.16
2.7,1.866,-0.149,0.0,0.0,0.304,0.11,6.367,0.006,0.608,3376.808,14.81,0.612,17.247,0.072,0.413,0.027,0.74,-1.866,0.149
2.75,1.888,-0.152,0.0,0.0,0.29,0.112,6.368,0.006,0.612,3493.378,14.736,0.616,17.181,0.07,0.409,0.026,0.74,-1.888,0.152
2.8,1.965,-0.844,0.0,0.0,0.279,0.113,6.367,0.006,0.608,3572.186,14.578,0.612,17.12,0.07,0.405,0.025,0.739,-1.965,0.844
2.85,1.992,-0.879,0.0,0.0,0.274,0.111,6.364,0.006,0.605,3388.241,14.751,0.608,17.193,0.069,0.406,0.025,0.738,-1.992,0.879
2.9,1.912,-0.078,0.0,0.0,0.267,0.114,6.361,0.006,0.605,3536.877,14.53,0.608,17.088,0.068,0.401,0.024,0.739,-1.912,0.078
2.95,1.913,-0.063,0.0,0.0,0.259,0.111,6.361,0.006,0.6,3341.611,14.691,0.604,17.155,0.068,0.403,0.024,0.737,-1.913,0.063
3.0,1.945,-0.051,0.0,0.0,0.254,0.114,6.361,0.006,0.605,3519.269,14.531,0.608,17.07,0.067,0.398,0.023,0.738,-1.945,0.051
-3.0,-1.546,1.486,0.0,0.0,0.233,0.145,7.002,0.017,0.559,7713.029,11.738,0.561,13.293,0.029,0.197,0.011,0.754,1.546,-1.486
-2.95,0.797,2.481,0.0,0.0,0.246,0.147,7.001,0.018,0.571,7907.27,11.817,0.576,13.314,0.029,0.196,0.011,0.754,-0.797,-2.481
-2.9,-0.836,0.278,0.0,0.0,0.313,0.143,7.003,0.017,0.547,7535.693,11.661,0.549,13.251,0.029,0.199,0.011,0.754,0.836,-0.278
-2.85,0.815,0.874,0.0,0.0,0.327,0.139,7.005,0.016,0.554,7229.013,11.996,0.557,13.4,0.028,0.2,0.011,0.755,-0.815,-0.874
-2.8,-0.781,0.777,0.0,0.0,0.34,0.14,7.009,0.016,0.557,7355.227,11.976,0.561,13.395,0.027,0.2,0.012,0.756,0.781,-0.777
-2.75,-0.774,0.754,0.0,0.0,0.347,0.143,7.012,0.017,0.549,7649.531,11.683,0.553,13.263,0.026,0.198,0.012,0.756,0.774,-0.754
-2.7,-0.767,0.75,0.0,0.0,0.353,0.145,7.009,0.017,0.556,7808.011,11.697,0.561,13.277,0.025,0.197,0.012,0.757,0.767,-0.75
-2.65,-0.755,0.737,0.0,0.0,0.36,0.147,7.005,0.018,0.548,7987.281,11.43,0.553,13.154,0.024,0.195,0.013,0.757,0.755,-0.737
-2.6,-0.769,0.718,0.0,0.0,0.374,0.147,7.002,0.018,0.555,7956.369,11.524,0.557,13.198,0.023,0.194,0.013,0.756,0.769,-0.718
-2.55,-0.739,0.71,0.0,0.0,0.379,0.146,7.003,0.017,0.555,7823.362,11.593,0.557,13.228,0.022,0.195,0.013,0.756,0.739,-0.71
-2.5,-0.728,0.702,0.0,0.0,0.388,0.147,7.005,0.018,0.567,7967.661,11.725,0.569,13.276,0.02,0.195,0.014,0.756,0.728,-0.702
-2.45,-0.726,0.699,0.0,0.0,0.398,0.149,7.008,0.018,0.553,8223.451,11.413,0.557,13.144,0.019,0.194,0.014,0.757,0.726,-0.699
-2.4,-0.73,0.711,0.0,0.0,0.409,0.142,7.01,0.016,0.562,7516.515,11.963,0.565,13.382,0.019,0.199,0.015,0.757,0.73,-0.711
-2.35,-0.719,0.7,0.0,0.0,0.42,0.141,7.01,0.016,0.55,7425.534,11.832,0.553,13.317,0.017,0.2,0.015,0.757,0.719,-0.7
-2.3,-0.73,0.692,0.0,0.0,0.434,0.144,7.005,0.017,0.549,7641.54,11.648,0.553,13.236,0.016,0.2,0.016,0.758,0.73,-0.692
-2.25,-0.705,0.685,0.0,0.0,0.447,0.148,7.0,0.018,0.539,8034.235,11.233,0.541,13.034,0.014,0.198,0.016,0.758,0.705,-0.685
-2.2,-0.706,0.663,0.0,0.0,0.456,0.148,6.999,0.018,0.534,7978.146,11.166,0.537,12.988,0.013,0.199,0.017,0.758,0.706,-0.663
-2.15,-0.695,0.637,0.0,0.0,0.464,0.146,7.002,0.017,0.541,7805.842,11.377,0.545,13.095,0.013,0.202,0.018,0.759,0.695,-0.637
-2.1,-0.689,0.631,0.0,0.0,0.479,0.148,7.006,0.018,0.555,8064.384,11.499,0.557,13.168,0.012,0.204,0.018,0.758,0.689,-0.631
-2.05,-0.678,0.631,0.0,0.0,0.492,0.147,7.01,0.018,0.555,8026.367,11.543,0.557,13.189,0.012,0.208,0.019,0.759,0.678,-0.631
-2.0,-0.646,0.607,0.0,0.0,0.504,0.146,7.013,0.017,0.568,7956.454,11.811,0.573,13.295,0.012,0.212,0.02,0.759,0.646,-0.607
-1.95,-0.618,0.073,0.0,0.0,0.549,0.147,7.013,0.018,0.541,8075.445,11.309,0.545,13.066,0.012,0.216,0.021,0.76,0.618,-0.073
-1.9,-0.617,0.06,0.0,0.0,0.565,0.148,7.006,0.018,0.551,8065.56,11.422,0.553,13.137,0.013,0.221,0.021,0.761,0.617,-0.06
-1.85,-0.626,0.547,0.0,0.0,0.542,0.144,7.001,0.017,0.556,7552.094,11.747,0.561,13.286,0.014,0.23,0.023,0.761,0.626,-0.547
-1.8,-0.585,0.066,0.0,0.0,0.6,0.15,7.001,0.018,0.556,8216.762,11.382,0.561,13.131,0.014,0.235,0.023,0.761,0.585,-0.066
-1.75,-0.566,0.064,0.0,0.0,0.617,0.145,7.005,0.017,0.563,7730.026,11.796,0.569,13.318,0.016,0.248,0.025,0.762,0.566,-0.064
-1.7,-0.542,0.053,0.0,0.0,0.631,0.145,7.009,0.017,0.561,7797.707,11.765,0.565,13.313,0.017,0.258,0.026,0.763,0.542,-0.053
-1.65,-0.007,0.5,0.0,0.0,0.645,0.145,7.014,0.017,0.558,7867.068,11.733,0.561,13.309,0.019,0.27,0.027,0.763,0.007,-0.5
-1.6,-0.02,0.063,0.0,0.0,0.715,0.145,7.016,0.017,0.554,7916.629,11.649,0.557,13.284,0.022,0.283,0.029,0.764,0.02,-0.063
-1.55,-0.023,0.064,0.0,0.0,0.736,0.146,7.011,0.018,0.548,8002.625,11.461,0.549,13.209,0.024,0.295,0.03,0.766,0.023,-0.064
-1.5,-0.029,0.064,0.0,0.0,0.754,0.143,7.001,0.017,0.572,7501.678,12.024,0.576,13.466,0.028,0.311,0.032,0.767,0.029,-0.064
-1.45,-0.022,0.059,0.0,0.0,0.775,0.14,6.996,0.016,0.553,7107.672,11.91,0.557,13.445,0.032,0.328,0.034,0.767,0.022,-0.059
-1.4,-0.032,0.061,0.0,0.0,0.799,0.142,6.998,0.017,0.56,7322.773,11.906,0.565,13.472,0.037,0.345,0.036,0.768,0.032,-0.061
-1.35,-0.029,0.06,0.0,0.0,0.818,0.148,7.004,0.018,0.551,7952.816,11.439,0.553,13.292,0.042,0.36,0.037,0.769,0.029,-0.06
-1.3,-0.029,0.055,0.0,0.0,0.839,0.146,7.01,0.017,0.545,7848.629,11.474,0.549,13.326,0.049,0.381,0.04,0.77,0.029,-0.055
-1.25,-0.025,0.056,0.0,0.0,0.857,0.147,7.014,0.018,0.56,8134.247,11.588,0.565,13.427,0.057,0.401,0.042,0.772,0.025,-0.056
-1.2,-0.009,0.051,0.0,0.0,0.873,0.145,7.015,0.017,0.568,7883.428,11.868,0.573,13.586,0.066,0.424,0.045,0.773,0.009,-0.051
-1.15,-0.01,0.037,0.0,0.0,0.885,0.143,7.007,0.017,0.547,7609.859,11.637,0.549,13.522,0.075,0.446,0.048,0.775,0.01,-0.037
-1.1,-0.004,0.031,0.0,0.0,0.899,0.142,6.996,0.017,0.551,7338.841,11.777,0.553,13.648,0.086,0.469,0.052,0.777,0.004,-0.031
-1.05,0.001,0.031,0.0,0.0,0.91,0.143,6.994,0.017,0.543,7409.743,11.573,0.545,13.6,0.099,0.492,0.055,0.779,-0.001,-0.031
-1.0,0.005,0.027,0.0,0.0,0.917,0.148,7.0,0.018,0.558,7952.678,11.541,0.561,13.686,0.113,0.514,0.058,0.781,-0.005,-0.027
-0.95,0.007,0.027,0.0,0.0,0.922,0.146,7.009,0.017,0.562,7883.689,11.701,0.565,13.832,0.129,0.542,0.063,0.783,-0.007,-0.027
-0.9,0.004,0.022,0.0,0.0,0.927,0.149,7.019,0.018,0.562,8297.8,11.565,0.565,13.86,0.148,0.568,0.067,0.784,-0.004,-0.022
-0.85,0.012,0.017,0.0,0.0,0.933,0.144,7.025,0.017,0.545,7941.093,11.533,0.549,13.911,0.169,0.599,0.074,0.786,-0.012,-0.017
-0.8,0.015,0.017,0.0,0.0,0.939,0.145,7.02,0.017,0.568,7988.488,11.842,0.573,14.215,0.193,0.629,0.08,0.788,-0.015,-0.017
-0.75,0.017,0.012,0.0,0.0,0.947,0.149,7.001,0.018,0.559,8161.344,11.457,0.561,14.218,0.222,0.657,0.086,0.79,-0.017,-0.012
-0.7,0.017,0.02,0.0,0.0,0.953,0.141,6.988,0.016,0.602,7114.449,12.581,0.604,14.767,0.252,0.689,0.096,0.793,-0.017,-0.02
-0.65,0.013,0.024,0.0,0.0,0.958,0.134,6.989,0.015,0.571,6416.84,12.58,0.573,15.081,0.284,0.719,0.107,0.795,-0.013,-0.024
-0.6,0.011,0.021,0.0,0.0,0.962,0.139,7.0,0.016,0.584,7083.653,12.443,0.588,15.243,0.323,0.747,0.116,0.801,-0.011,-0.021
-0.55,0.006,0.024,0.0,0.0,0.966,0.148,7.017,0.018,0.544,8268.115,11.289,0.545,14.932,0.364,0.772,0.126,0.809,-0.006,-0.024
-0.5,0.003,0.021,0.0,0.0,0.975,0.152,7.032,0.019,0.556,8905.669,11.269,0.561,15.288,0.412,0.8,0.14,0.817,-0.003,-0.021
-0.45,0.003,0.02,0.0,0.0,0.98,0.146,7.039,0.018,0.561,8320.451,11.662,0.565,15.861,0.466,0.831,0.16,0.827,-0.003,-0.02
-0.4,0.005,0.024,0.0,0.0,0.981,0.144,7.024,0.017,0.56,7750.31,11.828,0.565,16.505,0.536,0.863,0.186,0.84,-0.005,-0.024
-0.35,0.01,0.018,0.0,0.0,0.988,0.148,6.982,0.018,0.566,7621.629,11.65,0.569,17.438,0.626,0.891,0.214,0.859,-0.01,-0.018
-0.3,0.011,0.015,0.0,0.0,0.992,0.148,6.962,0.018,0.57,7303.453,11.706,0.573,18.72,0.716,0.918,0.253,0.879,-0.011,-0.015
-0.25,0.01,0.015,0.0,0.0,0.995,0.149,6.969,0.018,0.57,7504.766,11.664,0.573,20.209,0.8,0.942,0.302,0.901,-0.01,-0.015
-0.2,0.011,0.011,0.0,0.0,0.997,0.149,7.002,0.018,0.559,8154.678,11.457,0.561,21.612,0.872,0.963,0.365,0.925,-0.011,-0.011
-0.15,0.009,0.009,0.0,0.0,0.998,0.154,7.057,0.02,0.549,9739.155,11.03,0.553,22.843,0.929,0.978,0.442,0.949,-0.009,-0.009
-0.1,0.005,0.009,0.0,0.0,0.997,0.161,7.132,0.022,0.555,12093.658,10.764,0.557,25.31,0.969,0.988,0.539,0.972,-0.005,-0.009
-0.05,0.002,0.0,0.0,0.0,0.999,0.162,7.225,0.022,0.565,14016.351,10.871,0.573,28.895,0.99,0.996,0.677,0.991,-0.002,0.0
0.0,0.0,0.0,0.0,0.0,1.0,0.161,7.333,0.023,0.594,15825.849,11.342,0.6,100.0,1.0,1.0,1.0,1.0,0.0,0.0
0.05,-0.001,-0.004,0.0,0.0,0.999,0.158,7.225,0.021,0.57,13414.891,11.137,0.576,29.916,0.99,0.997,0.682,0.991,0.001,0.004
0.1,0.001,-0.006,0.0,0.0,0.997,0.153,7.132,0.02,0.564,10952.207,11.326,0.565,26.274,0.968,0.991,0.548,0.973,-0.001,0.006
0.15,-0.003,-0.016,0.0,0.0,0.997,0.149,7.057,0.018,0.573,9111.94,11.675,0.576,24.427,0.93,0.98,0.446,0.949,0.003,0.016
0.2,0.001,-0.022,0.0,0.0,0.993,0.141,7.002,0.016,0.554,7241.771,11.88,0.557,21.378,0.866,0.965,0.373,0.923,-0.001,0.022
0.25,0.001,-0.025,0.0,0.0,0.991,0.143,6.97,0.017,0.577,6960.34,12.091,0.58,20.418,0.798,0.944,0.306,0.9,-0.001,0.025
0.3,-0.001,-0.031,0.0,0.0,0.986,0.145,6.963,0.017,0.566,6957.422,11.846,0.569,18.71,0.714,0.919,0.255,0.878,0.001,0.031
0.35,0.006,-0.034,0.0,0.0,0.979,0.148,6.983,0.018,0.567,7615.991,11.646,0.569,17.441,0.626,0.89,0.214,0.859,-0.006,0.034
0.4,-0.003,-0.036,0.0,0.0,0.97,0.144,7.025,0.017,0.559,7843.658,11.75,0.561,16.462,0.536,0.861,0.186,0.84,0.003,0.036
0.45,-0.002,-0.033,0.0,0.0,0.963,0.143,7.04,0.017,0.559,7876.937,11.863,0.561,15.93,0.465,0.83,0.161,0.827,0.002,0.033
0.5,0.0,-0.035,0.0,0.0,0.957,0.147,7.033,0.018,0.548,8335.42,11.411,0.549,15.296,0.411,0.799,0.141,0.818,0.0,0.035
0.55,0.002,-0.033,0.0,0.0,0.949,0.146,7.018,0.017,0.56,8046.212,11.647,0.561,15.164,0.365,0.771,0.126,0.81,-0.002,0.033
0.6,0.0,-0.029,0.0,0.0,0.943,0.143,7.002,0.017,0.582,7479.46,12.168,0.584,15.14,0.324,0.744,0.115,0.804,0.0,0.029
0.65,0.011,-0.028,0.0,0.0,0.937,0.132,6.992,0.014,0.574,6210.607,12.763,0.576,15.151,0.284,0.718,0.107,0.795,-0.011,0.028
0.7,0.017,-0.023,0.0,0.0,0.93,0.144,6.99,0.017,0.558,7396.299,11.747,0.561,14.53,0.253,0.688,0.095,0.794,-0.017,0.023
0.75,0.015,-0.022,0.0,0.0,0.926,0.144,7.002,0.017,0.557,7574.443,11.744,0.561,14.333,0.221,0.659,0.087,0.791,-0.015,0.022
0.8,0.017,-0.021,0.0,0.0,0.92,0.144,7.022,0.017,0.572,7857.95,11.973,0.576,14.266,0.194,0.63,0.08,0.788,-0.017,0.021
0.85,0.018,-0.028,0.0,0.0,0.916,0.147,7.025,0.018,0.55,8231.336,11.458,0.553,13.899,0.169,0.599,0.074,0.787,-0.018,0.028
0.9,0.014,-0.037,0.0,0.0,0.915,0.149,7.021,0.018,0.567,8315.839,11.632,0.569,13.883,0.148,0.57,0.067,0.785,-0.014,0.037
0.95,0.012,-0.04,0.0,0.0,0.909,0.148,7.012,0.018,0.551,8141.362,11.399,0.553,13.687,0.129,0.543,0.063,0.782,-0.012,0.04
1.0,0.01,-0.043,0.0,0.0,0.902,0.143,7.002,0.017,0.559,7475.077,11.82,0.561,13.803,0.113,0.519,0.059,0.78,-0.01,0.043
1.05,0.014,-0.045,0.0,0.0,0.897,0.146,6.997,0.017,0.537,7639.981,11.34,0.541,13.477,0.098,0.493,0.055,0.779,-0.014,0.045
1.1,0.014,-0.052,0.0,0.0,0.889,0.145,6.998,0.017,0.534,7622.902,11.331,0.537,13.404,0.086,0.47,0.051,0.778,-0.014,0.052
1.15,0.007,-0.052,0.0,0.0,0.881,0.145,7.01,0.017,0.564,7838.826,11.773,0.569,13.594,0.075,0.447,0.048,0.776,-0.007,0.052
1.2,0.007,-0.061,0.0,0.0,0.87,0.148,7.018,0.018,0.553,8267.279,11.429,0.557,13.393,0.065,0.424,0.045,0.774,-0.007,0.061
1.25,0.009,-0.065,0.0,0.0,0.853,0.143,7.018,0.017,0.581,7602.414,12.196,0.584,13.649,0.056,0.405,0.043,0.771,-0.009,0.065
1.3,0.012,-0.062,0.0,0.0,0.838,0.147,7.012,0.018,0.551,7993.143,11.467,0.553,13.329,0.048,0.381,0.04,0.771,-0.012,0.062
1.35,0.009,-0.059,0.0,0.0,0.819,0.143,7.007,0.017,0.557,7473.735,11.792,0.561,13.445,0.041,0.364,0.038,0.769,-0.009,0.059
1.4,0.01,-0.062,0.0,0.0,0.797,0.146,7.002,0.017,0.546,7692.593,11.463,0.549,13.265,0.035,0.344,0.035,0.768,-0.01,0.062
1.45,0.011,-0.067,0.0,0.0,0.774,0.148,6.999,0.018,0.559,7847.222,11.552,0.561,13.293,0.03,0.325,0.033,0.768,-0.011,0.067
1.5,0.014,-0.074,0.0,0.0,0.753,0.147,7.003,0.018,0.558,7830.197,11.593,0.561,13.29,0.026,0.31,0.032,0.767,-0.014,0.074
1.55,0.028,-0.424,0.0,0.0,0.669,0.147,7.013,0.018,0.56,8047.343,11.604,0.565,13.277,0.023,0.296,0.03,0.767,-0.028,0.424
1.6,0.015,-0.076,0.0,0.0,0.711,0.145,7.019,0.017,0.559,7907.176,11.713,0.561,13.311,0.021,0.284,0.029,0.766,-0.015,0.076
1.65,0.551,-0.449,0.0,0.0,0.587,0.155,7.018,0.02,0.553,9002.459,11.057,0.557,13.007,0.018,0.266,0.027,0.766,-0.551,0.449
1.7,0.581,-0.474,0.0,0.0,0.57,0.144,7.012,0.017,0.545,7733.75,11.539,0.549,13.206,0.017,0.261,0.026,0.765,-0.581,0.474
1.75,0.592,-0.491,0.0,0.0,0.559,0.15,7.007,0.018,0.55,8229.972,11.279,0.553,13.092,0.015,0.247,0.024,0.764,-0.592,0.491
1.8,0.613,-0.506,0.0,0.0,0.547,0.148,7.003,0.018,0.547,7882.691,11.377,0.549,13.126,0.014,0.239,0.023,0.763,-0.613,0.506
1.85,0.63,-0.501,0.0,0.0,0.529,0.148,7.005,0.018,0.551,7910.075,11.445,0.553,13.157,0.013,0.231,0.022,0.762,-0.63,0.501
1.9,0.65,-0.517,0.0,0.0,0.515,0.144,7.009,0.017,0.541,7589.539,11.49,0.545,13.151,0.013,0.226,0.022,0.761,-0.65,0.517
1.95,0.661,-0.542,0.0,0.0,0.502,0.149,7.015,0.018,0.542,8185.99,11.229,0.545,13.041,0.012,0.217,0.02,0.761,-0.661,0.542
2.0,0.674,-0.541,0.0,0.0,0.489,0.15,7.017,0.018,0.549,8326.984,11.292,0.553,13.08,0.012,0.212,0.02,0.76,-0.674,0.541
2.05,0.685,-0.544,0.0,0.0,0.475,0.155,7.015,0.02,0.539,8841.754,10.846,0.541,12.864,0.012,0.205,0.019,0.76,-0.685,0.544
2.1,0.686,-0.553,0.0,0.0,0.459,0.151,7.009,0.019,0.533,8381.41,10.96,0.537,12.902,0.013,0.204,0.018,0.76,-0.686,0.553
2.15,0.694,-0.579,0.0,0.0,0.452,0.146,7.003,0.017,0.539,7715.871,11.378,0.541,13.098,0.014,0.205,0.018,0.76,-0.694,0.579
2.2,0.691,-0.608,0.0,0.0,0.442,0.147,7.001,0.018,0.537,7884.261,11.24,0.541,13.037,0.015,0.203,0.017,0.759,-0.691,0.608
2.25,0.685,-0.611,0.0,0.0,0.431,0.148,7.003,0.018,0.538,7929.892,11.231,0.541,13.034,0.015,0.202,0.016,0.758,-0.685,0.611
2.3,0.697,-0.633,0.0,0.0,0.422,0.149,7.009,0.018,0.545,8153.311,11.269,0.549,13.073,0.017,0.201,0.016,0.757,-0.697,0.633
2.35,-0.745,-0.715,0.0,0.0,0.41,0.15,7.013,0.018,0.552,8327.6,11.322,0.553,13.107,0.017,0.199,0.015,0.757,0.745,0.715
2.4,-0.745,-0.715,0.0,0.0,0.4,0.141,7.013,0.016,0.551,7391.781,11.823,0.553,13.325,0.02,0.203,0.015,0.755,0.745,0.715
2.45,-0.757,-0.715,0.0,0.0,0.392,0.148,7.011,0.018,0.547,8129.475,11.329,0.549,13.107,0.019,0.198,0.014,0.756,0.757,0.715
2.5,-0.773,-0.722,0.0,0.0,0.38,0.145,7.008,0.017,0.557,7687.662,11.715,0.561,13.285,0.021,0.2,0.014,0.756,0.773,0.722
2.55,0.695,-0.715,0.0,0.0,0.376,0.145,7.005,0.017,0.537,7678.496,11.373,0.537,13.103,0.022,0.2,0.013,0.756,-0.695,0.715
2.6,-0.801,-0.756,0.0,0.0,0.362,0.146,7.005,0.017,0.537,7813.798,11.302,0.541,13.076,0.022,0.199,0.013,0.756,0.801,0.756
2.65,0.696,-0.76,0.0,0.0,0.354,0.152,7.009,0.019,0.536,8457.5,10.974,0.537,12.935,0.023,0.196,0.012,0.756,-0.696,0.76
2.7,0.712,-0.762,0.0,0.0,0.344,0.146,7.012,0.018,0.539,7943.072,11.333,0.541,13.1,0.025,0.199,0.012,0.756,-0.712,0.762
2.75,0.736,-0.778,0.0,0.0,0.339,0.147,7.015,0.018,0.547,8091.287,11.386,0.549,13.139,0.025,0.198,0.012,0.755,-0.736,0.778
2.8,0.74,-0.79,0.0,0.0,0.333,0.152,7.015,0.019,0.56,8641.379,11.308,0.561,13.108,0.025,0.196,0.011,0.755,-0.74,0.79
2.85,0.768,-0.798,0.0,0.0,0.324,0.146,7.012,0.017,0.56,7844.134,11.691,0.561,13.281,0.027,0.199,0.011,0.754,-0.768,0.798
2.9,0.787,-0.822,0.0,0.0,0.319,0.145,7.009,0.017,0.551,7751.695,11.568,0.553,13.225,0.028,0.199,0.011,0.754,-0.787,0.822
2.95,0.82,-0.832,0.0,0.0,0.304,0.145,7.005,0.017,0.546,7647.269,11.516,0.549,13.197,0.029,0.199,0.011,0.756,-0.82,0.832
3.0,0.841,-0.817,0.0,0.0,0.295,0.147,7.005,0.018,0.558,7864.404,11.588,0.561,13.238,0.029,0.198,0.01,0.757,-0.841,0.817
-3.0,-3.107,0.215,0.0,0.0,0.312,0.129,6.737,0.003,0.499,679.541,11.728,0.49,18.48,0.205,0.5,0.053,0.73,3.107,-0.215
-2.95,-3.7,0.771,0.0,0.0,0.265,0.131,6.737,0.003,0.504,695.708,11.728,0.494,18.47,0.205,0.504,0.054,0.731,3.7,-0.771
-2.9,-3.692,0.786,0.0,0.0,0.272,0.133,6.737,0.004,0.512,720.56,11.728,0.502,18.413,0.207,0.508,0.055,0.732,3.692,-0.786
-2.85,-3.822,1.267,0.0,0.0,0.23,0.133,6.737,0.004,0.514,732.644,11.722,0.506,18.405,0.209,0.513,0.056,0.732,3.822,-1.267
-2.8,-3.787,-0.277,0.0,0.0,0.238,0.131,6.738,0.003,0.506,715.682,11.723,0.498,18.538,0.212,0.52,0.058,0.733,3.787,0.277
-2.75,-3.999,0.561,0.0,0.0,0.216,0.134,6.738,0.004,0.517,748.165,11.718,0.506,18.425,0.213,0.524,0.058,0.734,3.999,-0.561
-2.7,-4.011,0.583,0.0,0.0,0.212,0.133,6.738,0.004,0.514,733.835,11.724,0.506,18.509,0.216,0.53,0.06,0.735,4.011,-0.583
-2.65,-1.08,0.098,0.0,0.0,0.359,0.133,6.738,0.004,0.514,723.687,11.728,0.506,18.549,0.219,0.536,0.061,0.736,1.08,-0.098
-2.6,-4.006,0.613,0.0,0.0,0.206,0.134,6.737,0.004,0.517,724.368,11.726,0.506,18.544,0.221,0.542,0.063,0.737,4.006,-0.613
-2.55,-3.393,0.749,0.0,0.0,0.258,0.133,6.737,0.004,0.514,717.076,11.728,0.506,18.627,0.225,0.548,0.064,0.739,3.393,-0.749
-2.5,-1.067,0.068,0.0,0.0,0.399,0.133,6.738,0.004,0.514,723.512,11.725,0.506,18.665,0.228,0.555,0.066,0.74,1.067,-0.068
-2.45,-1.045,0.079,0.0,0.0,0.41,0.134,6.738,0.004,0.517,739.312,11.718,0.506,18.659,0.231,0.561,0.067,0.741,1.045,-0.079
-2.4,-1.025,0.077,0.0,0.0,0.424,0.133,6.739,0.004,0.514,731.752,11.72,0.506,18.751,0.236,0.569,0.069,0.742,1.025,-0.077
-2.35,-0.995,0.05,0.0,0.0,0.437,0.133,6.738,0.004,0.514,731.369,11.72,0.506,18.8,0.24,0.576,0.071,0.744,0.995,-0.05
-2.3,-0.089,-0.066,0.0,0.0,0.437,0.132,6.738,0.004,0.509,713.641,11.724,0.502,18.932,0.246,0.584,0.073,0.745,0.089,0.066
-2.25,-1.013,0.084,0.0,0.0,0.472,0.133,6.738,0.004,0.512,710.598,11.729,0.502,18.957,0.25,0.59,0.075,0.746,1.013,-0.084
-2.2,-0.097,-0.03,0.0,0.0,0.47,0.132,6.738,0.003,0.509,704.539,11.728,0.502,19.049,0.256,0.598,0.077,0.747,0.097,0.03
-2.15,-0.996,0.107,0.0,0.0,0.5,0.131,6.738,0.003,0.504,695.554,11.726,0.494,19.166,0.263,0.607,0.08,0.749,0.996,-0.107
-2.1,-0.081,0.006,0.0,0.0,0.5,0.132,6.739,0.004,0.509,719.601,11.724,0.502,19.167,0.267,0.614,0.081,0.75,0.081,-0.006
-2.05,-0.067,0.013,0.0,0.0,0.514,0.131,6.739,0.003,0.507,718.326,11.721,0.498,19.264,0.274,0.622,0.084,0.752,0.067,-0.013
-2.0,-0.111,-0.009,0.0,0.0,0.53,0.133,6.739,0.004,0.512,731.114,11.721,0.502,19.264,0.28,0.63,0.086,0.753,0.111,0.009
-1.95,-0.13,-0.021,0.0,0.0,0.556,0.132,6.739,0.004,0.509,716.244,11.723,0.502,19.379,0.287,0.639,0.089,0.755,0.13,0.021
-1.9,-0.145,-0.011,0.0,0.0,0.575,0.132,6.738,0.003,0.509,700.011,11.728,0.502,19.466,0.295,0.647,0.092,0.756,0.145,0.011
-1.85,-0.159,-0.016,0.0,0.0,0.589,0.133,6.737,0.004,0.512,692.331,11.734,0.502,19.517,0.301,0.656,0.094,0.758,0.159,0.016
-1.8,-0.134,-0.029,0.0,0.0,0.612,0.134,6.737,0.004,0.517,707.194,11.729,0.506,19.511,0.308,0.664,0.097,0.759,0.134,0.029
-1.75,-0.149,-0.003,0.0,0.0,0.632,0.133,6.738,0.004,0.512,703.69,11.731,0.502,19.69,0.316,0.674,0.101,0.762,0.149,0.003
-1.7,-0.146,-0.001,0.0,0.0,0.655,0.133,6.739,0.004,0.514,727.202,11.723,0.506,19.734,0.324,0.683,0.104,0.763,0.146,0.001
-1.65,-0.162,0.014,0.0,0.0,0.675,0.134,6.739,0.004,0.517,746.497,11.718,0.506,19.777,0.332,0.692,0.107,0.766,0.162,-0.014
-1.6,-0.18,0.018,0.0,0.0,0.696,0.133,6.74,0.004,0.512,732.129,11.721,0.502,19.981,0.342,0.702,0.111,0.768,0.18,-0.018
-1.55,-0.19,0.019,0.0,0.0,0.717,0.131,6.739,0.003,0.507,713.694,11.721,0.498,20.167,0.352,0.712,0.116,0.77,0.19,-0.019
-1.5,-0.187,0.022,0.0,0.0,0.741,0.131,6.738,0.003,0.507,694.994,11.728,0.498,20.299,0.363,0.722,0.12,0.772,0.187,-0.022
-1.45,-0.183,0.031,0.0,0.0,0.766,0.132,6.738,0.003,0.509,695.54,11.733,0.502,20.393,0.373,0.732,0.124,0.775,0.183,-0.031
-1.4,-0.176,0.02,0.0,0.0,0.792,0.133,6.738,0.004,0.512,705.831,11.731,0.502,20.479,0.384,0.742,0.128,0.778,0.176,-0.02
-1.35,-0.188,0.043,0.0,0.0,0.819,0.133,6.739,0.004,0.514,721.613,11.724,0.506,20.558,0.395,0.752,0.133,0.781,0.188,-0.043
-1.3,-0.177,0.043,0.0,0.0,0.838,0.134,6.74,0.004,0.517,739.33,11.717,0.506,20.633,0.406,0.762,0.138,0.784,0.177,-0.043
-1.25,-0.174,0.05,0.0,0.0,0.859,0.134,6.74,0.004,0.517,748.367,11.715,0.506,20.777,0.418,0.773,0.144,0.787,0.174,-0.05
-1.2,-0.178,0.044,0.0,0.0,0.877,0.133,6.74,0.004,0.514,739.959,11.72,0.506,21.002,0.433,0.785,0.15,0.791,0.178,-0.044
-1.15,-0.188,0.048,0.0,0.0,0.896,0.133,6.739,0.004,0.512,720.063,11.728,0.502,21.24,0.448,0.796,0.157,0.794,0.188,-0.048
-1.1,-0.183,0.064,0.0,0.0,0.908,0.133,6.737,0.003,0.512,698.954,11.736,0.502,21.442,0.463,0.806,0.165,0.799,0.183,-0.064
-1.05,-0.187,0.056,0.0,0.0,0.914,0.132,6.737,0.003,0.509,688.611,11.737,0.502,21.687,0.479,0.818,0.172,0.803,0.187,-0.056
-1.0,-0.186,0.057,0.0,0.0,0.921,0.13,6.738,0.003,0.502,676.862,11.729,0.494,21.98,0.496,0.828,0.181,0.807,0.186,-0.057
-0.95,-0.188,0.058,0.0,0.0,0.92,0.132,6.739,0.003,0.509,708.056,11.726,0.502,22.091,0.512,0.839,0.189,0.812,0.188,-0.058
-0.9,-0.174,0.059,0.0,0.0,0.933,0.133,6.74,0.004,0.512,729.068,11.719,0.502,22.264,0.53,0.85,0.198,0.817,0.174,-0.059
-0.85,-0.17,0.056,0.0,0.0,0.933,0.133,6.741,0.004,0.512,734.615,11.716,0.502,22.511,0.55,0.862,0.209,0.822,0.17,-0.056
-0.8,-0.171,0.046,0.0,0.0,0.935,0.132,6.74,0.003,0.507,713.015,11.717,0.498,22.895,0.571,0.873,0.222,0.828,0.171,-0.046
-0.75,-0.166,0.049,0.0,0.0,0.942,0.13,6.738,0.003,0.502,664.975,11.73,0.494,23.318,0.596,0.885,0.236,0.835,0.166,-0.049
-0.7,-0.16,0.046,0.0,0.0,0.945,0.132,6.737,0.003,0.512,672.926,11.743,0.502,23.534,0.62,0.896,0.248,0.842,0.16,-0.046
-0.65,-0.159,0.044,0.0,0.0,0.945,0.132,6.737,0.003,0.512,673.332,11.742,0.502,23.904,0.645,0.906,0.262,0.85,0.159,-0.044
-0.6,-0.143,0.03,0.0,0.0,0.95,0.134,6.739,0.004,0.517,711.441,11.73,0.506,24.088,0.669,0.916,0.277,0.859,0.143,-0.03
-0.55,-0.134,0.04,0.0,0.0,0.953,0.131,6.741,0.003,0.504,709.233,11.72,0.494,24.82,0.692,0.926,0.297,0.867,0.134,-0.04
-0.5,-0.123,0.027,0.0,0.0,0.954,0.133,6.743,0.004,0.512,758.947,11.711,0.502,25.068,0.716,0.935,0.315,0.876,0.123,-0.027
-0.45,-0.123,0.034,0.0,0.0,0.956,0.134,6.743,0.004,0.514,768.667,11.705,0.506,25.46,0.744,0.945,0.338,0.886,0.123,-0.034
-0.4,-0.113,0.008,0.0,0.0,0.96,0.135,6.74,0.004,0.52,742.62,11.717,0.51,25.798,0.778,0.954,0.367,0.897,0.113,-0.008
-0.35,-0.096,0.005,0.0,0.0,0.963,0.133,6.735,0.003,0.515,647.373,11.75,0.506,27.0,0.815,0.964,0.404,0.909,0.096,-0.005
-0.3,-0.08,0.006,0.0,0.0,0.965,0.134,6.732,0.003,0.517,618.566,11.762,0.506,27.792,0.852,0.972,0.443,0.923,0.08,-0.006
-0.25,-0.064,0.008,0.0,0.0,0.968,0.133,6.734,0.003,0.514,625.951,11.758,0.506,29.085,0.884,0.98,0.488,0.937,0.064,-0.008
-0.2,-0.055,0.008,0.0,0.0,0.971,0.133,6.738,0.003,0.512,677.406,11.735,0.502,30.553,0.912,0.986,0.537,0.951,0.055,-0.008
-0.15,-0.048,0.002,0.0,0.0,0.976,0.133,6.748,0.004,0.512,801.174,11.684,0.502,32.053,0.939,0.991,0.595,0.966,0.048,-0.002
-0.1,-0.036,0.013,0.0,0.0,0.983,0.132,6.76,0.004,0.502,951.656,11.612,0.494,34.998,0.961,0.995,0.666,0.98,0.036,-0.013
-0.05,-0.009,-0.002,0.0,0.0,0.99,0.135,6.777,0.004,0.507,1248.631,11.518,0.502,37.661,0.981,0.998,0.755,0.991,0.009,0.002
0.0,0.0,0.0,0.0,0.0,1.0,0.135,6.796,0.005,0.502,1600.735,11.397,0.498,100.0,1.0,1.0,1.0,1.0,0.0,0.0
0.05,0.019,-0.008,0.0,0.0,0.992,0.133,6.777,0.004,0.502,1226.296,11.516,0.498,38.382,0.981,0.998,0.761,0.991,-0.019,0.008
0.1,0.02,-0.01,0.0,0.0,0.984,0.134,6.761,0.004,0.509,979.524,11.616,0.502,34.326,0.962,0.995,0.663,0.98,-0.02,0.01
0.15,0.032,-0.003,0.0,0.0,0.979,0.133,6.748,0.004,0.509,792.571,11.686,0.506,32.366,0.939,0.991,0.596,0.966,-0.032,0.003
0.2,0.047,-0.015,0.0,0.0,0.977,0.132,6.739,0.003,0.509,674.213,11.734,0.502,30.782,0.912,0.986,0.539,0.951,-0.047,0.015
0.25,0.054,-0.03,0.0,0.0,0.969,0.133,6.734,0.003,0.515,624.674,11.758,0.506,29.076,0.884,0.98,0.489,0.937,-0.054,0.03
0.3,0.072,-0.029,0.0,0.0,0.969,0.134,6.732,0.003,0.517,619.343,11.762,0.506,27.778,0.852,0.973,0.443,0.922,-0.072,0.029
0.35,0.086,-0.029,0.0,0.0,0.97,0.134,6.735,0.003,0.517,656.028,11.748,0.514,26.818,0.815,0.964,0.403,0.909,-0.086,0.029
0.4,0.093,-0.028,0.0,0.0,0.971,0.134,6.74,0.004,0.517,739.218,11.716,0.514,25.944,0.777,0.955,0.367,0.896,-0.093,0.028
0.45,0.104,-0.031,0.0,0.0,0.963,0.134,6.744,0.004,0.515,770.842,11.705,0.51,25.438,0.744,0.945,0.337,0.884,-0.104,0.031
0.5,0.119,-0.036,0.0,0.0,0.96,0.134,6.744,0.004,0.515,766.312,11.708,0.51,24.954,0.717,0.936,0.314,0.875,-0.119,0.036
0.55,0.126,-0.04,0.0,0.0,0.958,0.133,6.742,0.004,0.515,734.74,11.72,0.506,24.545,0.692,0.926,0.295,0.865,-0.126,0.04
0.6,0.129,-0.039,0.0,0.0,0.952,0.132,6.74,0.003,0.509,691.711,11.732,0.506,24.321,0.668,0.916,0.279,0.857,-0.129,0.039
0.65,0.118,-0.039,0.0,0.0,0.95,0.132,6.739,0.003,0.509,668.362,11.741,0.506,23.947,0.644,0.906,0.263,0.849,-0.118,0.039
0.7,0.144,-0.055,0.0,0.0,0.946,0.129,6.738,0.003,0.499,640.883,11.742,0.49,23.68,0.62,0.896,0.25,0.84,-0.144,0.055
0.75,0.151,-0.053,0.0,0.0,0.941,0.128,6.739,0.003,0.495,649.932,11.735,0.49,23.278,0.595,0.884,0.237,0.833,-0.151,0.053
0.8,0.148,-0.049,0.0,0.0,0.944,0.13,6.741,0.003,0.502,702.278,11.715,0.498,22.924,0.571,0.872,0.222,0.827,-0.148,0.049
0.85,0.158,-0.057,0.0,0.0,0.947,0.132,6.742,0.004,0.509,730.604,11.717,0.502,22.528,0.548,0.86,0.209,0.821,-0.158,0.057
0.9,0.162,-0.047,0.0,0.0,0.944,0.133,6.741,0.004,0.512,728.665,11.722,0.506,22.231,0.529,0.849,0.198,0.815,-0.162,0.047
0.95,0.159,-0.047,0.0,0.0,0.944,0.133,6.739,0.003,0.512,712.612,11.731,0.506,22.005,0.51,0.837,0.188,0.81,-0.159,0.047
1.0,0.15,-0.039,0.0,0.0,0.937,0.132,6.739,0.003,0.509,695.253,11.735,0.506,21.847,0.493,0.826,0.18,0.805,-0.15,0.039
1.05,0.16,-0.044,0.0,0.0,0.921,0.133,6.738,0.003,0.512,691.129,11.741,0.506,21.601,0.477,0.815,0.172,0.801,-0.16,0.044
1.1,0.161,-0.041,0.0,0.0,0.914,0.133,6.739,0.003,0.512,697.911,11.738,0.506,21.401,0.461,0.804,0.164,0.797,-0.161,0.041
1.15,0.161,-0.027,0.0,0.0,0.901,0.133,6.74,0.003,0.512,720.004,11.73,0.506,21.197,0.446,0.794,0.157,0.792,-0.161,0.027
1.2,0.16,-0.028,0.0,0.0,0.891,0.133,6.741,0.004,0.515,739.852,11.722,0.51,20.956,0.431,0.782,0.15,0.789,-0.16,0.028
1.25,0.163,-0.047,0.0,0.0,0.875,0.133,6.741,0.004,0.515,737.763,11.724,0.51,20.797,0.416,0.771,0.144,0.785,-0.163,0.047
1.3,0.15,-0.036,0.0,0.0,0.852,0.131,6.741,0.003,0.504,698.877,11.728,0.498,20.81,0.405,0.761,0.139,0.782,-0.15,0.036
1.35,0.164,-0.038,0.0,0.0,0.828,0.131,6.74,0.003,0.507,694.956,11.73,0.502,20.644,0.393,0.75,0.133,0.779,-0.164,0.038
1.4,0.157,-0.046,0.0,0.0,0.805,0.13,6.74,0.003,0.502,673.996,11.73,0.498,20.563,0.382,0.74,0.129,0.776,-0.157,0.046
1.45,0.157,-0.048,0.0,0.0,0.776,0.13,6.739,0.003,0.502,672.771,11.731,0.498,20.435,0.372,0.73,0.125,0.773,-0.157,0.048
1.5,0.152,-0.023,0.0,0.0,0.753,0.129,6.74,0.003,0.497,669.016,11.733,0.494,20.328,0.361,0.721,0.121,0.77,-0.152,0.023
1.55,0.133,-0.015,0.0,0.0,0.724,0.132,6.742,0.003,0.507,715.509,11.722,0.502,20.118,0.349,0.71,0.115,0.768,-0.133,0.015
1.6,0.129,-0.007,0.0,0.0,0.704,0.134,6.742,0.004,0.515,745.829,11.719,0.51,19.879,0.338,0.699,0.111,0.765,-0.129,0.007
1.65,0.124,-0.019,0.0,0.0,0.679,0.132,6.742,0.003,0.51,724.249,11.724,0.506,19.863,0.33,0.69,0.107,0.763,-0.124,0.019
1.7,0.119,-0.027,0.0,0.0,0.659,0.133,6.741,0.004,0.515,728.717,11.725,0.51,19.683,0.32,0.68,0.103,0.761,-0.119,0.027
1.75,0.138,-0.021,0.0,0.0,0.641,0.133,6.74,0.004,0.515,711.365,11.731,0.51,19.597,0.312,0.671,0.1,0.759,-0.138,0.021
1.8,0.118,-0.03,0.0,0.0,0.616,0.135,6.74,0.004,0.52,719.406,11.731,0.514,19.4,0.303,0.661,0.096,0.758,-0.118,0.03
1.85,0.122,-0.008,0.0,0.0,0.598,0.133,6.74,0.003,0.512,698.604,11.734,0.506,19.465,0.296,0.653,0.094,0.756,-0.122,0.008
1.9,0.121,-0.01,0.0,0.0,0.583,0.133,6.741,0.003,0.512,710.632,11.73,0.506,19.375,0.289,0.644,0.091,0.754,-0.121,0.01
1.95,0.128,-0.012,0.0,0.0,0.563,0.133,6.742,0.003,0.512,723.451,11.725,0.506,19.29,0.282,0.636,0.088,0.752,-0.128,0.012
2.0,0.136,-0.011,0.0,0.0,0.544,0.132,6.742,0.003,0.51,720.869,11.725,0.506,19.254,0.276,0.628,0.086,0.751,-0.136,0.011
2.05,0.125,0.002,0.0,0.0,0.522,0.132,6.742,0.003,0.507,709.108,11.723,0.502,19.219,0.27,0.62,0.083,0.749,-0.125,-0.002
2.1,0.98,-0.126,0.0,0.0,0.521,0.13,6.741,0.003,0.502,691.288,11.723,0.498,19.204,0.265,0.612,0.081,0.748,-0.98,0.126
2.15,0.133,0.02,0.0,0.0,0.484,0.13,6.742,0.003,0.502,684.872,11.727,0.498,19.145,0.259,0.605,0.079,0.747,-0.133,-0.02
2.2,1.032,-0.145,0.0,0.0,0.488,0.131,6.742,0.003,0.507,693.775,11.73,0.502,19.036,0.253,0.596,0.077,0.745,-1.032,0.145
2.25,1.072,-0.169,0.0,0.0,0.472,0.131,6.742,0.003,0.507,693.703,11.729,0.502,18.976,0.248,0.589,0.075,0.744,-1.072,0.169
2.3,1.08,-0.166,0.0,0.0,0.461,0.132,6.742,0.003,0.51,711.042,11.728,0.506,18.885,0.242,0.581,0.073,0.742,-1.08,0.166
2.35,1.063,-0.178,0.0,0.0,0.444,0.134,6.742,0.004,0.515,727.166,11.723,0.51,18.755,0.237,0.573,0.071,0.74,-1.063,0.178
2.4,1.094,-0.162,0.0,0.0,0.432,0.134,6.742,0.004,0.515,726.131,11.725,0.51,18.706,0.233,0.566,0.069,0.74,-1.094,0.162
2.45,1.11,-0.174,0.0,0.0,0.417,0.134,6.741,0.004,0.518,728.424,11.725,0.514,18.615,0.228,0.559,0.067,0.739,-1.11,0.174
2.5,1.086,-0.154,0.0,0.0,0.406,0.133,6.741,0.003,0.515,714.617,11.732,0.51,18.621,0.225,0.553,0.065,0.737,-1.086,0.154
2.55,1.1,-0.107,0.0,0.0,0.392,0.133,6.74,0.003,0.512,702.916,11.736,0.506,18.626,0.223,0.547,0.064,0.736,-1.1,0.107
2.6,1.103,-0.115,0.0,0.0,0.379,0.134,6.741,0.004,0.518,714.26,11.731,0.514,18.498,0.218,0.54,0.062,0.735,-1.103,0.115
2.65,1.095,-0.148,0.0,0.0,0.365,0.135,6.741,0.004,0.52,730.524,11.728,0.514,18.407,0.215,0.534,0.061,0.733,-1.095,0.148
2.7,1.091,-0.109,0.0,0.0,0.36,0.134,6.742,0.004,0.515,724.111,11.726,0.51,18.459,0.212,0.528,0.059,0.733,-1.091,0.109
2.75,-0.069,1.382,0.0,0.0,0.257,0.133,6.743,0.003,0.512,724.774,11.726,0.506,18.461,0.211,0.523,0.058,0.731,0.069,-1.382
2.8,2.014,-1.376,0.0,0.0,0.303,0.133,6.742,0.003,0.513,724.554,11.727,0.506,18.428,0.208,0.517,0.057,0.731,-2.014,1.376
2.85,-0.11,1.47,0.0,0.0,0.249,0.132,6.743,0.003,0.51,714.889,11.727,0.506,18.431,0.206,0.513,0.056,0.73,0.11,-1.47
2.9,-0.109,1.535,0.0,0.0,0.241,0.131,6.742,0.003,0.505,695.796,11.727,0.498,18.457,0.205,0.508,0.055,0.729,0.109,-1.535
2.95,-0.088,1.552,0.0,0.0,0.235,0.131,6.742,0.003,0.505,695.31,11.731,0.498,18.428,0.202,0.503,0.054,0.728,0.088,-1.552
3.0,3.741,-0.844,0.0,0.0,0.268,0.129,6.742,0.003,0.498,675.59,11.731,0.494,18.452,0.201,0.498,0.053,0.727,-3.741,0.844
-3.0,1.248,0.765,0.0,0.0,0.37,0.081,6.24,0.002,0.683,766.074,18.481,0.682,20.92,0.236,0.56,0.04,0.724,-1.248,-0.765
-2.95,1.255,0.746,0.0,0.0,0.384,0.081,6.24,0.002,0.685,744.393,18.582,0.686,20.986,0.238,0.565,0.041,0.723,-1.255,-0.746
-2.9,1.28,0.759,0.0,0.0,0.394,0.081,6.241,0.002,0.684,762.644,18.523,0.686,20.989,0.238,0.568,0.042,0.725,-1.28,-0.759
-2.85,1.293,0.727,0.0,0.0,0.402,0.081,6.242,0.002,0.684,762.544,18.517,0.686,21.018,0.239,0.572,0.043,0.725,-1.293,-0.727
-2.8,1.31,0.738,0.0,0.0,0.412,0.081,6.243,0.002,0.685,750.202,18.565,0.686,21.071,0.242,0.577,0.044,0.725,-1.31,-0.738
-2.75,1.303,0.718,0.0,0.0,0.418,0.081,6.244,0.002,0.686,757.029,18.59,0.686,21.105,0.242,0.58,0.045,0.727,-1.303,-0.718
-2.7,1.299,0.701,0.0,0.0,0.426,0.081,6.243,0.002,0.686,751.25,18.592,0.686,21.141,0.243,0.584,0.046,0.728,-1.299,-0.701
-2.65,1.286,0.676,0.0,0.0,0.435,0.081,6.242,0.002,0.685,745.59,18.564,0.686,21.174,0.245,0.588,0.047,0.728,-1.286,-0.676
-2.6,1.278,0.675,0.0,0.0,0.441,0.081,6.242,0.002,0.686,745.718,18.588,0.686,21.211,0.246,0.592,0.048,0.731,-1.278,-0.675
-2.55,1.255,0.644,0.0,0.0,0.453,0.081,6.243,0.002,0.686,748.277,18.58,0.686,21.245,0.248,0.597,0.05,0.732,-1.255,-0.644
-2.5,1.243,0.612,0.0,0.0,0.462,0.08,6.243,0.002,0.688,746.078,18.665,0.69,21.287,0.25,0.601,0.051,0.733,-1.243,-0.612
-2.45,1.229,0.609,0.0,0.0,0.473,0.081,6.245,0.002,0.685,754.002,18.533,0.686,21.3,0.25,0.605,0.052,0.733,-1.229,-0.609
-2.4,1.214,0.605,0.0,0.0,0.48,0.082,6.245,0.002,0.684,769.268,18.476,0.686,21.31,0.251,0.608,0.053,0.735,-1.214,-0.605
-2.35,1.179,0.576,0.0,0.0,0.488,0.081,6.246,0.002,0.685,757.22,18.523,0.686,21.369,0.254,0.614,0.055,0.736,-1.179,-0.576
-2.3,0.946,-0.605,0.0,0.0,0.524,0.081,6.246,0.002,0.685,750.548,18.525,0.686,21.41,0.256,0.618,0.056,0.738,-0.946,0.605
-2.25,1.117,0.559,0.0,0.0,0.508,0.082,6.245,0.002,0.684,757.38,18.473,0.686,21.427,0.257,0.621,0.057,0.74,-1.117,-0.559
-2.2,1.088,0.553,0.0,0.0,0.517,0.081,6.244,0.002,0.685,745.427,18.523,0.686,21.495,0.262,0.628,0.059,0.74,-1.088,-0.553
-2.15,0.882,-0.551,0.0,0.0,0.551,0.082,6.244,0.002,0.684,755.64,18.468,0.686,21.513,0.263,0.631,0.061,0.742,-0.882,0.551
-2.1,0.853,-0.527,0.0,0.0,0.554,0.082,6.246,0.002,0.681,768.407,18.364,0.682,21.526,0.266,0.636,0.062,0.743,-0.853,0.527
-2.05,0.809,-0.523,0.0,0.0,0.566,0.081,6.247,0.002,0.685,747.775,18.511,0.686,21.623,0.269,0.642,0.065,0.745,-0.809,0.523
-2.0,0.781,-0.508,0.0,0.0,0.581,0.083,6.248,0.002,0.68,776.128,18.299,0.682,21.586,0.27,0.645,0.066,0.747,-0.781,0.508
-1.95,0.756,-0.504,0.0,0.0,0.591,0.082,6.247,0.002,0.684,750.0,18.458,0.686,21.694,0.275,0.652,0.069,0.748,-0.756,0.504
-1.9,0.738,-0.466,0.0,0.0,0.603,0.082,6.246,0.002,0.682,744.95,18.408,0.682,21.735,0.279,0.657,0.071,0.75,-0.738,0.466
-1.85,0.699,-0.45,0.0,0.0,0.616,0.082,6.245,0.002,0.682,737.442,18.405,0.682,21.788,0.282,0.663,0.073,0.752,-0.699,0.45
-1.8,0.471,0.409,0.0,0.0,0.648,0.081,6.245,0.002,0.688,720.604,18.621,0.69,21.89,0.289,0.67,0.076,0.753,-0.471,-0.409
-1.75,0.451,0.38,0.0,0.0,0.665,0.081,6.246,0.002,0.686,740.192,18.513,0.686,21.92,0.292,0.676,0.078,0.755,-0.451,-0.38
-1.7,0.453,0.35,0.0,0.0,0.682,0.082,6.248,0.002,0.682,768.568,18.363,0.682,21.918,0.295,0.682,0.08,0.757,-0.453,-0.35
-1.65,0.44,0.35,0.0,0.0,0.698,0.082,6.25,0.002,0.684,770.016,18.409,0.686,21.99,0.3,0.689,0.083,0.758,-0.44,-0.35
-1.6,0.424,0.322,0.0,0.0,0.714,0.082,6.25,0.002,0.682,777.047,18.354,0.682,22.039,0.306,0.696,0.086,0.76,-0.424,-0.322
-1.55,0.401,0.297,0.0,0.0,0.727,0.082,6.249,0.002,0.682,768.257,18.363,0.682,22.113,0.312,0.703,0.09,0.762,-0.401,-0.297
-1.5,0.374,0.29,0.0,0.0,0.739,0.082,6.248,0.002,0.681,750.16,18.333,0.682,22.185,0.319,0.711,0.093,0.764,-0.374,-0.29
-1.45,0.355,0.266,0.0,0.0,0.753,0.082,6.247,0.002,0.684,732.688,18.431,0.686,22.292,0.325,0.719,0.097,0.767,-0.355,-0.266
-1.4,0.34,0.246,0.0,0.0,0.769,0.082,6.247,0.002,0.684,741.117,18.421,0.686,22.361,0.332,0.727,0.1,0.769,-0.34,-0.246
-1.35,0.262,-0.252,0.0,0.0,0.79,0.082,6.249,0.002,0.684,757.048,18.401,0.686,22.424,0.34,0.736,0.104,0.772,-0.262,0.252
-1.3,0.466,-0.051,0.0,0.0,0.849,0.082,6.252,0.002,0.685,767.377,18.427,0.686,22.513,0.349,0.745,0.109,0.774,-0.466,0.051
-1.25,0.443,-0.037,0.0,0.0,0.865,0.082,6.253,0.002,0.685,777.997,18.413,0.686,22.59,0.357,0.754,0.114,0.777,-0.443,0.037
-1.2,0.405,-0.043,0.0,0.0,0.882,0.083,6.253,0.002,0.684,792.076,18.353,0.686,22.666,0.368,0.764,0.119,0.781,-0.405,0.043
-1.15,0.234,-0.017,0.0,0.0,0.912,0.082,6.252,0.002,0.685,757.284,18.418,0.686,22.822,0.38,0.774,0.125,0.784,-0.234,0.017
-1.1,0.227,-0.011,0.0,0.0,0.918,0.082,6.249,0.002,0.684,744.599,18.386,0.686,22.947,0.391,0.784,0.131,0.788,-0.227,0.011
-1.05,0.218,-0.012,0.0,0.0,0.927,0.082,6.25,0.002,0.683,737.881,18.389,0.686,23.088,0.404,0.794,0.137,0.793,-0.218,0.012
-1.0,0.209,-0.012,0.0,0.0,0.937,0.082,6.251,0.002,0.685,735.385,18.433,0.686,23.253,0.419,0.805,0.144,0.797,-0.209,0.012
-0.95,0.19,-0.016,0.0,0.0,0.941,0.083,6.254,0.002,0.683,765.164,18.361,0.686,23.356,0.432,0.815,0.15,0.802,-0.19,0.016
-0.9,0.183,-0.02,0.0,0.0,0.947,0.082,6.257,0.002,0.685,777.901,18.384,0.686,23.52,0.448,0.826,0.159,0.807,-0.183,0.02
-0.85,0.175,-0.009,0.0,0.0,0.954,0.083,6.259,0.002,0.682,819.528,18.253,0.682,23.626,0.465,0.837,0.167,0.812,-0.175,0.009
-0.8,0.166,-0.018,0.0,0.0,0.957,0.083,6.256,0.002,0.683,801.625,18.31,0.686,23.863,0.486,0.85,0.179,0.817,-0.166,0.018
-0.75,0.153,-0.016,0.0,0.0,0.962,0.083,6.251,0.002,0.682,768.222,18.283,0.682,24.139,0.511,0.862,0.191,0.824,-0.153,0.016
-0.7,0.15,-0.016,0.0,0.0,0.963,0.083,6.248,0.002,0.681,736.653,18.259,0.682,24.429,0.537,0.875,0.205,0.831,-0.15,0.016
-0.65,0.142,-0.021,0.0,0.0,0.97,0.083,6.247,0.002,0.683,717.06,18.357,0.686,24.784,0.562,0.886,0.219,0.839,-0.142,0.021
-0.6,0.138,-0.027,0.0,0.0,0.971,0.083,6.25,0.002,0.683,731.035,18.341,0.686,25.095,0.589,0.898,0.235,0.847,-0.138,0.027
-0.55,0.114,-0.017,0.0,0.0,0.977,0.083,6.255,0.002,0.683,753.23,18.319,0.686,25.433,0.615,0.908,0.252,0.856,-0.114,0.017
-0.5,0.112,-0.024,0.0,0.0,0.981,0.083,6.26,0.002,0.685,774.531,18.375,0.686,25.825,0.643,0.919,0.273,0.865,-0.112,0.024
-0.45,0.102,-0.017,0.0,0.0,0.983,0.083,6.264,0.002,0.685,800.45,18.349,0.686,26.277,0.677,0.931,0.299,0.875,-0.102,0.017
-0.4,0.087,-0.02,0.0,0.0,0.989,0.083,6.261,0.002,0.683,802.551,18.272,0.686,26.891,0.719,0.943,0.33,0.887,-0.087,0.02
-0.35,0.082,-0.018,0.0,0.0,0.991,0.084,6.253,0.002,0.679,762.941,18.157,0.682,27.759,0.769,0.955,0.37,0.901,-0.082,0.018
-0.3,0.071,-0.004,0.0,0.0,0.988,0.083,6.249,0.002,0.68,738.252,18.228,0.682,28.906,0.816,0.966,0.418,0.916,-0.071,0.004
-0.25,0.062,-0.012,0.0,0.0,0.989,0.083,6.253,0.002,0.683,768.583,18.295,0.686,30.254,0.86,0.975,0.472,0.932,-0.062,0.012
-0.2,0.057,-0.008,0.0,0.0,0.991,0.084,6.266,0.002,0.682,865.127,18.17,0.682,31.683,0.899,0.983,0.529,0.949,-0.057,0.008
-0.15,0.037,-0.011,0.0,0.0,0.991,0.084,6.286,0.002,0.684,990.761,18.169,0.686,33.601,0.932,0.99,0.6,0.965,-0.037,0.011
-0.1,0.028,0.0,0.0,0.0,0.992,0.086,6.313,0.003,0.683,1227.986,17.968,0.686,36.006,0.96,0.994,0.672,0.98,-0.028,0.0
-0.05,0.015,-0.001,0.0,0.0,0.996,0.087,6.347,0.003,0.687,1489.605,17.951,0.69,39.343,0.981,0.998,0.773,0.992,-0.015,0.001
0.0,0.0,0.0,0.0,0.0,1.0,0.09,6.387,0.003,0.685,1890.78,17.639,0.686,100.0,1.0,1.0,1.0,1.0,0.0,0.0
0.05,-0.011,0.005,0.0,0.0,0.994,0.088,6.348,0.003,0.683,1524.705,17.771,0.686,39.394,0.981,0.998,0.766,0.992,0.011,-0.005
0.1,-0.025,0.01,0.0,0.0,0.994,0.086,6.315,0.003,0.685,1204.252,18.037,0.686,36.029,0.96,0.995,0.675,0.98,0.025,-0.01
0.15,-0.028,0.01,0.0,0.0,0.992,0.086,6.288,0.002,0.68,1018.562,17.992,0.682,33.403,0.933,0.99,0.596,0.966,0.028,-0.01
0.2,-0.048,0.014,0.0,0.0,0.99,0.084,6.269,0.002,0.682,865.582,18.135,0.682,31.686,0.9,0.984,0.529,0.949,0.048,-0.014
0.25,-0.064,0.007,0.0,0.0,0.988,0.084,6.257,0.002,0.683,763.71,18.25,0.686,30.228,0.86,0.976,0.471,0.932,0.064,-0.007
0.3,-0.077,0.011,0.0,0.0,0.986,0.084,6.253,0.002,0.682,733.686,18.214,0.682,28.93,0.817,0.967,0.418,0.916,0.077,-0.011
0.35,-0.093,0.008,0.0,0.0,0.984,0.084,6.257,0.002,0.681,752.117,18.192,0.682,27.809,0.769,0.956,0.37,0.902,0.093,-0.008
0.4,-0.1,0.014,0.0,0.0,0.981,0.084,6.266,0.002,0.684,788.432,18.247,0.686,26.906,0.719,0.944,0.332,0.888,0.1,-0.014
0.45,-0.106,0.019,0.0,0.0,0.982,0.084,6.27,0.002,0.684,803.117,18.233,0.686,26.268,0.678,0.932,0.299,0.877,0.106,-0.019
0.5,-0.119,0.023,0.0,0.0,0.983,0.084,6.267,0.002,0.684,777.714,18.25,0.686,25.814,0.644,0.921,0.273,0.867,0.119,-0.023
0.55,-0.138,0.029,0.0,0.0,0.975,0.084,6.262,0.002,0.684,747.015,18.264,0.686,25.437,0.615,0.91,0.253,0.857,0.138,-0.029
0.6,-0.141,0.026,0.0,0.0,0.973,0.084,6.258,0.002,0.681,738.112,18.172,0.682,25.049,0.588,0.899,0.234,0.848,0.141,-0.026
0.65,-0.159,0.031,0.0,0.0,0.966,0.083,6.255,0.002,0.685,706.835,18.319,0.686,24.795,0.563,0.888,0.22,0.839,0.159,-0.031
0.7,-0.166,0.036,0.0,0.0,0.961,0.083,6.256,0.002,0.684,717.568,18.276,0.686,24.477,0.537,0.877,0.206,0.831,0.166,-0.036
0.75,-0.17,0.039,0.0,0.0,0.956,0.084,6.262,0.002,0.681,770.745,18.14,0.682,24.108,0.51,0.864,0.191,0.825,0.17,-0.039
0.8,-0.192,0.045,0.0,0.0,0.949,0.083,6.267,0.002,0.687,784.825,18.336,0.69,23.891,0.487,0.852,0.18,0.818,0.192,-0.045
0.85,-0.19,0.047,0.0,0.0,0.952,0.084,6.269,0.002,0.685,798.087,18.24,0.686,23.67,0.466,0.84,0.169,0.813,0.19,-0.047
0.9,-0.198,0.051,0.0,0.0,0.944,0.085,6.27,0.002,0.681,799.414,18.115,0.682,23.459,0.448,0.828,0.158,0.808,0.198,-0.051
0.95,-0.204,0.054,0.0,0.0,0.941,0.085,6.266,0.002,0.679,786.733,18.032,0.682,23.272,0.432,0.816,0.15,0.804,0.204,-0.054
1.0,-0.217,0.059,0.0,0.0,0.938,0.085,6.264,0.002,0.68,762.282,18.103,0.682,23.173,0.418,0.806,0.143,0.799,0.217,-0.059
1.05,-0.229,0.069,0.0,0.0,0.931,0.085,6.262,0.002,0.68,751.958,18.105,0.682,23.039,0.404,0.796,0.137,0.795,0.229,-0.069
1.1,-0.237,0.062,0.0,0.0,0.923,0.085,6.262,0.002,0.68,755.185,18.095,0.682,22.902,0.392,0.786,0.131,0.791,0.237,-0.062
1.15,-0.362,0.056,0.0,0.0,0.885,0.085,6.265,0.002,0.681,780.768,18.11,0.682,22.762,0.379,0.776,0.125,0.787,0.362,-0.056
1.2,-0.397,0.06,0.0,0.0,0.877,0.084,6.268,0.002,0.684,783.518,18.191,0.686,22.675,0.368,0.767,0.119,0.782,0.397,-0.06
1.25,-0.43,0.056,0.0,0.0,0.865,0.084,6.268,0.002,0.684,777.334,18.191,0.686,22.584,0.359,0.757,0.114,0.779,0.43,-0.056
1.3,-0.452,0.063,0.0,0.0,0.85,0.084,6.267,0.002,0.685,769.15,18.23,0.686,22.511,0.349,0.748,0.109,0.777,0.452,-0.063
1.35,-0.492,0.065,0.0,0.0,0.839,0.084,6.265,0.002,0.684,748.705,18.214,0.686,22.444,0.342,0.739,0.105,0.772,0.492,-0.065
1.4,-0.501,0.062,0.0,0.0,0.824,0.085,6.264,0.002,0.681,748.184,18.119,0.682,22.332,0.333,0.73,0.101,0.771,0.501,-0.062
1.45,-0.285,0.322,0.0,0.0,0.788,0.085,6.265,0.002,0.68,744.538,18.079,0.682,22.247,0.327,0.722,0.097,0.768,0.285,-0.322
1.5,-0.307,0.354,0.0,0.0,0.776,0.085,6.266,0.002,0.681,751.961,18.112,0.682,22.186,0.32,0.714,0.093,0.767,0.307,-0.354
1.55,-0.33,0.377,0.0,0.0,0.764,0.085,6.269,0.002,0.681,769.658,18.092,0.682,22.098,0.312,0.706,0.09,0.764,0.33,-0.377
1.6,-0.399,-0.303,0.0,0.0,0.708,0.085,6.27,0.002,0.68,783.492,18.036,0.682,22.005,0.307,0.699,0.087,0.761,0.399,0.303
1.65,-0.554,0.374,0.0,0.0,0.673,0.085,6.27,0.002,0.683,774.255,18.129,0.686,21.98,0.301,0.691,0.084,0.759,0.554,-0.374
1.7,-0.377,0.45,0.0,0.0,0.722,0.084,6.269,0.002,0.684,755.113,18.179,0.686,21.951,0.297,0.685,0.081,0.756,0.377,-0.45
1.75,-0.443,-0.355,0.0,0.0,0.665,0.085,6.269,0.002,0.683,756.006,18.131,0.686,21.874,0.292,0.677,0.078,0.755,0.443,0.355
1.8,-0.474,-0.367,0.0,0.0,0.647,0.085,6.268,0.002,0.681,754.197,18.08,0.682,21.81,0.287,0.671,0.076,0.754,0.474,0.367
1.85,-0.477,-0.371,0.0,0.0,0.628,0.085,6.268,0.002,0.683,744.919,18.137,0.686,21.784,0.284,0.665,0.073,0.751,0.477,0.371
1.9,-0.829,-0.426,0.0,0.0,0.575,0.084,6.27,0.002,0.684,743.643,18.18,0.686,21.753,0.281,0.66,0.071,0.749,0.829,0.426
1.95,-0.871,-0.459,0.0,0.0,0.572,0.084,6.271,0.002,0.684,758.448,18.167,0.686,21.696,0.278,0.654,0.069,0.748,0.871,0.459
2.0,-0.767,0.498,0.0,0.0,0.59,0.084,6.272,0.002,0.685,763.958,18.188,0.686,21.653,0.274,0.649,0.067,0.747,0.767,-0.498
2.05,-0.799,0.51,0.0,0.0,0.581,0.085,6.271,0.002,0.684,761.576,18.157,0.686,21.606,0.271,0.643,0.065,0.744,0.799,-0.51
2.1,-0.821,0.536,0.0,0.0,0.57,0.085,6.271,0.002,0.683,768.477,18.106,0.686,21.54,0.267,0.637,0.063,0.744,0.821,-0.536
2.15,-0.842,0.554,0.0,0.0,0.557,0.085,6.27,0.002,0.683,764.655,18.108,0.686,21.504,0.265,0.631,0.061,0.743,0.842,-0.554
2.2,-1.082,-0.513,0.0,0.0,0.514,0.085,6.269,0.002,0.68,766.022,18.015,0.682,21.431,0.262,0.626,0.059,0.741,1.082,0.513
2.25,-1.093,-0.526,0.0,0.0,0.506,0.086,6.271,0.002,0.679,775.427,17.951,0.682,21.362,0.259,0.621,0.058,0.74,1.093,0.526
2.3,-1.122,-0.524,0.0,0.0,0.496,0.086,6.271,0.002,0.68,774.944,18.001,0.682,21.347,0.257,0.617,0.056,0.739,1.122,0.524
2.35,-1.168,-0.531,0.0,0.0,0.49,0.086,6.273,0.002,0.68,786.472,17.989,0.682,21.3,0.254,0.612,0.055,0.738,1.168,0.531
2.4,-1.184,-0.556,0.0,0.0,0.48,0.085,6.272,0.002,0.684,766.491,18.13,0.686,21.324,0.254,0.609,0.054,0.736,1.184,0.556
2.45,-1.219,-0.565,0.0,0.0,0.469,0.085,6.272,0.002,0.684,762.486,18.129,0.686,21.292,0.252,0.605,0.053,0.735,1.219,0.565
2.5,-1.219,-0.563,0.0,0.0,0.458,0.085,6.271,0.002,0.685,759.458,18.159,0.686,21.268,0.251,0.6,0.051,0.734,1.219,0.563
2.55,-1.263,-0.572,0.0,0.0,0.448,0.084,6.271,0.002,0.688,732.251,18.276,0.69,21.27,0.25,0.597,0.05,0.732,1.263,0.572
2.6,-1.245,-0.579,0.0,0.0,0.441,0.085,6.271,0.002,0.682,764.117,18.075,0.686,21.168,0.247,0.591,0.049,0.732,1.245,0.579
2.65,-1.266,-0.582,0.0,0.0,0.427,0.086,6.272,0.002,0.681,774.652,18.017,0.682,21.114,0.245,0.588,0.048,0.731,1.266,0.582
2.7,-1.275,-0.598,0.0,0.0,0.421,0.086,6.274,0.002,0.68,781.97,17.965,0.682,21.061,0.244,0.584,0.047,0.729,1.275,0.598
2.75,-1.275,-0.615,0.0,0.0,0.408,0.085,6.275,0.002,0.682,775.996,18.058,0.686,21.063,0.243,0.58,0.046,0.728,1.275,0.615
2.8,-1.257,-0.641,0.0,0.0,0.403,0.085,6.275,0.002,0.682,774.255,18.056,0.686,21.035,0.242,0.577,0.045,0.728,1.257,0.641
2.85,-1.26,-0.644,0.0,0.0,0.394,0.085,6.275,0.002,0.682,772.278,18.053,0.686,21.004,0.24,0.573,0.044,0.727,1.26,0.644
2.9,-1.263,-0.668,0.0,0.0,0.384,0.085,6.274,0.002,0.682,769.551,18.048,0.686,20.977,0.24,0.57,0.043,0.726,1.263,0.668
2.95,-1.269,-0.671,0.0,0.0,0.374,0.085,6.275,0.002,0.682,770.326,18.044,0.686,20.947,0.239,0.566,0.042,0.726,1.269,0.671
3.0,-1.247,-0.683,0.0,0.0,0.368,0.084,6.275,0.002,0.686,756.633,18.208,0.69,20.97,0.24,0.565,0.042,0.725,1.247,0.683
-3.0,-1.027,1.696,0.0,0.0,0.255,0.111,6.526,0.005,0.63,966.31,15.046,0.631,18.125,0.13,0.4,0.031,0.689,1.027,-1.696
-2.95,-0.981,1.645,0.0,0.0,0.266,0.11,6.526,0.005,0.639,936.688,15.303,0.643,18.168,0.133,0.407,0.031,0.69,0.981,-1.645
-2.9,-1.069,1.621,0.0,0.0,0.273,0.108,6.526,0.005,0.642,901.501,15.496,0.643,18.257,0.137,0.414,0.032,0.691,1.069,-1.621
-2.85,-1.032,1.583,0.0,0.0,0.281,0.106,6.526,0.005,0.646,880.718,15.676,0.647,18.287,0.14,0.42,0.033,0.692,1.032,-1.583
-2.8,-1.051,1.639,0.0,0.0,0.295,0.11,6.526,0.005,0.635,942.928,15.238,0.635,18.258,0.14,0.421,0.034,0.692,1.051,-1.639
-2.75,-1.13,1.545,0.0,0.0,0.297,0.111,6.527,0.005,0.63,971.056,15.048,0.631,18.233,0.141,0.425,0.034,0.693,1.13,-1.545
-2.7,-1.112,1.563,0.0,0.0,0.296,0.116,6.526,0.006,0.62,1047.639,14.579,0.624,18.062,0.14,0.425,0.034,0.693,1.112,-1.563
-2.65,-1.104,1.53,0.0,0.0,0.3,0.112,6.526,0.005,0.628,976.042,14.985,0.631,18.262,0.146,0.434,0.036,0.694,1.104,-1.53
-2.6,-1.09,1.53,0.0,0.0,0.312,0.116,6.525,0.006,0.615,1042.827,14.515,0.62,18.086,0.145,0.434,0.036,0.694,1.09,-1.53
-2.55,-0.908,0.865,0.0,0.0,0.366,0.115,6.525,0.006,0.617,1032.824,14.582,0.62,18.145,0.149,0.44,0.037,0.695,0.908,-0.865
-2.5,-0.891,0.824,0.0,0.0,0.376,0.112,6.526,0.005,0.623,977.556,14.918,0.627,18.329,0.154,0.449,0.039,0.697,0.891,-0.824
-2.45,-1.054,1.438,0.0,0.0,0.331,0.111,6.527,0.005,0.631,965.441,15.107,0.635,18.391,0.157,0.455,0.04,0.698,1.054,-1.438
-2.4,-0.919,0.828,0.0,0.0,0.394,0.115,6.528,0.006,0.624,1033.465,14.711,0.627,18.261,0.157,0.457,0.041,0.698,0.919,-0.828
-2.35,-0.854,0.798,0.0,0.0,0.395,0.116,6.527,0.006,0.618,1062.69,14.509,0.62,18.196,0.159,0.461,0.041,0.698,0.854,-0.798
-2.3,-0.828,0.783,0.0,0.0,0.403,0.116,6.525,0.006,0.618,1055.052,14.517,0.62,18.229,0.162,0.466,0.043,0.699,0.828,-0.783
-2.25,-0.801,0.762,0.0,0.0,0.409,0.116,6.524,0.006,0.613,1043.963,14.457,0.616,18.233,0.165,0.471,0.044,0.7,0.801,-0.762
-2.2,-0.78,0.772,0.0,0.0,0.418,0.117,6.524,0.006,0.61,1062.819,14.319,0.612,18.18,0.167,0.477,0.045,0.701,0.78,-0.772
-2.15,-0.759,0.744,0.0,0.0,0.417,0.118,6.525,0.006,0.608,1081.02,14.238,0.612,18.155,0.169,0.482,0.046,0.702,0.759,-0.744
-2.1,-0.75,0.77,0.0,0.0,0.427,0.116,6.526,0.006,0.613,1054.222,14.446,0.616,18.302,0.173,0.489,0.048,0.704,0.75,-0.77
-2.05,-0.76,0.777,0.0,0.0,0.437,0.115,6.527,0.006,0.624,1029.641,14.715,0.627,18.448,0.177,0.497,0.05,0.706,0.76,-0.777
-2.0,-0.782,0.76,0.0,0.0,0.452,0.114,6.528,0.006,0.616,1027.635,14.639,0.62,18.458,0.181,0.504,0.052,0.708,0.782,-0.76
-1.95,-0.763,0.742,0.0,0.0,0.461,0.116,6.527,0.006,0.604,1069.779,14.292,0.608,18.262,0.182,0.508,0.053,0.709,0.763,-0.742
-1.9,-0.792,0.741,0.0,0.0,0.472,0.12,6.524,0.006,0.595,1134.243,13.87,0.596,17.986,0.182,0.51,0.054,0.71,0.792,-0.741
-1.85,-0.793,0.711,0.0,0.0,0.484,0.12,6.523,0.006,0.602,1112.19,14.028,0.604,18.16,0.186,0.517,0.056,0.712,0.793,-0.711
-1.8,-0.78,0.691,0.0,0.0,0.497,0.118,6.523,0.006,0.608,1071.403,14.25,0.612,18.345,0.19,0.526,0.059,0.715,0.78,-0.691
-1.75,-0.756,0.658,0.0,0.0,0.507,0.114,6.524,0.006,0.614,1011.459,14.6,0.616,18.58,0.196,0.537,0.061,0.717,0.756,-0.658
-1.7,-0.765,0.626,0.0,0.0,0.522,0.111,6.525,0.005,0.632,954.146,15.121,0.635,18.803,0.201,0.547,0.065,0.72,0.765,-0.626
-1.65,-0.786,0.643,0.0,0.0,0.537,0.112,6.526,0.005,0.633,974.983,15.057,0.635,18.782,0.204,0.554,0.067,0.722,0.786,-0.643
-1.6,-0.725,0.596,0.0,0.0,0.55,0.113,6.527,0.005,0.629,999.003,14.921,0.631,18.772,0.208,0.561,0.07,0.724,0.725,-0.596
-1.55,-0.707,0.579,0.0,0.0,0.564,0.115,6.526,0.006,0.622,1031.8,14.656,0.624,18.706,0.21,0.568,0.072,0.727,0.707,-0.579
-1.5,-0.697,0.547,0.0,0.0,0.577,0.117,6.524,0.006,0.615,1063.972,14.392,0.616,18.613,0.214,0.575,0.075,0.73,0.697,-0.547
-1.45,-0.702,0.523,0.0,0.0,0.596,0.118,6.523,0.006,0.608,1072.401,14.251,0.612,18.558,0.219,0.584,0.078,0.733,0.702,-0.523
-1.4,-0.677,0.459,0.0,0.0,0.608,0.117,6.524,0.006,0.612,1057.879,14.387,0.616,18.687,0.226,0.596,0.082,0.736,0.677,-0.459
-1.35,-0.617,0.448,0.0,0.0,0.617,0.114,6.525,0.006,0.616,1014.795,14.657,0.62,18.888,0.236,0.61,0.087,0.741,0.617,-0.448
-1.3,-0.641,-0.056,0.0,0.0,0.707,0.112,6.526,0.005,0.628,984.561,14.985,0.631,19.069,0.246,0.624,0.092,0.744,0.641,0.056
-1.25,-0.589,-0.055,0.0,0.0,0.723,0.11,6.526,0.005,0.635,949.118,15.24,0.635,19.198,0.258,0.638,0.097,0.748,0.589,0.055
-1.2,-0.547,-0.047,0.0,0.0,0.744,0.109,6.525,0.005,0.638,923.859,15.377,0.639,19.302,0.271,0.653,0.103,0.752,0.547,0.047
-1.15,-0.509,-0.039,0.0,0.0,0.763,0.113,6.523,0.005,0.623,987.703,14.811,0.624,19.257,0.282,0.663,0.107,0.757,0.509,0.039
-1.1,-0.476,-0.037,0.0,0.0,0.781,0.115,6.519,0.006,0.615,1012.983,14.557,0.62,19.24,0.297,0.676,0.112,0.761,0.476,0.037
-1.05,-0.085,0.013,0.0,0.0,0.91,0.118,6.519,0.006,0.611,1068.288,14.274,0.612,19.176,0.313,0.689,0.118,0.765,0.085,-0.013
-1.0,-0.074,0.021,0.0,0.0,0.926,0.115,6.522,0.006,0.616,1033.959,14.537,0.62,19.46,0.336,0.708,0.126,0.77,0.074,-0.021
-0.95,-0.073,0.024,0.0,0.0,0.923,0.112,6.525,0.005,0.628,985.835,14.99,0.631,19.808,0.362,0.728,0.136,0.776,0.073,-0.024
-0.9,-0.06,0.028,0.0,0.0,0.929,0.106,6.529,0.005,0.615,904.457,15.236,0.616,20.143,0.391,0.75,0.148,0.781,0.06,-0.028
-0.85,-0.073,0.022,0.0,0.0,0.933,0.109,6.53,0.005,0.643,949.494,15.42,0.647,20.192,0.42,0.768,0.157,0.787,0.073,-0.022
-0.8,-0.047,0.031,0.0,0.0,0.937,0.107,6.526,0.005,0.648,907.044,15.621,0.651,20.441,0.455,0.789,0.17,0.793,0.047,-0.031
-0.75,-0.046,0.031,0.0,0.0,0.936,0.109,6.519,0.005,0.637,908.06,15.35,0.639,20.891,0.493,0.808,0.182,0.801,0.046,-0.031
-0.7,-0.048,0.034,0.0,0.0,0.941,0.111,6.514,0.005,0.628,928.262,15.057,0.631,21.237,0.532,0.827,0.195,0.808,0.048,-0.034
-0.65,-0.038,0.028,0.0,0.0,0.943,0.113,6.514,0.005,0.616,967.811,14.717,0.62,21.474,0.572,0.844,0.209,0.817,0.038,-0.028
-0.6,-0.036,0.044,0.0,0.0,0.937,0.114,6.517,0.005,0.621,987.521,14.762,0.624,21.938,0.614,0.862,0.227,0.826,0.036,-0.044
-0.55,-0.036,0.047,0.0,0.0,0.936,0.111,6.525,0.005,0.625,978.588,14.991,0.627,22.516,0.655,0.881,0.249,0.836,0.036,-0.047
-0.5,-0.03,0.04,0.0,0.0,0.935,0.108,6.533,0.005,0.637,954.36,15.393,0.639,23.05,0.695,0.899,0.275,0.847,0.03,-0.04
-0.45,-0.024,0.048,0.0,0.0,0.935,0.104,6.537,0.005,0.63,894.641,15.621,0.631,23.887,0.736,0.915,0.307,0.858,0.024,-0.048
-0.4,-0.036,0.046,0.0,0.0,0.919,0.105,6.533,0.005,0.647,893.621,15.767,0.647,24.15,0.778,0.931,0.339,0.873,0.036,-0.046
-0.35,-0.012,0.034,0.0,0.0,0.918,0.107,6.519,0.005,0.637,873.495,15.482,0.639,25.45,0.823,0.946,0.376,0.889,0.012,-0.034
-0.3,0.01,0.02,0.0,0.0,0.913,0.11,6.511,0.005,0.627,885.782,15.139,0.627,26.758,0.866,0.958,0.417,0.908,-0.01,-0.02
-0.25,0.003,0.028,0.0,0.0,0.913,0.113,6.512,0.005,0.621,939.347,14.808,0.624,27.941,0.904,0.968,0.464,0.926,-0.003,-0.028
-0.2,-0.004,0.025,0.0,0.0,0.915,0.112,6.52,0.005,0.62,966.778,14.828,0.624,29.633,0.936,0.979,0.526,0.946,0.004,-0.025
-0.15,0.006,0.011,0.0,0.0,0.926,0.11,6.537,0.005,0.632,985.211,15.194,0.635,32.086,0.962,0.988,0.605,0.965,-0.006,-0.011
-0.1,0.01,0.01,0.0,0.0,0.94,0.111,6.561,0.006,0.636,1091.918,15.189,0.639,34.199,0.981,0.994,0.692,0.981,-0.01,-0.01
-0.05,0.011,0.007,0.0,0.0,0.957,0.11,6.592,0.006,0.645,1200.338,15.374,0.651,33.411,0.992,0.998,0.802,0.993,-0.011,-0.007
0.0,-0.0,-0.0,0.0,0.0,1.0,0.107,6.63,0.006,0.627,1270.044,15.394,0.631,100.0,1.0,1.0,1.0,1.0,0.0,0.0
0.05,0.001,-0.003,0.0,0.0,0.958,0.109,6.593,0.006,0.643,1190.186,15.374,0.647,34.477,0.992,0.998,0.803,0.993,-0.001,0.003
0.1,-0.002,-0.009,0.0,0.0,0.938,0.111,6.561,0.006,0.634,1103.503,15.124,0.639,34.413,0.98,0.993,0.69,0.981,0.002,0.009
0.15,0.004,-0.016,0.0,0.0,0.93,0.113,6.536,0.006,0.622,1044.808,14.807,0.624,31.786,0.962,0.986,0.598,0.964,-0.004,0.016
0.2,0.021,-0.02,0.0,0.0,0.918,0.114,6.52,0.005,0.616,986.013,14.698,0.62,29.3,0.936,0.978,0.525,0.944,-0.021,0.02
0.25,0.026,-0.02,0.0,0.0,0.914,0.111,6.511,0.005,0.622,914.86,14.949,0.624,28.066,0.904,0.969,0.467,0.925,-0.026,0.02
0.3,0.025,-0.021,0.0,0.0,0.908,0.109,6.511,0.005,0.629,879.084,15.211,0.631,26.772,0.866,0.959,0.418,0.906,-0.025,0.021
0.35,0.019,-0.022,0.0,0.0,0.907,0.109,6.518,0.005,0.631,908.42,15.237,0.631,25.498,0.823,0.945,0.373,0.889,-0.019,0.022
0.4,0.02,-0.026,0.0,0.0,0.918,0.106,6.532,0.005,0.644,913.151,15.656,0.647,24.228,0.778,0.931,0.338,0.872,-0.02,0.026
0.45,0.026,-0.022,0.0,0.0,0.928,0.106,6.536,0.005,0.619,930.425,15.318,0.62,23.747,0.736,0.915,0.305,0.858,-0.026,0.022
0.5,0.041,-0.04,0.0,0.0,0.929,0.113,6.531,0.006,0.627,1040.409,14.89,0.627,22.922,0.694,0.896,0.27,0.846,-0.041,0.04
0.55,0.043,-0.038,0.0,0.0,0.936,0.114,6.523,0.006,0.616,1024.423,14.669,0.62,22.299,0.654,0.878,0.246,0.835,-0.043,0.038
0.6,0.071,-0.032,0.0,0.0,0.935,0.115,6.515,0.006,0.611,1017.426,14.501,0.612,21.701,0.612,0.86,0.226,0.825,-0.071,0.032
0.65,0.061,-0.042,0.0,0.0,0.934,0.116,6.511,0.006,0.607,1017.608,14.382,0.608,21.169,0.571,0.841,0.207,0.815,-0.061,0.042
0.7,0.051,-0.048,0.0,0.0,0.931,0.114,6.511,0.005,0.615,974.241,14.669,0.616,21.026,0.531,0.824,0.193,0.807,-0.051,0.048
0.75,0.076,-0.032,0.0,0.0,0.931,0.111,6.516,0.005,0.614,948.371,14.848,0.616,20.743,0.492,0.806,0.181,0.8,-0.076,0.032
0.8,0.064,-0.032,0.0,0.0,0.935,0.11,6.524,0.005,0.626,949.322,15.137,0.627,20.544,0.454,0.787,0.169,0.793,-0.064,0.032
0.85,0.04,-0.058,0.0,0.0,0.927,0.112,6.526,0.005,0.628,1002.255,14.991,0.631,20.17,0.418,0.765,0.155,0.787,-0.04,0.058
0.9,0.053,-0.035,0.0,0.0,0.926,0.113,6.526,0.006,0.601,1019.292,14.525,0.604,19.639,0.388,0.745,0.144,0.781,-0.053,0.035
0.95,0.059,-0.036,0.0,0.0,0.92,0.117,6.523,0.006,0.607,1079.367,14.322,0.608,19.424,0.359,0.723,0.134,0.775,-0.059,0.036
1.0,0.062,-0.02,0.0,0.0,0.907,0.121,6.519,0.006,0.588,1132.714,13.76,0.588,18.735,0.332,0.701,0.124,0.768,-0.062,0.02
1.05,0.085,-0.028,0.0,0.0,0.898,0.118,6.516,0.006,0.596,1068.657,14.075,0.596,18.924,0.313,0.688,0.118,0.764,-0.085,0.028
1.1,0.446,0.013,0.0,0.0,0.778,0.116,6.517,0.006,0.604,1025.104,14.363,0.608,19.06,0.296,0.675,0.112,0.76,-0.446,-0.013
1.15,0.496,0.024,0.0,0.0,0.753,0.115,6.52,0.006,0.611,1033.075,14.483,0.612,19.058,0.28,0.66,0.106,0.755,-0.496,-0.024
1.2,0.466,-0.337,0.0,0.0,0.68,0.114,6.523,0.006,0.621,1021.597,14.741,0.624,19.102,0.267,0.648,0.101,0.75,-0.466,0.337
1.25,0.563,0.028,0.0,0.0,0.723,0.114,6.525,0.006,0.619,1041.118,14.665,0.62,18.982,0.254,0.633,0.096,0.747,-0.563,-0.028
1.3,0.558,-0.434,0.0,0.0,0.638,0.117,6.525,0.006,0.607,1080.751,14.316,0.608,18.707,0.242,0.618,0.09,0.742,-0.558,0.434
1.35,0.575,-0.419,0.0,0.0,0.619,0.116,6.523,0.006,0.589,1061.22,14.11,0.592,18.369,0.233,0.606,0.086,0.739,-0.575,0.419
1.4,0.62,-0.471,0.0,0.0,0.606,0.119,6.521,0.006,0.602,1117.473,14.049,0.604,18.431,0.223,0.591,0.081,0.735,-0.62,0.471
1.45,0.627,-0.49,0.0,0.0,0.585,0.117,6.52,0.006,0.605,1063.184,14.276,0.608,18.542,0.219,0.583,0.078,0.732,-0.627,0.49
1.5,0.657,-0.543,0.0,0.0,0.569,0.117,6.52,0.006,0.61,1062.263,14.348,0.612,18.565,0.213,0.573,0.075,0.729,-0.657,0.543
1.55,0.678,-0.57,0.0,0.0,0.553,0.117,6.522,0.006,0.612,1064.811,14.406,0.616,18.563,0.208,0.565,0.072,0.726,-0.678,0.57
1.6,0.712,-0.611,0.0,0.0,0.536,0.114,6.523,0.006,0.621,1014.749,14.752,0.624,18.713,0.206,0.559,0.07,0.723,-0.712,0.611
1.65,0.699,-0.627,0.0,0.0,0.529,0.113,6.522,0.005,0.625,993.251,14.891,0.627,18.743,0.203,0.552,0.067,0.721,-0.699,0.627
1.7,0.729,-0.62,0.0,0.0,0.512,0.113,6.52,0.005,0.623,999.945,14.832,0.624,18.692,0.199,0.543,0.064,0.719,-0.729,0.62
1.75,0.743,-0.613,0.0,0.0,0.499,0.115,6.519,0.006,0.616,1031.139,14.568,0.62,18.543,0.194,0.534,0.061,0.716,-0.743,0.613
1.8,0.782,-0.657,0.0,0.0,0.483,0.115,6.518,0.006,0.596,1036.512,14.29,0.596,18.27,0.191,0.526,0.059,0.714,-0.782,0.657
1.85,0.804,-0.672,0.0,0.0,0.479,0.116,6.518,0.006,0.602,1065.59,14.28,0.604,18.285,0.187,0.517,0.057,0.711,-0.804,0.672
1.9,0.786,-0.699,0.0,0.0,0.456,0.115,6.52,0.006,0.606,1057.491,14.413,0.608,18.35,0.185,0.512,0.055,0.709,-0.786,0.699
1.95,0.793,-0.677,0.0,0.0,0.447,0.113,6.522,0.006,0.62,1016.565,14.818,0.624,18.55,0.185,0.509,0.054,0.708,-0.793,0.677
2.0,0.818,-0.753,0.0,0.0,0.436,0.111,6.522,0.005,0.621,984.895,14.952,0.624,18.593,0.183,0.504,0.052,0.706,-0.818,0.753
2.05,0.82,-0.738,0.0,0.0,0.43,0.111,6.52,0.005,0.624,983.911,14.961,0.627,18.563,0.18,0.497,0.051,0.705,-0.82,0.738
2.1,0.807,-0.758,0.0,0.0,0.42,0.116,6.519,0.006,0.614,1051.732,14.498,0.616,18.312,0.174,0.486,0.048,0.703,-0.807,0.758
2.15,0.81,-0.757,0.0,0.0,0.412,0.118,6.517,0.006,0.599,1094.929,14.08,0.6,18.004,0.169,0.477,0.046,0.7,-0.81,0.757
2.2,0.836,-0.778,0.0,0.0,0.399,0.12,6.516,0.006,0.595,1108.919,13.942,0.596,17.868,0.165,0.47,0.045,0.699,-0.836,0.778
2.25,0.827,-0.762,0.0,0.0,0.394,0.116,6.516,0.006,0.597,1048.536,14.228,0.6,18.015,0.164,0.468,0.044,0.699,-0.827,0.762
2.3,0.801,-0.806,0.0,0.0,0.394,0.114,6.519,0.006,0.608,1029.13,14.503,0.608,18.197,0.163,0.465,0.043,0.699,-0.801,0.806
2.35,0.42,-1.384,0.0,0.0,0.377,0.113,6.52,0.006,0.622,1019.812,14.771,0.624,18.305,0.161,0.46,0.042,0.698,-0.42,1.384
2.4,0.821,-0.825,0.0,0.0,0.379,0.112,6.52,0.005,0.627,995.449,14.97,0.627,18.358,0.16,0.457,0.041,0.697,-0.821,0.825
2.45,0.894,-1.38,0.0,0.0,0.319,0.112,6.52,0.005,0.627,993.733,14.971,0.627,18.334,0.157,0.452,0.04,0.697,-0.894,1.38
2.5,0.854,-0.843,0.0,0.0,0.382,0.115,6.518,0.006,0.616,1049.144,14.571,0.62,18.141,0.152,0.443,0.039,0.695,-0.854,0.843
2.55,0.952,-1.441,0.0,0.0,0.32,0.117,6.518,0.006,0.61,1077.381,14.366,0.612,18.005,0.148,0.436,0.037,0.694,-0.952,1.441
2.6,0.939,-1.459,0.0,0.0,0.302,0.119,6.517,0.006,0.603,1121.148,14.081,0.604,17.796,0.143,0.428,0.036,0.693,-0.939,1.459
2.65,1.002,-1.483,0.0,0.0,0.302,0.119,6.517,0.006,0.605,1113.272,14.152,0.608,17.822,0.141,0.424,0.035,0.692,-1.002,1.483
2.7,1.011,-1.584,0.0,0.0,0.295,0.115,6.518,0.006,0.606,1055.782,14.433,0.608,17.961,0.141,0.423,0.035,0.692,-1.011,1.584
2.75,0.99,-1.597,0.0,0.0,0.281,0.113,6.517,0.006,0.622,1025.901,14.777,0.624,18.116,0.139,0.42,0.034,0.692,-0.99,1.597
2.8,0.981,-1.602,0.0,0.0,0.278,0.111,6.517,0.005,0.629,981.618,15.049,0.631,18.198,0.139,0.418,0.034,0.692,-0.981,1.602
2.85,0.98,-1.672,0.0,0.0,0.278,0.11,6.516,0.005,0.629,947.657,15.184,0.631,18.243,0.138,0.415,0.033,0.692,-0.98,1.672
2.9,0.89,-1.658,0.0,0.0,0.273,0.114,6.514,0.006,0.62,1013.266,14.736,0.62,18.042,0.133,0.406,0.032,0.69,-0.89,1.658
2.95,0.947,-1.676,0.0,0.0,0.262,0.117,6.514,0.006,0.609,1070.524,14.321,0.612,17.804,0.128,0.398,0.031,0.689,-0.947,1.676
3.0,0.952,-1.751,0.0,0.0,0.264,0.117,6.514,0.006,0.609,1073.166,14.318,0.612,17.782,0.126,0.393,0.03,0.688,-0.952,1.751
-3.0,-1.211,0.383,0.0,0.0,0.37,0.121,6.754,0.008,0.654,1922.389,14.64,0.667,16.856,0.107,0.376,0.022,0.711,1.211,-0.383
-2.95,-0.312,0.086,0.0,0.0,0.427,0.121,6.753,0.007,0.66,1906.372,14.761,0.671,16.862,0.107,0.38,0.023,0.712,0.312,-0.086
-2.9,-0.329,0.074,0.0,0.0,0.438,0.119,6.754,0.007,0.652,1845.098,14.813,0.663,16.978,0.11,0.385,0.023,0.713,0.329,-0.074
-2.85,-1.191,0.37,0.0,0.0,0.398,0.119,6.755,0.007,0.652,1860.332,14.806,0.663,16.989,0.11,0.388,0.024,0.713,1.191,-0.37
-2.8,-1.183,0.358,0.0,0.0,0.405,0.119,6.756,0.007,0.638,1887.181,14.565,0.651,16.98,0.111,0.391,0.024,0.714,1.183,-0.358
-2.75,-1.184,0.369,0.0,0.0,0.414,0.12,6.756,0.007,0.654,1906.478,14.741,0.667,16.974,0.111,0.394,0.025,0.714,1.184,-0.369
-2.7,-1.159,0.363,0.0,0.0,0.43,0.12,6.756,0.007,0.657,1916.726,14.74,0.667,16.964,0.112,0.397,0.026,0.715,1.159,-0.363
-2.65,-0.375,0.059,0.0,0.0,0.493,0.12,6.754,0.007,0.661,1899.447,14.808,0.675,16.962,0.113,0.401,0.026,0.716,0.375,-0.059
-2.6,-1.125,0.399,0.0,0.0,0.453,0.119,6.754,0.007,0.651,1861.46,14.758,0.663,17.067,0.114,0.405,0.027,0.716,1.125,-0.399
-2.55,-1.107,0.037,0.0,0.0,0.515,0.119,6.754,0.007,0.657,1848.188,14.869,0.667,17.08,0.116,0.409,0.028,0.717,1.107,-0.037
-2.5,-1.092,0.027,0.0,0.0,0.523,0.118,6.755,0.007,0.651,1822.747,14.865,0.663,17.153,0.117,0.415,0.029,0.718,1.092,-0.027
-2.45,-0.365,0.007,0.0,0.0,0.547,0.121,6.756,0.008,0.663,1943.243,14.744,0.675,16.989,0.116,0.416,0.029,0.72,0.365,-0.007
-2.4,-1.062,0.409,0.0,0.0,0.496,0.121,6.756,0.008,0.663,1945.893,14.742,0.675,17.011,0.118,0.42,0.03,0.721,1.062,-0.409
-2.35,-1.026,0.419,0.0,0.0,0.508,0.119,6.755,0.007,0.661,1856.191,14.919,0.671,17.138,0.121,0.427,0.032,0.722,1.026,-0.419
-2.3,-1.016,0.409,0.0,0.0,0.517,0.118,6.754,0.007,0.654,1817.246,14.874,0.667,17.233,0.124,0.433,0.033,0.723,1.016,-0.409
-2.25,-0.985,0.418,0.0,0.0,0.532,0.119,6.752,0.007,0.649,1843.051,14.712,0.663,17.229,0.125,0.437,0.034,0.724,0.985,-0.418
-2.2,-0.967,0.411,0.0,0.0,0.543,0.121,6.752,0.007,0.654,1893.472,14.653,0.667,17.191,0.127,0.441,0.035,0.726,0.967,-0.411
-2.15,-0.933,0.045,0.0,0.0,0.591,0.123,6.754,0.008,0.656,1978.884,14.524,0.667,17.125,0.128,0.446,0.036,0.727,0.933,-0.045
-2.1,-0.913,0.071,0.0,0.0,0.605,0.12,6.756,0.007,0.641,1883.107,14.574,0.651,17.299,0.132,0.454,0.037,0.728,0.913,-0.071
-2.05,-0.889,0.408,0.0,0.0,0.579,0.12,6.757,0.007,0.648,1917.654,14.621,0.659,17.308,0.134,0.46,0.039,0.73,0.889,-0.408
-2.0,-0.861,0.066,0.0,0.0,0.632,0.121,6.758,0.008,0.637,1939.664,14.439,0.647,17.305,0.136,0.466,0.04,0.732,0.861,-0.066
-1.95,-0.838,0.068,0.0,0.0,0.647,0.118,6.758,0.007,0.643,1833.759,14.741,0.655,17.459,0.14,0.474,0.042,0.734,0.838,-0.068
-1.9,-0.806,0.077,0.0,0.0,0.659,0.118,6.755,0.007,0.637,1822.786,14.636,0.647,17.47,0.143,0.481,0.043,0.736,0.806,-0.077
-1.85,-0.788,0.072,0.0,0.0,0.669,0.117,6.753,0.007,0.625,1785.342,14.526,0.635,17.447,0.146,0.488,0.045,0.737,0.788,-0.072
-1.8,-0.765,0.068,0.0,0.0,0.681,0.116,6.753,0.007,0.641,1751.143,14.821,0.651,17.613,0.149,0.496,0.047,0.739,0.765,-0.068
-1.75,-0.741,0.083,0.0,0.0,0.702,0.12,6.754,0.007,0.652,1874.777,14.694,0.663,17.514,0.151,0.501,0.048,0.741,0.741,-0.083
-1.7,-0.702,0.079,0.0,0.0,0.718,0.119,6.757,0.007,0.647,1862.365,14.685,0.659,17.594,0.154,0.51,0.051,0.742,0.702,-0.079
-1.65,-0.671,0.063,0.0,0.0,0.73,0.119,6.758,0.007,0.642,1882.872,14.615,0.655,17.623,0.158,0.518,0.053,0.745,0.671,-0.063
-1.6,-0.656,0.066,0.0,0.0,0.744,0.122,6.76,0.008,0.658,1957.463,14.669,0.671,17.552,0.16,0.526,0.055,0.747,0.656,-0.066
-1.55,-0.641,0.067,0.0,0.0,0.764,0.123,6.759,0.008,0.66,1979.981,14.619,0.671,17.552,0.164,0.534,0.057,0.75,0.641,-0.067
-1.5,-0.604,0.053,0.0,0.0,0.775,0.124,6.755,0.008,0.655,1990.328,14.463,0.667,17.583,0.167,0.542,0.06,0.753,0.604,-0.053
-1.45,-0.574,0.051,0.0,0.0,0.786,0.123,6.754,0.008,0.645,1945.171,14.406,0.655,17.696,0.173,0.554,0.063,0.756,0.574,-0.051
-1.4,-0.536,0.053,0.0,0.0,0.799,0.121,6.754,0.007,0.642,1888.578,14.519,0.655,17.816,0.18,0.566,0.066,0.759,0.536,-0.053
-1.35,-0.515,0.057,0.0,0.0,0.811,0.119,6.756,0.007,0.635,1847.946,14.565,0.647,17.906,0.187,0.579,0.07,0.762,0.515,-0.057
-1.3,-0.479,0.042,0.0,0.0,0.828,0.122,6.76,0.008,0.649,1961.538,14.549,0.659,17.889,0.193,0.591,0.073,0.765,0.479,-0.042
-1.25,-0.448,0.025,0.0,0.0,0.84,0.122,6.762,0.008,0.654,1976.356,14.598,0.667,17.939,0.203,0.605,0.077,0.769,0.448,-0.025
-1.2,-0.42,0.02,0.0,0.0,0.856,0.124,6.761,0.008,0.655,2054.675,14.428,0.667,17.929,0.213,0.619,0.081,0.772,0.42,-0.02
-1.15,-0.165,0.01,0.0,0.0,0.897,0.121,6.757,0.008,0.645,1920.991,14.512,0.655,18.166,0.226,0.637,0.086,0.776,0.165,-0.01
-1.1,-0.154,0.017,0.0,0.0,0.903,0.12,6.752,0.007,0.642,1849.672,14.542,0.655,18.313,0.241,0.653,0.092,0.781,0.154,-0.017
-1.05,-0.137,0.009,0.0,0.0,0.912,0.121,6.752,0.007,0.661,1875.945,14.725,0.675,18.323,0.257,0.67,0.097,0.786,0.137,-0.009
-1.0,-0.135,0.004,0.0,0.0,0.918,0.119,6.754,0.007,0.634,1816.861,14.536,0.643,18.56,0.275,0.688,0.104,0.79,0.135,-0.004
-0.95,-0.124,0.01,0.0,0.0,0.919,0.118,6.758,0.007,0.628,1833.571,14.504,0.639,18.651,0.296,0.707,0.111,0.795,0.124,-0.01
-0.9,-0.123,0.006,0.0,0.0,0.923,0.122,6.761,0.008,0.634,1992.487,14.297,0.647,18.715,0.317,0.724,0.117,0.801,0.123,-0.006
-0.85,-0.12,-0.003,0.0,0.0,0.927,0.125,6.764,0.008,0.649,2118.33,14.284,0.659,18.824,0.343,0.743,0.125,0.806,0.12,0.003
-0.8,-0.099,-0.011,0.0,0.0,0.927,0.126,6.762,0.008,0.655,2137.5,14.294,0.667,18.995,0.374,0.764,0.134,0.811,0.099,0.011
-0.75,-0.098,-0.015,0.0,0.0,0.936,0.126,6.754,0.008,0.653,2062.409,14.278,0.667,19.324,0.41,0.785,0.145,0.817,0.098,0.015
-0.7,-0.077,-0.015,0.0,0.0,0.94,0.122,6.749,0.008,0.651,1868.306,14.557,0.663,19.849,0.449,0.808,0.159,0.824,0.077,0.015
-0.65,-0.069,-0.01,0.0,0.0,0.948,0.124,6.748,0.008,0.644,1921.798,14.321,0.655,20.161,0.488,0.827,0.171,0.832,0.069,0.01
-0.6,-0.056,-0.014,0.0,0.0,0.953,0.124,6.752,0.008,0.651,1935.691,14.426,0.663,20.552,0.53,0.847,0.187,0.84,0.056,0.014
-0.55,-0.05,-0.007,0.0,0.0,0.956,0.122,6.757,0.008,0.648,1943.767,14.505,0.659,21.024,0.572,0.866,0.205,0.849,0.05,0.007
-0.5,-0.045,-0.009,0.0,0.0,0.965,0.122,6.765,0.008,0.645,2013.714,14.455,0.655,21.465,0.614,0.884,0.226,0.858,0.045,0.009
-0.45,-0.036,-0.01,0.0,0.0,0.966,0.123,6.769,0.008,0.649,2082.929,14.478,0.659,21.955,0.66,0.902,0.25,0.869,0.036,0.01
-0.4,-0.04,-0.007,0.0,0.0,0.97,0.122,6.767,0.008,0.651,2036.208,14.548,0.663,22.67,0.71,0.921,0.282,0.882,0.04,0.007
-0.35,-0.032,-0.01,0.0,0.0,0.973,0.123,6.754,0.008,0.646,1953.659,14.442,0.659,23.728,0.767,0.938,0.319,0.897,0.032,0.01
-0.3,-0.036,-0.005,0.0,0.0,0.979,0.122,6.748,0.008,0.644,1885.109,14.468,0.655,25.003,0.821,0.954,0.363,0.914,0.036,0.005
-0.25,-0.024,-0.002,0.0,0.0,0.981,0.118,6.751,0.007,0.646,1816.8,14.74,0.655,26.562,0.869,0.968,0.42,0.93,0.024,0.002
-0.2,-0.021,-0.004,0.0,0.0,0.985,0.12,6.764,0.007,0.653,1978.095,14.72,0.663,28.147,0.912,0.979,0.481,0.948,0.021,0.004
-0.15,-0.024,-0.004,0.0,0.0,0.984,0.12,6.784,0.008,0.644,2169.818,14.587,0.655,30.51,0.946,0.988,0.554,0.966,0.024,0.004
-0.1,-0.015,-0.009,0.0,0.0,0.987,0.122,6.815,0.008,0.646,2508.419,14.463,0.655,33.417,0.971,0.994,0.64,0.982,0.015,0.009
-0.05,-0.008,-0.002,0.0,0.0,0.99,0.122,6.853,0.009,0.642,2850.323,14.403,0.651,37.399,0.988,0.998,0.756,0.993,0.008,0.002
0.0,0.0,0.0,0.0,0.0,1.0,0.124,6.899,0.009,0.645,3314.771,14.353,0.655,100.0,1.0,1.0,1.0,1.0,0.0,0.0
0.05,0.005,-0.004,0.0,0.0,0.99,0.123,6.853,0.009,0.644,2901.853,14.345,0.655,37.577,0.988,0.998,0.753,0.994,-0.005,0.004
0.1,0.007,-0.01,0.0,0.0,0.986,0.122,6.815,0.008,0.65,2513.103,14.52,0.663,33.223,0.971,0.994,0.641,0.982,-0.007,0.01
0.15,0.022,-0.007,0.0,0.0,0.984,0.121,6.785,0.008,0.656,2190.854,14.703,0.667,30.028,0.946,0.987,0.554,0.966,-0.022,0.007
0.2,0.029,-0.007,0.0,0.0,0.981,0.119,6.764,0.007,0.659,1959.213,14.836,0.671,27.83,0.911,0.978,0.482,0.948,-0.029,0.007
0.25,0.026,-0.011,0.0,0.0,0.98,0.12,6.751,0.007,0.667,1859.775,14.92,0.678,25.682,0.869,0.967,0.418,0.93,-0.026,0.011
0.3,0.041,-0.005,0.0,0.0,0.978,0.121,6.748,0.007,0.659,1863.555,14.71,0.671,24.808,0.821,0.952,0.365,0.914,-0.041,0.005
0.35,0.046,-0.013,0.0,0.0,0.974,0.12,6.754,0.007,0.657,1884.914,14.737,0.667,23.655,0.767,0.936,0.321,0.897,-0.046,0.013
0.4,0.047,-0.002,0.0,0.0,0.967,0.121,6.767,0.008,0.65,2000.562,14.609,0.663,22.719,0.71,0.918,0.283,0.882,-0.047,0.002
0.45,0.053,-0.004,0.0,0.0,0.969,0.123,6.77,0.008,0.654,2074.373,14.539,0.667,21.918,0.66,0.899,0.25,0.87,-0.053,0.004
0.5,0.054,0.002,0.0,0.0,0.968,0.124,6.765,0.008,0.657,2078.659,14.458,0.667,21.314,0.615,0.88,0.225,0.859,-0.054,-0.002
0.55,0.057,0.005,0.0,0.0,0.964,0.12,6.757,0.007,0.641,1864.566,14.57,0.651,21.093,0.572,0.863,0.207,0.849,-0.057,-0.005
0.6,0.063,-0.0,0.0,0.0,0.958,0.119,6.752,0.007,0.643,1785.729,14.667,0.655,20.721,0.53,0.844,0.19,0.839,-0.063,0.0
0.65,0.075,0.006,0.0,0.0,0.951,0.12,6.749,0.007,0.647,1804.816,14.622,0.659,20.288,0.49,0.825,0.174,0.831,-0.075,-0.006
0.7,0.087,0.005,0.0,0.0,0.945,0.121,6.749,0.007,0.639,1848.867,14.434,0.651,19.861,0.45,0.804,0.159,0.824,-0.087,-0.005
0.75,0.092,-0.006,0.0,0.0,0.939,0.123,6.755,0.008,0.663,1949.697,14.639,0.675,19.351,0.412,0.783,0.147,0.817,-0.092,0.006
0.8,0.099,-0.003,0.0,0.0,0.938,0.121,6.763,0.008,0.651,1967.3,14.591,0.663,19.191,0.376,0.762,0.136,0.81,-0.099,0.003
0.85,0.115,-0.009,0.0,0.0,0.935,0.123,6.765,0.008,0.656,2040.762,14.522,0.667,18.874,0.345,0.74,0.126,0.804,-0.115,0.009
0.9,0.117,-0.011,0.0,0.0,0.934,0.121,6.762,0.008,0.642,1955.95,14.478,0.655,18.793,0.319,0.721,0.118,0.799,-0.117,0.011
0.95,0.134,-0.011,0.0,0.0,0.929,0.119,6.759,0.007,0.636,1845.749,14.561,0.647,18.7,0.297,0.703,0.111,0.795,-0.134,0.011
1.0,0.147,-0.011,0.0,0.0,0.928,0.121,6.755,0.007,0.638,1867.311,14.465,0.647,18.531,0.276,0.685,0.103,0.79,-0.147,0.011
1.05,0.159,-0.019,0.0,0.0,0.923,0.12,6.753,0.007,0.662,1825.804,14.835,0.675,18.375,0.259,0.669,0.098,0.786,-0.159,0.019
1.1,0.179,-0.018,0.0,0.0,0.912,0.119,6.754,0.007,0.652,1803.093,14.774,0.663,18.362,0.243,0.653,0.092,0.782,-0.179,0.018
1.15,0.383,-0.03,0.0,0.0,0.867,0.123,6.76,0.008,0.645,1977.816,14.38,0.655,18.108,0.228,0.635,0.086,0.777,-0.383,0.03
1.2,0.409,-0.026,0.0,0.0,0.85,0.122,6.763,0.008,0.659,1969.003,14.655,0.671,17.999,0.215,0.621,0.082,0.772,-0.409,0.026
1.25,0.43,-0.031,0.0,0.0,0.837,0.12,6.764,0.007,0.65,1926.559,14.65,0.663,18.01,0.206,0.607,0.077,0.768,-0.43,0.031
1.3,0.463,-0.047,0.0,0.0,0.823,0.122,6.761,0.008,0.653,1975.323,14.542,0.663,17.862,0.195,0.592,0.073,0.765,-0.463,0.047
1.35,0.481,-0.042,0.0,0.0,0.811,0.119,6.758,0.007,0.652,1855.431,14.742,0.663,17.914,0.189,0.581,0.07,0.762,-0.481,0.042
1.4,0.508,-0.048,0.0,0.0,0.798,0.122,6.755,0.008,0.665,1934.955,14.695,0.675,17.671,0.18,0.567,0.066,0.759,-0.508,0.048
1.45,0.533,-0.066,0.0,0.0,0.782,0.125,6.755,0.008,0.666,2010.181,14.524,0.678,17.514,0.173,0.554,0.062,0.756,-0.533,0.066
1.5,0.576,-0.072,0.0,0.0,0.766,0.123,6.757,0.008,0.654,1958.602,14.514,0.667,17.628,0.169,0.545,0.06,0.753,-0.576,0.072
1.55,0.589,-0.073,0.0,0.0,0.752,0.123,6.76,0.008,0.663,1991.329,14.615,0.675,17.507,0.164,0.536,0.057,0.75,-0.589,0.073
1.6,0.623,-0.08,0.0,0.0,0.744,0.122,6.761,0.008,0.663,1956.929,14.721,0.675,17.514,0.161,0.528,0.055,0.748,-0.623,0.08
1.65,0.649,-0.078,0.0,0.0,0.731,0.122,6.76,0.008,0.65,1951.247,14.546,0.659,17.549,0.157,0.519,0.053,0.746,-0.649,0.078
1.7,0.674,-0.084,0.0,0.0,0.712,0.12,6.759,0.007,0.65,1882.875,14.676,0.663,17.574,0.155,0.512,0.051,0.743,-0.674,0.084
1.75,0.696,-0.092,0.0,0.0,0.698,0.122,6.757,0.008,0.658,1927.594,14.626,0.667,17.436,0.151,0.502,0.048,0.741,-0.696,0.092
1.8,0.715,-0.103,0.0,0.0,0.685,0.122,6.755,0.008,0.658,1918.32,14.632,0.667,17.402,0.148,0.494,0.046,0.739,-0.715,0.103
1.85,0.737,-0.089,0.0,0.0,0.671,0.119,6.757,0.007,0.649,1829.906,14.745,0.659,17.506,0.146,0.488,0.045,0.737,-0.737,0.089
1.9,0.775,-0.106,0.0,0.0,0.66,0.12,6.76,0.007,0.641,1887.476,14.556,0.651,17.423,0.142,0.48,0.043,0.735,-0.775,0.106
1.95,0.785,-0.436,0.0,0.0,0.617,0.119,6.763,0.007,0.645,1883.696,14.656,0.655,17.415,0.14,0.474,0.042,0.733,-0.785,0.436
2.0,0.833,-0.095,0.0,0.0,0.636,0.12,6.764,0.007,0.655,1919.732,14.715,0.667,17.326,0.137,0.467,0.04,0.732,-0.833,0.095
2.05,0.83,-0.458,0.0,0.0,0.589,0.124,6.762,0.008,0.662,2027.523,14.543,0.675,17.125,0.132,0.457,0.038,0.731,-0.83,0.458
2.1,0.85,-0.45,0.0,0.0,0.576,0.121,6.76,0.008,0.669,1916.993,14.847,0.678,17.13,0.132,0.453,0.037,0.729,-0.85,0.45
2.15,0.887,-0.476,0.0,0.0,0.569,0.118,6.758,0.007,0.668,1810.798,15.032,0.678,17.215,0.13,0.449,0.036,0.728,-0.887,0.476
2.2,0.918,-0.463,0.0,0.0,0.553,0.12,6.757,0.007,0.662,1862.596,14.808,0.675,17.172,0.127,0.441,0.035,0.727,-0.918,0.463
2.25,0.937,-0.483,0.0,0.0,0.543,0.119,6.757,0.007,0.661,1836.919,14.866,0.671,17.189,0.125,0.436,0.034,0.726,-0.937,0.483
2.3,0.957,-0.463,0.0,0.0,0.531,0.12,6.76,0.007,0.664,1882.052,14.849,0.675,17.11,0.122,0.43,0.032,0.724,-0.957,0.463
2.35,0.98,-0.484,0.0,0.0,0.516,0.123,6.762,0.008,0.665,1986.252,14.662,0.675,16.97,0.119,0.423,0.031,0.723,-0.98,0.484
2.4,0.994,-0.497,0.0,0.0,0.508,0.122,6.762,0.008,0.664,1958.513,14.716,0.675,16.991,0.117,0.419,0.03,0.721,-0.994,0.497
2.45,1.026,-0.496,0.0,0.0,0.494,0.118,6.762,0.007,0.649,1822.762,14.832,0.659,17.182,0.118,0.417,0.03,0.72,-1.026,0.496
2.5,1.018,-0.499,0.0,0.0,0.481,0.117,6.761,0.007,0.651,1795.3,14.895,0.663,17.179,0.117,0.414,0.029,0.718,-1.018,0.499
2.55,1.053,-0.494,0.0,0.0,0.469,0.12,6.76,0.007,0.67,1857.443,14.967,0.678,16.961,0.115,0.407,0.028,0.718,-1.053,0.494
2.6,1.068,-0.49,0.0,0.0,0.457,0.122,6.759,0.008,0.673,1911.359,14.857,0.682,16.843,0.113,0.401,0.027,0.718,-1.068,0.49
2.65,1.092,-0.487,0.0,0.0,0.442,0.12,6.76,0.007,0.659,1867.357,14.799,0.671,16.995,0.113,0.399,0.026,0.717,-1.092,0.487
2.7,1.114,-0.484,0.0,0.0,0.435,0.12,6.761,0.007,0.655,1889.78,14.731,0.667,16.993,0.112,0.396,0.026,0.717,-1.114,0.484
2.75,1.145,-0.481,0.0,0.0,0.421,0.121,6.762,0.007,0.658,1915.755,14.723,0.667,16.941,0.111,0.391,0.025,0.716,-1.145,0.481
2.8,1.159,-0.47,0.0,0.0,0.416,0.123,6.761,0.008,0.647,1983.146,14.427,0.659,16.881,0.109,0.385,0.024,0.715,-1.159,0.47
2.85,0.353,-0.095,0.0,0.0,0.454,0.122,6.761,0.008,0.646,1944.867,14.489,0.655,16.906,0.109,0.383,0.024,0.715,-0.353,0.095
2.9,0.361,-0.093,0.0,0.0,0.444,0.123,6.761,0.008,0.652,1972.22,14.493,0.663,16.845,0.107,0.378,0.023,0.714,-0.361,0.093
2.95,1.204,-0.44,0.0,0.0,0.387,0.121,6.76,0.007,0.643,1910.709,14.497,0.655,16.898,0.108,0.376,0.023,0.713,-1.204,0.44
3.0,0.345,-0.104,0.0,0.0,0.421,0.123,6.761,0.008,0.643,1963.461,14.378,0.655,16.827,0.106,0.37,0.022,0.712,-0.345,0.104
-3.0,2.454,-2.571,0.0,0.0,0.203,0.089,6.254,0.004,0.631,862.624,17.02,0.643,18.912,0.121,0.365,0.027,0.696,-2.454,2.571
-2.95,2.418,-2.59,0.0,0.0,0.21,0.09,6.254,0.004,0.638,888.146,16.965,0.651,18.789,0.12,0.366,0.028,0.697,-2.418,2.59
-2.9,2.387,-2.563,0.0,0.0,0.214,0.092,6.254,0.004,0.638,928.199,16.781,0.651,18.691,0.12,0.367,0.028,0.697,-2.387,2.563
-2.85,2.369,-2.552,0.0,0.0,0.21,0.09,6.254,0.004,0.624,886.99,16.771,0.635,18.899,0.123,0.375,0.029,0.698,-2.369,2.552
-2.8,2.349,-2.483,0.0,0.0,0.211,0.088,6.254,0.004,0.641,850.646,17.208,0.655,18.879,0.127,0.382,0.03,0.7,-2.349,2.483
-2.75,2.204,-1.706,0.0,0.0,0.26,0.089,6.254,0.004,0.665,867.821,17.443,0.678,18.373,0.128,0.386,0.031,0.701,-2.204,1.706
-2.7,2.255,-2.412,0.0,0.0,0.213,0.088,6.253,0.004,0.67,844.728,17.626,0.682,18.308,0.131,0.392,0.032,0.702,-2.255,2.412
-2.65,2.316,-2.339,0.0,0.0,0.212,0.088,6.253,0.004,0.655,847.939,17.393,0.667,18.691,0.132,0.397,0.033,0.703,-2.316,2.339
-2.6,2.203,-2.314,0.0,0.0,0.207,0.089,6.252,0.004,0.656,860.198,17.338,0.667,18.643,0.133,0.401,0.034,0.703,-2.203,2.314
-2.55,2.075,-1.565,0.0,0.0,0.261,0.091,6.252,0.004,0.645,893.092,17.031,0.659,18.788,0.133,0.404,0.034,0.704,-2.075,1.565
-2.5,2.015,-1.574,0.0,0.0,0.263,0.091,6.253,0.004,0.629,905.701,16.775,0.643,18.95,0.135,0.41,0.035,0.705,-2.015,1.574
-2.45,-1.516,-0.664,0.0,0.0,0.32,0.088,6.254,0.004,0.622,841.175,17.019,0.635,19.167,0.141,0.421,0.037,0.707,1.516,0.664
-2.4,1.971,-1.593,0.0,0.0,0.261,0.088,6.255,0.004,0.631,847.928,17.138,0.643,19.148,0.144,0.427,0.038,0.708,-1.971,1.593
-2.35,-1.407,-0.637,0.0,0.0,0.325,0.088,6.256,0.004,0.638,860.406,17.192,0.651,19.074,0.146,0.433,0.039,0.709,1.407,0.637
-2.3,-1.383,-0.64,0.0,0.0,0.331,0.091,6.254,0.004,0.659,906.094,17.202,0.671,18.595,0.145,0.435,0.04,0.71,1.383,0.64
-2.25,1.422,-1.542,0.0,0.0,0.366,0.092,6.253,0.005,0.648,928.944,16.911,0.659,18.781,0.148,0.441,0.041,0.711,-1.422,1.542
-2.2,0.934,-0.933,0.0,0.0,0.455,0.092,6.252,0.004,0.643,924.692,16.851,0.655,18.884,0.151,0.448,0.042,0.713,-0.934,0.933
-2.15,-1.267,0.142,0.0,0.0,0.391,0.092,6.252,0.005,0.643,928.366,16.845,0.655,18.909,0.155,0.457,0.044,0.714,1.267,-0.142
-2.1,-1.25,0.125,0.0,0.0,0.405,0.095,6.253,0.005,0.644,981.849,16.642,0.659,18.806,0.156,0.461,0.045,0.715,1.25,-0.125
-2.05,0.811,-0.889,0.0,0.0,0.494,0.095,6.254,0.005,0.644,992.518,16.633,0.659,18.832,0.16,0.47,0.046,0.717,-0.811,0.889
-2.0,-0.12,-0.162,0.0,0.0,0.614,0.092,6.255,0.005,0.64,943.994,16.812,0.651,19.047,0.168,0.483,0.049,0.72,0.12,0.162
-1.95,-0.138,-0.172,0.0,0.0,0.631,0.09,6.254,0.004,0.636,887.046,17.02,0.647,19.26,0.175,0.496,0.051,0.722,0.138,0.172
-1.9,-0.143,-0.185,0.0,0.0,0.644,0.089,6.252,0.004,0.636,875.959,17.035,0.647,19.307,0.181,0.506,0.053,0.724,0.143,0.185
-1.85,-0.115,-0.202,0.0,0.0,0.672,0.09,6.251,0.004,0.642,889.345,17.037,0.655,19.233,0.186,0.515,0.055,0.726,0.115,0.202
-1.8,-0.108,-0.187,0.0,0.0,0.693,0.089,6.252,0.004,0.627,871.641,16.919,0.639,19.466,0.193,0.526,0.057,0.728,0.108,0.187
-1.75,-0.094,-0.192,0.0,0.0,0.718,0.089,6.253,0.004,0.631,878.789,16.975,0.643,19.478,0.2,0.537,0.06,0.73,0.094,0.192
-1.7,-0.099,-0.198,0.0,0.0,0.743,0.088,6.255,0.004,0.622,847.483,17.018,0.635,19.654,0.209,0.55,0.063,0.733,0.099,0.198
-1.65,-0.086,-0.184,0.0,0.0,0.76,0.089,6.256,0.004,0.614,871.934,16.823,0.627,19.639,0.215,0.56,0.065,0.736,0.086,0.184
-1.6,-0.089,-0.167,0.0,0.0,0.776,0.087,6.256,0.004,0.621,843.785,17.062,0.631,19.787,0.224,0.573,0.069,0.739,0.089,0.167
-1.55,-0.077,-0.166,0.0,0.0,0.794,0.085,6.255,0.004,0.632,808.4,17.384,0.643,19.884,0.234,0.587,0.072,0.742,0.077,0.166
-1.5,-0.066,-0.173,0.0,0.0,0.817,0.088,6.251,0.004,0.645,845.183,17.291,0.659,19.626,0.241,0.596,0.075,0.745,0.066,0.173
-1.45,-0.037,-0.167,0.0,0.0,0.835,0.09,6.249,0.004,0.648,859.862,17.189,0.659,19.578,0.25,0.607,0.078,0.747,0.037,0.167
-1.4,-0.029,-0.163,0.0,0.0,0.855,0.09,6.248,0.004,0.646,865.093,17.129,0.659,19.663,0.26,0.62,0.081,0.751,0.029,0.163
-1.35,-0.02,-0.163,0.0,0.0,0.874,0.088,6.248,0.004,0.636,835.993,17.184,0.647,20.002,0.273,0.637,0.086,0.754,0.02,0.163
-1.3,-0.019,-0.17,0.0,0.0,0.887,0.086,6.251,0.004,0.643,801.638,17.523,0.655,20.089,0.288,0.653,0.092,0.757,0.019,0.17
-1.25,-0.227,-0.146,0.0,0.0,0.801,0.086,6.253,0.004,0.62,823.885,17.152,0.631,20.371,0.302,0.668,0.097,0.76,0.227,0.146
-1.2,-0.21,-0.155,0.0,0.0,0.814,0.085,6.254,0.004,0.622,803.788,17.325,0.635,20.54,0.318,0.684,0.103,0.764,0.21,0.155
-1.15,-0.005,-0.155,0.0,0.0,0.933,0.086,6.253,0.004,0.626,815.154,17.275,0.639,20.609,0.335,0.698,0.108,0.769,0.005,0.155
-1.1,-0.008,-0.145,0.0,0.0,0.941,0.089,6.25,0.004,0.635,858.193,17.112,0.647,20.529,0.351,0.712,0.113,0.773,0.008,0.145
-1.05,0.0,-0.154,0.0,0.0,0.942,0.092,6.25,0.004,0.635,924.278,16.79,0.647,20.501,0.368,0.724,0.118,0.777,0.0,0.154
-1.0,-0.011,-0.156,0.0,0.0,0.952,0.094,6.251,0.005,0.641,978.817,16.658,0.655,20.451,0.387,0.738,0.124,0.781,0.011,0.156
-0.95,-0.009,-0.132,0.0,0.0,0.954,0.096,6.253,0.005,0.65,1019.811,16.642,0.663,20.326,0.409,0.753,0.132,0.786,0.009,0.132
-0.9,-0.004,-0.131,0.0,0.0,0.963,0.095,6.256,0.005,0.658,1018.628,16.817,0.671,20.28,0.436,0.771,0.141,0.792,0.004,0.131
-0.85,-0.007,-0.121,0.0,0.0,0.958,0.094,6.257,0.005,0.661,1007.022,16.933,0.675,20.386,0.465,0.79,0.152,0.798,0.007,0.121
-0.8,-0.008,-0.118,0.0,0.0,0.955,0.091,6.256,0.004,0.657,945.823,17.122,0.671,20.898,0.499,0.81,0.166,0.805,0.008,0.118
-0.75,-0.016,-0.103,0.0,0.0,0.962,0.092,6.251,0.004,0.663,925.979,17.161,0.675,20.902,0.534,0.827,0.179,0.812,0.016,0.103
-0.7,-0.022,-0.091,0.0,0.0,0.964,0.092,6.246,0.004,0.655,914.275,17.018,0.667,21.544,0.57,0.844,0.193,0.82,0.022,0.091
-0.65,-0.015,-0.091,0.0,0.0,0.957,0.092,6.246,0.004,0.657,902.023,17.092,0.671,21.82,0.606,0.86,0.21,0.828,0.015,0.091
-0.6,-0.021,-0.083,0.0,0.0,0.964,0.093,6.25,0.005,0.646,931.206,16.877,0.659,22.627,0.642,0.876,0.227,0.837,0.021,0.083
-0.55,-0.003,-0.073,0.0,0.0,0.968,0.094,6.254,0.005,0.647,975.101,16.782,0.659,22.91,0.676,0.89,0.246,0.846,0.003,0.073
-0.5,-0.01,-0.062,0.0,0.0,0.972,0.094,6.258,0.005,0.645,1006.252,16.691,0.659,23.389,0.712,0.904,0.268,0.856,0.01,0.062
-0.45,-0.0,-0.058,0.0,0.0,0.969,0.094,6.258,0.005,0.649,993.67,16.811,0.663,23.766,0.75,0.919,0.296,0.867,0.0,0.058
-0.4,0.005,-0.051,0.0,0.0,0.96,0.089,6.253,0.004,0.64,889.602,17.096,0.655,25.084,0.792,0.937,0.336,0.882,-0.005,0.051
-0.35,-0.004,-0.045,0.0,0.0,0.961,0.089,6.243,0.004,0.649,827.607,17.295,0.663,25.346,0.833,0.951,0.376,0.898,0.004,0.045
-0.3,0.001,-0.035,0.0,0.0,0.957,0.09,6.238,0.004,0.645,822.706,17.133,0.659,26.666,0.873,0.962,0.42,0.915,-0.001,0.035
-0.25,0.0,-0.032,0.0,0.0,0.954,0.091,6.242,0.004,0.646,851.93,17.049,0.659,27.505,0.908,0.972,0.47,0.933,0.0,0.032
-0.2,0.004,-0.024,0.0,0.0,0.955,0.092,6.254,0.005,0.633,927.107,16.724,0.647,30.247,0.938,0.98,0.528,0.95,-0.004,0.024
-0.15,0.001,-0.019,0.0,0.0,0.957,0.092,6.273,0.005,0.631,999.304,16.715,0.643,32.411,0.962,0.987,0.599,0.967,-0.001,0.019
-0.1,0.01,-0.001,0.0,0.0,0.962,0.091,6.301,0.005,0.627,1094.071,16.725,0.639,35.407,0.979,0.993,0.685,0.982,-0.01,0.001
-0.05,0.005,-0.011,0.0,0.0,0.974,0.089,6.336,0.005,0.619,1177.866,16.8,0.631,39.957,0.991,0.998,0.796,0.994,-0.005,0.011
0.0,0.0,0.0,0.0,0.0,1.0,0.088,6.378,0.005,0.621,1288.804,16.994,0.631,100.0,1.0,1.0,1.0,1.0,0.0,0.0
0.05,0.002,-0.001,0.0,0.0,0.972,0.089,6.337,0.005,0.618,1159.085,16.856,0.631,39.811,0.991,0.998,0.797,0.994,-0.002,0.001
0.1,0.004,0.01,0.0,0.0,0.968,0.092,6.302,0.005,0.633,1115.697,16.721,0.647,34.051,0.979,0.993,0.683,0.982,-0.004,-0.01
0.15,0.009,0.035,0.0,0.0,0.964,0.091,6.275,0.005,0.629,979.537,16.783,0.643,32.67,0.962,0.988,0.602,0.968,-0.009,-0.035
0.2,0.014,0.044,0.0,0.0,0.958,0.09,6.255,0.004,0.641,885.531,17.034,0.655,29.278,0.938,0.981,0.532,0.951,-0.014,-0.044
0.25,0.01,0.065,0.0,0.0,0.952,0.089,6.243,0.004,0.641,827.033,17.112,0.655,28.085,0.908,0.973,0.473,0.934,-0.01,-0.065
0.3,0.025,0.064,0.0,0.0,0.952,0.089,6.239,0.004,0.638,803.73,17.139,0.651,27.225,0.873,0.963,0.421,0.917,-0.025,-0.064
0.35,0.013,0.059,0.0,0.0,0.95,0.087,6.244,0.004,0.635,791.795,17.283,0.647,26.443,0.834,0.952,0.38,0.9,-0.013,-0.059
0.4,0.032,0.073,0.0,0.0,0.951,0.088,6.254,0.004,0.645,870.284,17.268,0.659,24.855,0.792,0.938,0.338,0.884,-0.032,-0.073
0.45,0.012,0.072,0.0,0.0,0.956,0.091,6.26,0.004,0.646,933.469,17.057,0.659,24.055,0.751,0.922,0.3,0.87,-0.012,-0.072
0.5,0.022,0.074,0.0,0.0,0.955,0.094,6.26,0.005,0.644,989.435,16.746,0.659,23.506,0.713,0.905,0.269,0.858,-0.022,-0.074
0.55,0.033,0.089,0.0,0.0,0.958,0.095,6.257,0.005,0.647,1001.449,16.646,0.659,22.862,0.676,0.888,0.245,0.847,-0.033,-0.089
0.6,0.043,0.1,0.0,0.0,0.957,0.095,6.252,0.005,0.642,974.005,16.608,0.655,22.655,0.641,0.873,0.225,0.837,-0.043,-0.1
0.65,0.041,0.104,0.0,0.0,0.956,0.096,6.25,0.005,0.648,974.174,16.625,0.663,22.022,0.604,0.856,0.207,0.827,-0.041,-0.104
0.7,0.048,0.109,0.0,0.0,0.954,0.094,6.249,0.005,0.658,947.465,16.882,0.671,21.346,0.568,0.841,0.192,0.819,-0.048,-0.109
0.75,0.049,0.114,0.0,0.0,0.958,0.093,6.254,0.005,0.663,947.247,17.035,0.675,20.869,0.533,0.825,0.178,0.812,-0.049,-0.114
0.8,0.041,0.121,0.0,0.0,0.955,0.092,6.259,0.005,0.646,950.238,16.93,0.659,21.262,0.5,0.808,0.166,0.805,-0.041,-0.121
0.85,0.039,0.117,0.0,0.0,0.956,0.092,6.26,0.005,0.655,955.396,17.049,0.667,20.72,0.467,0.79,0.154,0.799,-0.039,-0.117
0.9,0.036,0.129,0.0,0.0,0.949,0.092,6.258,0.005,0.655,947.538,17.059,0.667,20.528,0.438,0.771,0.143,0.793,-0.036,-0.129
0.95,0.039,0.144,0.0,0.0,0.944,0.092,6.256,0.005,0.644,945.436,16.88,0.659,20.648,0.413,0.753,0.134,0.788,-0.039,-0.144
1.0,0.029,0.154,0.0,0.0,0.946,0.092,6.254,0.004,0.627,926.045,16.706,0.639,20.757,0.39,0.737,0.126,0.783,-0.029,-0.154
1.05,0.026,0.155,0.0,0.0,0.944,0.093,6.253,0.005,0.626,942.315,16.589,0.639,20.539,0.367,0.719,0.118,0.778,-0.026,-0.155
1.1,0.027,0.177,0.0,0.0,0.934,0.089,6.254,0.004,0.619,868.927,16.847,0.631,20.593,0.35,0.707,0.113,0.775,-0.027,-0.177
1.15,0.204,0.163,0.0,0.0,0.836,0.087,6.257,0.004,0.625,837.914,17.135,0.635,20.555,0.334,0.693,0.108,0.77,-0.204,-0.163
1.2,0.235,0.156,0.0,0.0,0.826,0.086,6.259,0.004,0.625,828.647,17.245,0.639,20.477,0.318,0.679,0.103,0.766,-0.235,-0.156
1.25,0.246,0.151,0.0,0.0,0.816,0.088,6.257,0.004,0.629,863.712,17.069,0.643,20.245,0.3,0.662,0.096,0.761,-0.246,-0.151
1.3,0.043,0.168,0.0,0.0,0.887,0.09,6.255,0.004,0.637,892.063,16.969,0.651,19.97,0.284,0.644,0.09,0.758,-0.043,-0.168
1.35,0.056,0.175,0.0,0.0,0.873,0.093,6.253,0.005,0.645,927.603,16.856,0.659,19.632,0.269,0.627,0.085,0.753,-0.056,-0.175
1.4,0.056,0.179,0.0,0.0,0.854,0.092,6.252,0.004,0.638,908.854,16.806,0.651,19.708,0.257,0.614,0.081,0.75,-0.056,-0.179
1.45,0.078,0.176,0.0,0.0,0.84,0.09,6.253,0.004,0.651,869.805,17.173,0.663,19.499,0.248,0.603,0.078,0.747,-0.078,-0.176
1.5,0.082,0.191,0.0,0.0,0.824,0.087,6.255,0.004,0.657,829.516,17.517,0.671,19.39,0.241,0.594,0.076,0.744,-0.082,-0.191
1.55,0.102,0.191,0.0,0.0,0.805,0.084,6.258,0.004,0.649,784.63,17.725,0.663,19.668,0.235,0.585,0.073,0.741,-0.102,-0.191
1.6,0.099,0.191,0.0,0.0,0.783,0.085,6.259,0.004,0.639,799.157,17.541,0.651,19.774,0.226,0.573,0.07,0.738,-0.099,-0.191
1.65,0.092,0.181,0.0,0.0,0.764,0.089,6.259,0.004,0.627,869.419,17.006,0.639,19.651,0.214,0.558,0.066,0.735,-0.092,-0.181
1.7,0.106,0.197,0.0,0.0,0.748,0.09,6.257,0.004,0.632,900.675,16.89,0.647,19.475,0.205,0.544,0.062,0.732,-0.106,-0.197
1.75,0.106,0.186,0.0,0.0,0.72,0.092,6.255,0.004,0.632,916.478,16.773,0.643,19.376,0.197,0.532,0.06,0.73,-0.106,-0.186
1.8,0.118,0.19,0.0,0.0,0.694,0.089,6.254,0.004,0.625,851.54,16.973,0.639,19.519,0.193,0.526,0.058,0.728,-0.118,-0.19
1.85,0.117,0.175,0.0,0.0,0.677,0.089,6.254,0.004,0.634,851.154,17.097,0.647,19.417,0.187,0.515,0.056,0.727,-0.117,-0.175
1.9,-1.165,1.368,0.0,0.0,0.372,0.085,6.255,0.004,0.624,788.528,17.332,0.635,19.62,0.185,0.511,0.055,0.725,1.165,-1.368
1.95,0.137,0.17,0.0,0.0,0.635,0.085,6.258,0.004,0.624,798.984,17.313,0.635,19.569,0.179,0.501,0.053,0.722,-0.137,-0.17
2.0,-1.223,1.491,0.0,0.0,0.375,0.086,6.259,0.004,0.609,815.303,17.059,0.624,19.46,0.174,0.492,0.051,0.721,1.223,-1.491
2.05,-0.712,0.295,0.0,0.0,0.498,0.09,6.259,0.004,0.613,896.789,16.686,0.627,19.244,0.165,0.478,0.048,0.718,0.712,-0.295
2.1,-0.743,0.275,0.0,0.0,0.484,0.09,6.258,0.004,0.632,903.475,16.884,0.647,19.16,0.16,0.469,0.046,0.716,0.743,-0.275
2.15,-1.387,1.593,0.0,0.0,0.374,0.091,6.257,0.004,0.633,911.178,16.829,0.647,19.084,0.155,0.459,0.044,0.714,1.387,-1.593
2.2,1.467,-0.115,0.0,0.0,0.404,0.092,6.257,0.004,0.636,915.822,16.833,0.651,19.008,0.151,0.451,0.043,0.712,-1.467,0.115
2.25,1.469,-0.136,0.0,0.0,0.393,0.091,6.258,0.004,0.63,905.717,16.827,0.643,19.07,0.148,0.445,0.042,0.711,-1.469,0.136
2.3,-1.075,1.553,0.0,0.0,0.399,0.089,6.259,0.004,0.622,869.646,16.941,0.635,19.189,0.148,0.442,0.041,0.71,1.075,-1.553
2.35,1.489,-0.725,0.0,0.0,0.374,0.089,6.261,0.004,0.614,895.28,16.739,0.627,19.102,0.144,0.434,0.039,0.708,-1.489,0.725
2.4,1.544,0.706,0.0,0.0,0.338,0.091,6.26,0.004,0.612,928.322,16.545,0.624,18.985,0.139,0.425,0.038,0.706,-1.544,-0.706
2.45,1.482,-0.775,0.0,0.0,0.36,0.093,6.259,0.005,0.622,966.808,16.49,0.635,18.895,0.135,0.416,0.036,0.705,-1.482,0.775
2.5,1.598,0.74,0.0,0.0,0.326,0.093,6.258,0.005,0.644,968.409,16.762,0.659,18.701,0.133,0.41,0.035,0.704,-1.598,-0.74
2.55,1.56,-0.808,0.0,0.0,0.348,0.093,6.256,0.005,0.658,954.215,16.965,0.671,18.428,0.13,0.404,0.034,0.704,-1.56,0.808
2.6,-2.115,1.816,0.0,0.0,0.269,0.094,6.256,0.005,0.656,955.087,16.909,0.671,18.433,0.128,0.398,0.033,0.703,2.115,-1.816
2.65,-1.317,1.649,0.0,0.0,0.358,0.096,6.255,0.005,0.653,1002.859,16.649,0.667,18.38,0.124,0.389,0.032,0.701,1.317,-1.649
2.7,-2.107,1.876,0.0,0.0,0.259,0.095,6.257,0.005,0.642,988.549,16.578,0.655,18.584,0.123,0.386,0.031,0.7,2.107,-1.876
2.75,-2.139,1.843,0.0,0.0,0.259,0.098,6.259,0.005,0.638,1046.361,16.299,0.651,18.489,0.119,0.377,0.03,0.698,2.139,-1.843
2.8,-2.155,1.837,0.0,0.0,0.256,0.096,6.259,0.005,0.638,1021.792,16.43,0.651,18.536,0.118,0.374,0.03,0.698,2.155,-1.837
2.85,-2.238,2.532,0.0,0.0,0.212,0.094,6.259,0.005,0.645,985.153,16.694,0.659,18.527,0.118,0.373,0.029,0.698,2.238,-2.532
2.9,-2.308,2.549,0.0,0.0,0.213,0.093,6.258,0.005,0.653,964.711,16.886,0.667,18.419,0.118,0.37,0.028,0.697,2.308,-2.549
2.95,-2.34,2.592,0.0,0.0,0.208,0.093,6.258,0.005,0.664,955.26,17.078,0.678,18.186,0.117,0.366,0.028,0.696,2.34,-2.592
3.0,-2.262,2.64,0.0,0.0,0.203,0.092,6.258,0.005,0.672,939.317,17.253,0.686,18.001,0.116,0.363,0.027,0.696,2.262,-2.64
-3.0,1.791,-1.163,0.0,0.0,0.157,0.183,7.233,0.006,0.423,822.92,7.29,0.451,14.792,0.147,0.448,0.041,0.683,-1.791,1.163
-2.95,-2.363,-1.45,0.0,0.0,0.22,0.18,7.233,0.006,0.421,798.217,7.383,0.447,14.888,0.151,0.455,0.042,0.685,2.363,1.45
-2.9,-2.364,-1.449,0.0,0.0,0.22,0.182,7.232,0.006,0.416,816.237,7.196,0.443,14.855,0.152,0.461,0.043,0.685,2.364,1.449
-2.85,-2.272,-1.418,0.0,0.0,0.224,0.18,7.233,0.006,0.426,807.552,7.477,0.451,14.991,0.157,0.468,0.044,0.687,2.272,1.418
-2.8,-2.269,-1.454,0.0,0.0,0.235,0.18,7.233,0.006,0.426,810.757,7.475,0.451,15.032,0.159,0.475,0.045,0.688,2.269,1.454
-2.75,-2.228,-1.454,0.0,0.0,0.239,0.181,7.233,0.006,0.433,820.341,7.569,0.459,15.076,0.162,0.481,0.046,0.688,2.228,1.454
-2.7,-2.204,-1.448,0.0,0.0,0.247,0.182,7.233,0.006,0.43,825.217,7.481,0.455,15.096,0.164,0.487,0.047,0.689,2.204,1.448
-2.65,-2.155,-1.465,0.0,0.0,0.255,0.184,7.233,0.006,0.427,843.927,7.293,0.455,15.067,0.166,0.493,0.048,0.69,2.155,1.465
-2.6,-1.198,-0.253,0.0,0.0,0.296,0.182,7.233,0.006,0.427,821.088,7.391,0.455,15.164,0.17,0.501,0.05,0.691,1.198,0.253
-2.55,-1.184,-0.237,0.0,0.0,0.304,0.182,7.233,0.006,0.427,823.691,7.391,0.455,15.212,0.173,0.508,0.051,0.693,1.184,0.237
-2.5,-1.178,-0.196,0.0,0.0,0.313,0.18,7.233,0.006,0.426,806.223,7.48,0.451,15.32,0.178,0.516,0.053,0.694,1.178,0.196
-2.45,-1.138,-0.232,0.0,0.0,0.322,0.18,7.233,0.006,0.417,811.339,7.292,0.443,15.318,0.181,0.523,0.054,0.696,1.138,0.232
-2.4,-1.968,-1.521,0.0,0.0,0.285,0.183,7.233,0.006,0.418,840.494,7.197,0.443,15.316,0.183,0.53,0.055,0.696,1.968,1.521
-2.35,-1.878,-1.488,0.0,0.0,0.295,0.182,7.234,0.006,0.421,833.832,7.293,0.447,15.415,0.189,0.538,0.057,0.698,1.878,1.488
-2.3,-1.068,-0.221,0.0,0.0,0.357,0.182,7.233,0.006,0.43,827.607,7.486,0.455,15.526,0.194,0.545,0.059,0.7,1.068,0.221
-2.25,-1.007,-0.224,0.0,0.0,0.37,0.182,7.232,0.006,0.432,824.597,7.49,0.459,15.58,0.198,0.553,0.061,0.701,1.007,0.224
-2.2,-1.007,-0.214,0.0,0.0,0.38,0.178,7.232,0.006,0.445,787.036,7.945,0.471,15.766,0.205,0.562,0.063,0.703,1.007,0.214
-2.15,-0.985,-0.221,0.0,0.0,0.393,0.181,7.231,0.006,0.437,809.776,7.676,0.463,15.77,0.209,0.57,0.065,0.705,0.985,0.221
-2.1,-0.952,-0.206,0.0,0.0,0.405,0.182,7.233,0.006,0.435,823.687,7.583,0.463,15.811,0.214,0.578,0.067,0.707,0.952,0.206
-2.05,-0.912,-0.189,0.0,0.0,0.414,0.182,7.232,0.006,0.425,828.403,7.393,0.451,15.844,0.219,0.586,0.069,0.708,0.912,0.189
-2.0,-0.872,-0.162,0.0,0.0,0.427,0.182,7.233,0.006,0.421,831.855,7.299,0.447,15.892,0.225,0.595,0.071,0.71,0.872,0.162
-1.95,-0.865,-0.213,0.0,0.0,0.445,0.18,7.233,0.006,0.431,816.763,7.578,0.455,16.066,0.233,0.604,0.074,0.712,0.865,0.213
-1.9,-0.821,-0.178,0.0,0.0,0.456,0.181,7.232,0.006,0.428,814.515,7.492,0.455,16.125,0.239,0.613,0.076,0.714,0.821,0.178
-1.85,-0.784,-0.195,0.0,0.0,0.472,0.182,7.231,0.006,0.427,822.162,7.403,0.455,16.171,0.246,0.622,0.079,0.716,0.784,0.195
-1.8,-0.735,-0.187,0.0,0.0,0.487,0.179,7.232,0.006,0.429,793.263,7.592,0.455,16.362,0.255,0.632,0.082,0.719,0.735,0.187
-1.75,0.704,0.009,0.0,0.0,0.496,0.183,7.231,0.006,0.425,835.49,7.311,0.451,16.329,0.261,0.641,0.084,0.721,-0.704,-0.009
-1.7,-0.646,-0.18,0.0,0.0,0.519,0.184,7.232,0.006,0.422,851.732,7.213,0.447,16.383,0.269,0.65,0.087,0.723,0.646,0.18
-1.65,0.676,0.004,0.0,0.0,0.54,0.181,7.232,0.006,0.433,828.521,7.587,0.459,16.63,0.282,0.662,0.091,0.726,-0.676,-0.004
-1.6,0.661,0.006,0.0,0.0,0.558,0.182,7.233,0.006,0.43,840.74,7.492,0.455,16.703,0.291,0.672,0.095,0.729,-0.661,-0.006
-1.55,0.626,-0.016,0.0,0.0,0.579,0.181,7.233,0.006,0.433,826.103,7.587,0.459,16.853,0.302,0.683,0.099,0.732,-0.626,0.016
-1.5,0.594,-0.008,0.0,0.0,0.597,0.178,7.232,0.006,0.431,789.228,7.684,0.459,17.041,0.314,0.695,0.104,0.735,-0.594,0.008
-1.45,0.547,0.009,0.0,0.0,0.618,0.181,7.232,0.006,0.421,808.255,7.316,0.447,17.025,0.324,0.705,0.107,0.738,-0.547,-0.009
-1.4,0.511,0.005,0.0,0.0,0.639,0.18,7.232,0.006,0.431,797.268,7.596,0.455,17.273,0.338,0.717,0.112,0.742,-0.511,-0.005
-1.35,0.481,0.008,0.0,0.0,0.666,0.181,7.232,0.006,0.426,819.854,7.413,0.451,17.341,0.35,0.728,0.117,0.746,-0.481,-0.008
-1.3,0.442,0.013,0.0,0.0,0.686,0.183,7.232,0.006,0.425,845.437,7.314,0.451,17.438,0.364,0.739,0.122,0.749,-0.442,-0.013
-1.25,0.4,0.028,0.0,0.0,0.698,0.18,7.232,0.006,0.422,822.884,7.404,0.447,17.649,0.379,0.752,0.129,0.754,-0.4,-0.028
-1.2,0.361,0.025,0.0,0.0,0.721,0.181,7.233,0.006,0.428,831.914,7.5,0.455,17.85,0.396,0.764,0.135,0.758,-0.361,-0.025
-1.15,0.336,0.035,0.0,0.0,0.743,0.18,7.232,0.006,0.436,810.841,7.687,0.463,18.104,0.415,0.777,0.142,0.763,-0.336,-0.035
-1.1,0.296,0.031,0.0,0.0,0.762,0.179,7.232,0.006,0.443,787.758,7.874,0.467,18.346,0.434,0.789,0.149,0.768,-0.296,-0.031
-1.05,-0.046,0.037,0.0,0.0,0.86,0.179,7.233,0.006,0.438,784.027,7.784,0.463,18.557,0.453,0.802,0.157,0.774,0.046,-0.037
-1.0,-0.048,0.045,0.0,0.0,0.872,0.178,7.233,0.006,0.432,785.957,7.692,0.459,18.772,0.472,0.814,0.166,0.779,0.048,-0.045
-0.95,-0.045,0.052,0.0,0.0,0.887,0.181,7.234,0.006,0.426,831.07,7.414,0.451,18.868,0.492,0.826,0.174,0.785,0.045,-0.052
-0.9,-0.026,0.043,0.0,0.0,0.892,0.181,7.234,0.006,0.426,845.032,7.411,0.451,19.124,0.515,0.839,0.184,0.792,0.026,-0.043
-0.85,-0.018,0.03,0.0,0.0,0.906,0.182,7.233,0.006,0.423,859.559,7.316,0.451,19.35,0.539,0.851,0.195,0.799,0.018,-0.03
-0.8,-0.032,0.035,0.0,0.0,0.916,0.182,7.233,0.006,0.428,848.913,7.416,0.455,19.732,0.567,0.865,0.207,0.807,0.032,-0.035
-0.75,-0.035,0.033,0.0,0.0,0.925,0.182,7.23,0.006,0.428,815.66,7.43,0.455,20.121,0.596,0.878,0.221,0.815,0.035,-0.033
-0.7,-0.03,0.019,0.0,0.0,0.931,0.182,7.229,0.006,0.433,793.895,7.532,0.459,20.592,0.628,0.891,0.236,0.824,0.03,-0.019
-0.65,-0.022,0.02,0.0,0.0,0.936,0.183,7.229,0.006,0.425,802.852,7.343,0.451,20.9,0.656,0.903,0.252,0.834,0.022,-0.02
-0.6,-0.027,0.012,0.0,0.0,0.946,0.181,7.23,0.006,0.426,812.314,7.432,0.451,21.4,0.687,0.914,0.27,0.844,0.027,-0.012
-0.55,-0.019,-0.001,0.0,0.0,0.953,0.179,7.232,0.006,0.429,819.691,7.606,0.459,22.001,0.718,0.926,0.291,0.854,0.019,0.001
-0.5,-0.021,0.003,0.0,0.0,0.959,0.179,7.233,0.006,0.425,847.88,7.503,0.451,22.42,0.747,0.936,0.314,0.865,0.021,-0.003
-0.45,-0.025,0.018,0.0,0.0,0.966,0.179,7.232,0.006,0.425,855.24,7.504,0.455,23.022,0.779,0.946,0.339,0.878,0.025,-0.018
-0.4,-0.017,0.003,0.0,0.0,0.97,0.178,7.23,0.006,0.418,814.832,7.427,0.447,23.555,0.811,0.956,0.371,0.891,0.017,-0.003
-0.35,-0.019,0.007,0.0,0.0,0.971,0.18,7.226,0.006,0.429,763.872,7.551,0.455,24.889,0.849,0.966,0.407,0.906,0.019,-0.007
-0.3,-0.025,0.009,0.0,0.0,0.972,0.182,7.226,0.006,0.421,749.218,7.283,0.447,25.538,0.882,0.974,0.447,0.922,0.025,-0.009
-0.25,-0.016,0.002,0.0,0.0,0.973,0.183,7.226,0.006,0.423,763.166,7.28,0.447,26.832,0.913,0.981,0.494,0.939,0.016,-0.002
-0.2,-0.006,0.001,0.0,0.0,0.975,0.185,7.23,0.006,0.422,832.142,7.165,0.447,27.964,0.938,0.986,0.547,0.954,0.006,-0.001
-0.15,-0.003,0.002,0.0,0.0,0.978,0.185,7.235,0.006,0.425,925.334,7.23,0.451,29.808,0.96,0.991,0.613,0.969,0.003,-0.002
-0.1,-0.001,-0.009,0.0,0.0,0.986,0.185,7.244,0.006,0.423,1075.405,7.175,0.455,31.051,0.976,0.995,0.692,0.982,0.001,0.009
-0.05,-0.0,-0.008,0.0,0.0,0.993,0.18,7.254,0.006,0.435,1204.567,7.662,0.459,37.179,0.991,0.998,0.801,0.993,0.0,0.008
0.0,0.0,0.0,0.0,0.0,1.0,0.175,7.269,0.007,0.441,1368.538,8.013,0.471,100.0,1.0,1.0,1.0,1.0,0.0,0.0
0.05,-0.001,-0.001,0.0,0.0,0.99,0.176,7.254,0.006,0.434,1148.736,7.842,0.459,37.459,0.991,0.999,0.805,0.993,0.001,0.001
0.1,0.002,-0.013,0.0,0.0,0.985,0.178,7.242,0.006,0.43,998.033,7.646,0.455,33.27,0.979,0.996,0.7,0.983,-0.002,0.013
0.15,-0.003,-0.01,0.0,0.0,0.978,0.181,7.234,0.006,0.431,892.342,7.52,0.455,30.888,0.963,0.992,0.617,0.97,0.003,0.01
0.2,-0.007,-0.016,0.0,0.0,0.971,0.183,7.228,0.006,0.418,814.917,7.177,0.443,27.667,0.937,0.987,0.549,0.955,0.007,0.016
0.25,-0.005,-0.013,0.0,0.0,0.97,0.184,7.225,0.006,0.421,770.568,7.2,0.447,26.606,0.912,0.98,0.493,0.939,0.005,0.013
0.3,0.004,-0.009,0.0,0.0,0.968,0.183,7.224,0.006,0.43,764.631,7.397,0.457,25.932,0.883,0.973,0.445,0.923,-0.004,0.009
0.35,0.009,-0.01,0.0,0.0,0.962,0.184,7.225,0.006,0.425,803.682,7.288,0.455,24.598,0.848,0.964,0.403,0.907,-0.009,0.01
0.4,0.015,-0.007,0.0,0.0,0.962,0.182,7.229,0.006,0.424,854.774,7.352,0.455,23.654,0.811,0.955,0.368,0.891,-0.015,0.007
0.45,0.017,0.003,0.0,0.0,0.957,0.18,7.232,0.006,0.427,866.976,7.525,0.455,23.07,0.779,0.945,0.339,0.878,-0.017,-0.003
0.5,0.012,-0.0,0.0,0.0,0.946,0.179,7.232,0.006,0.425,848.927,7.528,0.455,22.443,0.748,0.935,0.314,0.866,-0.012,0.0
0.55,0.014,-0.005,0.0,0.0,0.94,0.18,7.231,0.006,0.425,837.341,7.447,0.455,21.872,0.717,0.925,0.291,0.855,-0.014,0.005
0.6,0.006,-0.004,0.0,0.0,0.926,0.18,7.229,0.006,0.425,806.317,7.463,0.455,21.412,0.687,0.914,0.271,0.844,-0.006,0.004
0.65,0.009,-0.008,0.0,0.0,0.917,0.179,7.228,0.006,0.432,777.694,7.654,0.463,21.101,0.658,0.902,0.253,0.834,-0.009,0.008
0.7,0.008,-0.017,0.0,0.0,0.907,0.181,7.228,0.006,0.431,786.716,7.568,0.463,20.622,0.627,0.89,0.236,0.825,-0.008,0.017
0.75,0.023,-0.021,0.0,0.0,0.898,0.182,7.228,0.006,0.429,815.39,7.467,0.459,20.147,0.596,0.877,0.221,0.816,-0.023,0.021
0.8,0.036,-0.027,0.0,0.0,0.887,0.183,7.23,0.006,0.426,857.285,7.362,0.455,19.702,0.565,0.864,0.207,0.807,-0.036,0.027
0.85,0.042,-0.037,0.0,0.0,0.884,0.181,7.23,0.006,0.436,851.743,7.638,0.467,19.502,0.54,0.851,0.195,0.8,-0.042,0.037
0.9,0.027,-0.04,0.0,0.0,0.88,0.181,7.231,0.006,0.431,845.488,7.549,0.463,19.19,0.515,0.838,0.184,0.793,-0.027,0.04
0.95,0.025,-0.051,0.0,0.0,0.868,0.182,7.23,0.006,0.424,838.933,7.365,0.455,18.846,0.491,0.825,0.173,0.786,-0.025,0.051
1.0,0.011,-0.054,0.0,0.0,0.865,0.182,7.229,0.006,0.424,822.849,7.37,0.455,18.617,0.469,0.813,0.164,0.78,-0.011,0.054
1.05,0.017,-0.046,0.0,0.0,0.859,0.179,7.229,0.006,0.428,790.938,7.56,0.451,18.497,0.45,0.801,0.157,0.775,-0.017,0.046
1.1,-0.295,-0.036,0.0,0.0,0.755,0.175,7.229,0.005,0.44,757.166,8.015,0.463,18.448,0.433,0.789,0.15,0.769,0.295,0.036
1.15,-0.348,-0.028,0.0,0.0,0.737,0.177,7.229,0.006,0.435,789.478,7.831,0.459,18.187,0.415,0.777,0.142,0.764,0.348,0.028
1.2,-0.379,-0.031,0.0,0.0,0.72,0.178,7.229,0.006,0.435,815.608,7.737,0.463,17.951,0.397,0.765,0.135,0.759,0.379,0.031
1.25,-0.418,-0.017,0.0,0.0,0.698,0.182,7.229,0.006,0.424,847.381,7.369,0.455,17.633,0.378,0.752,0.128,0.754,0.418,0.017
1.3,-0.458,-0.016,0.0,0.0,0.676,0.182,7.229,0.006,0.426,847.131,7.375,0.455,17.477,0.363,0.739,0.122,0.75,0.458,0.016
1.35,-0.481,-0.008,0.0,0.0,0.658,0.181,7.228,0.006,0.429,828.414,7.474,0.459,17.371,0.35,0.728,0.117,0.746,0.481,0.008
1.4,-0.521,-0.015,0.0,0.0,0.63,0.181,7.228,0.006,0.429,815.143,7.478,0.459,17.232,0.337,0.716,0.112,0.743,0.521,0.015
1.45,-0.548,0.005,0.0,0.0,0.614,0.179,7.227,0.006,0.428,791.16,7.569,0.455,17.151,0.325,0.705,0.108,0.739,0.548,-0.005
1.5,-0.587,0.021,0.0,0.0,0.592,0.181,7.228,0.006,0.418,810.76,7.287,0.447,16.9,0.312,0.694,0.103,0.736,0.587,-0.021
1.55,-0.644,0.02,0.0,0.0,0.575,0.182,7.228,0.006,0.424,836.124,7.376,0.451,16.802,0.301,0.682,0.099,0.732,0.644,-0.02
1.6,0.562,0.186,0.0,0.0,0.544,0.183,7.228,0.006,0.414,860.968,7.084,0.443,16.553,0.288,0.671,0.095,0.729,-0.562,-0.186
1.65,0.585,0.202,0.0,0.0,0.532,0.183,7.228,0.006,0.424,858.764,7.281,0.455,16.531,0.28,0.66,0.091,0.727,-0.585,-0.202
1.7,0.618,0.203,0.0,0.0,0.515,0.181,7.227,0.006,0.427,827.024,7.476,0.455,16.521,0.272,0.651,0.088,0.724,-0.618,-0.203
1.75,0.678,0.213,0.0,0.0,0.496,0.182,7.227,0.006,0.426,835.518,7.385,0.455,16.379,0.263,0.64,0.085,0.722,-0.678,-0.213
1.8,0.738,0.218,0.0,0.0,0.475,0.18,7.227,0.006,0.427,815.307,7.481,0.455,16.333,0.256,0.631,0.082,0.72,-0.738,-0.218
1.85,0.766,0.24,0.0,0.0,0.463,0.18,7.226,0.006,0.434,803.67,7.668,0.463,16.291,0.249,0.621,0.079,0.717,-0.766,-0.24
1.9,0.786,0.251,0.0,0.0,0.448,0.18,7.227,0.006,0.425,809.958,7.478,0.455,16.159,0.241,0.612,0.076,0.715,-0.786,-0.251
1.95,0.817,0.264,0.0,0.0,0.429,0.181,7.227,0.006,0.422,826.16,7.382,0.451,16.034,0.233,0.602,0.074,0.712,-0.817,-0.264
2.0,0.877,0.277,0.0,0.0,0.412,0.179,7.227,0.006,0.423,817.03,7.472,0.451,15.998,0.228,0.594,0.072,0.711,-0.877,-0.277
2.05,-1.819,-0.767,0.0,0.0,0.334,0.181,7.227,0.006,0.418,827.132,7.288,0.447,15.846,0.22,0.584,0.069,0.709,1.819,0.767
2.1,0.963,0.31,0.0,0.0,0.382,0.18,7.228,0.006,0.427,824.677,7.482,0.455,15.837,0.215,0.576,0.067,0.707,-0.963,-0.31
2.15,1.026,1.018,0.0,0.0,0.365,0.182,7.227,0.006,0.422,831.129,7.295,0.451,15.696,0.209,0.566,0.065,0.705,-1.026,-1.018
2.2,-1.768,-0.198,0.0,0.0,0.284,0.18,7.226,0.006,0.425,807.001,7.486,0.455,15.714,0.205,0.559,0.063,0.704,1.768,0.198
2.25,1.034,1.048,0.0,0.0,0.333,0.18,7.226,0.006,0.432,814.029,7.58,0.463,15.654,0.201,0.55,0.061,0.703,-1.034,-1.048
2.3,1.845,1.516,0.0,0.0,0.294,0.181,7.227,0.006,0.436,826.35,7.668,0.467,15.595,0.197,0.543,0.059,0.701,-1.845,-1.516
2.35,-2.054,-0.908,0.0,0.0,0.296,0.183,7.227,0.006,0.424,853.405,7.288,0.455,15.419,0.19,0.534,0.057,0.699,2.054,0.908
2.4,1.125,0.323,0.0,0.0,0.315,0.18,7.226,0.006,0.434,825.783,7.666,0.463,15.486,0.188,0.527,0.056,0.698,-1.125,-0.323
2.45,1.957,1.484,0.0,0.0,0.276,0.181,7.227,0.006,0.423,827.519,7.389,0.451,15.365,0.183,0.52,0.054,0.696,-1.957,-1.484
2.5,2.018,1.506,0.0,0.0,0.269,0.179,7.226,0.006,0.423,809.128,7.484,0.451,15.359,0.18,0.513,0.053,0.695,-2.018,-1.506
2.55,2.056,1.504,0.0,0.0,0.265,0.179,7.226,0.006,0.423,807.254,7.486,0.451,15.309,0.176,0.506,0.051,0.694,-2.056,-1.504
2.6,2.102,1.523,0.0,0.0,0.258,0.18,7.226,0.006,0.418,822.251,7.301,0.447,15.186,0.172,0.498,0.05,0.693,-2.102,-1.523
2.65,2.14,1.513,0.0,0.0,0.25,0.184,7.226,0.006,0.426,857.86,7.302,0.455,15.094,0.168,0.49,0.048,0.691,-2.14,-1.513
2.7,1.243,0.39,0.0,0.0,0.279,0.18,7.226,0.006,0.43,821.242,7.582,0.459,15.167,0.167,0.485,0.048,0.69,-1.243,-0.39
2.75,1.151,1.138,0.0,0.0,0.247,0.18,7.227,0.006,0.432,828.146,7.582,0.463,15.104,0.164,0.478,0.046,0.689,-1.151,-1.138
2.8,1.202,1.099,0.0,0.0,0.238,0.182,7.226,0.006,0.427,841.406,7.395,0.455,14.999,0.16,0.471,0.045,0.688,-1.202,-1.099
2.85,-1.984,-0.18,0.0,0.0,0.206,0.182,7.226,0.006,0.427,835.511,7.397,0.455,14.956,0.157,0.465,0.044,0.687,1.984,0.18
2.9,-1.906,-0.202,0.0,0.0,0.2,0.18,7.226,0.006,0.437,814.39,7.678,0.467,14.985,0.156,0.459,0.043,0.686,1.906,0.202
2.95,1.357,0.488,0.0,0.0,0.241,0.179,7.226,0.006,0.437,801.296,7.769,0.467,14.985,0.154,0.453,0.042,0.685,-1.357,-0.488
3.0,-1.922,-0.151,0.0,0.0,0.187,0.179,7.226,0.006,0.437,803.864,7.77,0.467,14.944,0.151,0.447,0.041,0.684,1.922,0.151
-3.0,-0.658,-0.15,0.0,0.0,0.414,0.149,7.008,0.004,0.657,633.564,12.871,0.675,17.379,0.344,0.545,0.067,0.676,0.658,0.15
-2.95,-1.474,-0.186,0.0,0.0,0.298,0.148,7.007,0.004,0.657,619.607,12.939,0.675,17.455,0.346,0.55,0.068,0.677,1.474,0.186
-2.9,-0.58,-0.229,0.0,0.0,0.428,0.15,7.007,0.004,0.653,637.138,12.792,0.671,17.448,0.348,0.554,0.069,0.678,0.58,0.229
-2.85,-0.527,-0.252,0.0,0.0,0.433,0.149,7.008,0.004,0.654,635.716,12.824,0.671,17.505,0.349,0.558,0.071,0.68,0.527,0.252
-2.8,-0.474,-0.274,0.0,0.0,0.44,0.149,7.009,0.004,0.657,643.856,12.867,0.675,17.553,0.353,0.564,0.072,0.681,0.474,0.274
-2.75,-0.478,-0.293,0.0,0.0,0.44,0.151,7.009,0.004,0.652,656.497,12.724,0.671,17.557,0.354,0.568,0.073,0.683,0.478,0.293
-2.7,-0.445,-0.303,0.0,0.0,0.449,0.149,7.009,0.004,0.657,646.985,12.867,0.675,17.652,0.359,0.574,0.075,0.685,0.445,0.303
-2.65,-0.421,-0.295,0.0,0.0,0.45,0.149,7.008,0.004,0.657,644.862,12.869,0.675,17.705,0.362,0.579,0.077,0.687,0.421,0.295
-2.6,-0.397,-0.302,0.0,0.0,0.452,0.15,7.008,0.004,0.653,646.115,12.789,0.671,17.739,0.365,0.585,0.078,0.688,0.397,0.302
-2.55,-0.345,-0.293,0.0,0.0,0.467,0.148,7.008,0.004,0.657,631.415,12.936,0.675,17.84,0.368,0.591,0.08,0.691,0.345,0.293
-2.5,-0.267,-0.275,0.0,0.0,0.477,0.149,7.008,0.004,0.657,643.236,12.87,0.675,17.859,0.37,0.596,0.082,0.692,0.267,0.275
-2.45,-0.211,-0.233,0.0,0.0,0.493,0.149,7.009,0.004,0.657,645.503,12.869,0.675,17.909,0.374,0.602,0.084,0.694,0.211,0.233
-2.4,-0.172,-0.214,0.0,0.0,0.509,0.15,7.009,0.004,0.653,648.797,12.786,0.671,17.942,0.377,0.608,0.086,0.696,0.172,0.214
-2.35,-0.1,-0.18,0.0,0.0,0.517,0.151,7.008,0.004,0.652,654.068,12.724,0.671,17.97,0.38,0.613,0.087,0.698,0.1,0.18
-2.3,-0.045,-0.141,0.0,0.0,0.535,0.151,7.008,0.004,0.65,656.273,12.664,0.667,18.005,0.383,0.619,0.089,0.7,0.045,0.141
-2.25,-0.011,-0.133,0.0,0.0,0.553,0.151,7.007,0.004,0.652,649.024,12.73,0.671,18.091,0.387,0.625,0.092,0.703,0.011,0.133
-2.2,0.029,-0.107,0.0,0.0,0.568,0.152,7.007,0.004,0.649,659.068,12.621,0.667,18.106,0.391,0.631,0.094,0.705,-0.029,0.107
-2.15,0.074,-0.068,0.0,0.0,0.58,0.152,7.007,0.004,0.649,662.973,12.62,0.667,18.163,0.395,0.638,0.096,0.708,-0.074,0.068
-2.1,0.123,-0.043,0.0,0.0,0.594,0.151,7.008,0.004,0.65,658.427,12.667,0.667,18.246,0.4,0.645,0.099,0.711,-0.123,0.043
-2.05,0.199,-0.002,0.0,0.0,0.61,0.152,7.008,0.004,0.647,667.486,12.566,0.667,18.26,0.404,0.651,0.101,0.713,-0.199,0.002
-2.0,0.255,0.029,0.0,0.0,0.629,0.151,7.009,0.004,0.652,648.302,12.729,0.671,18.398,0.411,0.659,0.105,0.716,-0.255,-0.029
-1.95,0.311,0.039,0.0,0.0,0.642,0.151,7.008,0.004,0.65,650.854,12.667,0.667,18.441,0.415,0.666,0.107,0.719,-0.311,-0.039
-1.9,-0.552,-0.129,0.0,0.0,0.518,0.15,7.007,0.004,0.653,635.943,12.794,0.671,18.569,0.423,0.674,0.111,0.722,0.552,0.129
-1.85,-0.514,-0.081,0.0,0.0,0.526,0.149,7.007,0.004,0.654,628.653,12.832,0.671,18.655,0.428,0.681,0.114,0.726,0.514,0.081
-1.8,-0.467,-0.091,0.0,0.0,0.536,0.148,7.006,0.004,0.657,619.173,12.945,0.675,18.771,0.436,0.69,0.118,0.73,0.467,0.091
-1.75,-0.429,-0.082,0.0,0.0,0.544,0.149,7.007,0.004,0.657,638.108,12.877,0.675,18.818,0.442,0.698,0.122,0.733,0.429,0.082
-1.7,-0.402,-0.099,0.0,0.0,0.556,0.149,7.009,0.004,0.657,648.372,12.874,0.675,18.896,0.45,0.706,0.125,0.737,0.402,0.099
-1.65,-0.374,-0.078,0.0,0.0,0.568,0.148,7.009,0.004,0.657,647.921,12.933,0.675,19.008,0.457,0.714,0.13,0.741,0.374,0.078
-1.6,0.464,0.017,0.0,0.0,0.753,0.148,7.009,0.004,0.657,653.392,12.93,0.675,19.098,0.465,0.723,0.134,0.745,-0.464,-0.017
-1.55,-0.293,-0.076,0.0,0.0,0.603,0.149,7.009,0.004,0.654,658.813,12.823,0.671,19.165,0.473,0.731,0.139,0.749,0.293,0.076
-1.5,0.449,0.021,0.0,0.0,0.785,0.149,7.008,0.004,0.654,649.135,12.829,0.671,19.285,0.483,0.74,0.144,0.753,-0.449,-0.021
-1.45,0.436,0.021,0.0,0.0,0.799,0.148,7.007,0.004,0.657,634.0,12.944,0.675,19.443,0.494,0.75,0.15,0.758,-0.436,-0.021
-1.4,0.423,-0.001,0.0,0.0,0.82,0.15,7.007,0.004,0.653,638.712,12.8,0.671,19.518,0.504,0.759,0.155,0.762,-0.423,0.001
-1.35,0.392,-0.002,0.0,0.0,0.835,0.148,7.006,0.004,0.657,613.157,12.949,0.675,19.702,0.516,0.77,0.162,0.767,-0.392,0.002
-1.3,0.363,-0.028,0.0,0.0,0.843,0.149,7.006,0.004,0.654,615.074,12.839,0.671,19.802,0.527,0.779,0.167,0.771,-0.363,0.028
-1.25,0.333,-0.023,0.0,0.0,0.856,0.149,7.006,0.004,0.657,616.156,12.884,0.675,19.956,0.541,0.79,0.175,0.776,-0.333,0.023
-1.2,0.287,-0.02,0.0,0.0,0.868,0.148,7.005,0.004,0.657,608.018,12.95,0.675,20.146,0.555,0.8,0.183,0.781,-0.287,0.02
-1.15,0.257,-0.041,0.0,0.0,0.88,0.15,7.005,0.004,0.652,627.718,12.745,0.671,20.245,0.569,0.811,0.19,0.786,-0.257,0.041
-1.1,0.203,-0.05,0.0,0.0,0.896,0.15,7.004,0.004,0.652,630.96,12.748,0.671,20.443,0.585,0.821,0.199,0.792,-0.203,0.05
-1.05,0.174,-0.059,0.0,0.0,0.905,0.149,7.005,0.004,0.653,632.91,12.809,0.671,20.67,0.601,0.832,0.209,0.798,-0.174,0.059
-1.0,0.143,-0.093,0.0,0.0,0.909,0.149,7.006,0.004,0.654,631.406,12.842,0.671,20.891,0.617,0.843,0.218,0.803,-0.143,0.093
-0.95,0.112,-0.092,0.0,0.0,0.916,0.151,7.007,0.004,0.651,657.677,12.679,0.667,21.042,0.635,0.853,0.228,0.809,-0.112,0.092
-0.9,0.085,-0.124,0.0,0.0,0.921,0.149,7.008,0.004,0.654,646.138,12.834,0.671,21.353,0.654,0.864,0.241,0.816,-0.085,0.124
-0.85,0.052,-0.145,0.0,0.0,0.924,0.15,7.008,0.004,0.653,658.824,12.795,0.671,21.617,0.675,0.876,0.255,0.823,-0.052,0.145
-0.8,0.038,-0.152,0.0,0.0,0.93,0.15,7.007,0.004,0.653,655.865,12.796,0.671,21.942,0.697,0.887,0.27,0.83,-0.038,0.152
-0.75,0.021,-0.168,0.0,0.0,0.934,0.15,7.004,0.004,0.653,643.476,12.806,0.671,22.337,0.721,0.898,0.287,0.839,-0.021,0.168
-0.7,0.004,-0.154,0.0,0.0,0.933,0.149,7.003,0.004,0.657,629.944,12.894,0.675,22.799,0.744,0.909,0.305,0.848,-0.004,0.154
-0.65,0.004,-0.142,0.0,0.0,0.943,0.149,7.002,0.004,0.653,629.72,12.815,0.671,23.236,0.767,0.919,0.324,0.857,-0.004,0.142
-0.6,-0.013,-0.144,0.0,0.0,0.955,0.149,7.003,0.004,0.653,636.05,12.809,0.671,23.714,0.79,0.929,0.345,0.866,0.013,0.144
-0.55,-0.01,-0.135,0.0,0.0,0.961,0.15,7.006,0.004,0.653,655.963,12.799,0.671,24.209,0.812,0.938,0.367,0.876,0.01,0.135
-0.5,-0.009,-0.125,0.0,0.0,0.966,0.151,7.008,0.004,0.652,671.154,12.729,0.671,24.737,0.834,0.947,0.392,0.886,0.009,0.125
-0.45,-0.005,-0.113,0.0,0.0,0.974,0.15,7.008,0.004,0.653,662.454,12.789,0.671,25.439,0.856,0.956,0.422,0.897,0.005,0.113
-0.4,-0.005,-0.114,0.0,0.0,0.984,0.149,7.006,0.004,0.655,642.917,12.832,0.671,26.301,0.879,0.964,0.456,0.909,0.005,0.114
-0.35,0.0,-0.099,0.0,0.0,0.984,0.149,7.002,0.004,0.655,620.959,12.847,0.671,27.406,0.903,0.972,0.496,0.921,0.0,0.099
-0.3,0.011,-0.078,0.0,0.0,0.987,0.149,7.002,0.004,0.655,619.609,12.852,0.671,28.683,0.925,0.979,0.54,0.935,-0.011,0.078
-0.25,0.015,-0.054,0.0,0.0,0.991,0.149,7.002,0.004,0.655,643.44,12.842,0.671,30.187,0.945,0.985,0.59,0.948,-0.015,0.054
-0.2,0.011,-0.02,0.0,0.0,0.993,0.149,7.006,0.004,0.657,696.46,12.863,0.675,32.066,0.961,0.99,0.648,0.962,-0.011,0.02
-0.15,0.011,-0.014,0.0,0.0,0.994,0.149,7.013,0.004,0.658,753.657,12.891,0.675,34.319,0.975,0.994,0.712,0.974,-0.011,0.014
-0.1,0.006,-0.007,0.0,0.0,0.995,0.15,7.022,0.004,0.658,853.221,12.838,0.678,37.424,0.986,0.997,0.785,0.985,-0.006,0.007
-0.05,0.0,-0.001,0.0,0.0,0.997,0.151,7.031,0.005,0.658,982.124,12.773,0.678,42.12,0.994,0.999,0.871,0.994,0.0,0.001
0.0,0.0,0.0,0.0,0.0,1.0,0.153,7.039,0.005,0.658,1136.201,12.695,0.678,100.0,1.0,1.0,1.0,1.0,0.0,0.0
0.05,-0.004,0.017,0.0,0.0,0.996,0.151,7.029,0.005,0.658,979.283,12.775,0.678,42.118,0.994,0.999,0.871,0.994,0.004,-0.017
0.1,-0.015,0.028,0.0,0.0,0.996,0.15,7.019,0.004,0.658,852.515,12.843,0.678,37.419,0.986,0.997,0.785,0.986,0.015,-0.028
0.15,-0.017,0.029,0.0,0.0,0.996,0.15,7.011,0.004,0.657,764.226,12.831,0.678,34.369,0.975,0.994,0.71,0.974,0.017,-0.029
0.2,-0.014,0.054,0.0,0.0,0.993,0.148,7.005,0.004,0.658,681.196,12.936,0.675,32.034,0.961,0.99,0.649,0.962,0.014,-0.054
0.25,-0.002,0.063,0.0,0.0,0.991,0.149,7.003,0.004,0.654,649.049,12.814,0.671,30.169,0.945,0.985,0.591,0.949,0.002,-0.063
0.3,0.002,0.072,0.0,0.0,0.988,0.149,7.003,0.004,0.654,622.711,12.827,0.671,28.677,0.926,0.979,0.541,0.935,-0.002,-0.072
0.35,0.008,0.085,0.0,0.0,0.981,0.149,7.004,0.004,0.657,620.727,12.906,0.675,27.448,0.904,0.971,0.497,0.922,-0.008,-0.085
0.4,0.009,0.09,0.0,0.0,0.979,0.15,7.009,0.004,0.654,646.806,12.809,0.671,26.298,0.88,0.963,0.456,0.91,-0.009,-0.09
0.45,0.013,0.111,0.0,0.0,0.972,0.15,7.009,0.004,0.654,659.522,12.805,0.671,25.454,0.856,0.954,0.421,0.899,-0.013,-0.111
0.5,0.024,0.12,0.0,0.0,0.969,0.151,7.005,0.004,0.651,674.356,12.686,0.667,24.72,0.834,0.945,0.39,0.888,-0.024,-0.12
0.55,0.008,0.128,0.0,0.0,0.964,0.151,7.004,0.004,0.651,664.312,12.695,0.667,24.163,0.812,0.936,0.365,0.878,-0.008,-0.128
0.6,-0.003,0.134,0.0,0.0,0.956,0.151,7.002,0.004,0.651,648.232,12.706,0.667,23.666,0.789,0.927,0.342,0.869,0.003,-0.134
0.65,-0.013,0.138,0.0,0.0,0.948,0.151,7.002,0.004,0.65,643.477,12.664,0.667,23.167,0.767,0.917,0.321,0.86,0.013,-0.138
0.7,-0.027,0.122,0.0,0.0,0.942,0.15,7.003,0.004,0.653,636.836,12.776,0.671,22.771,0.744,0.906,0.303,0.85,0.027,-0.122
0.75,-0.026,0.138,0.0,0.0,0.936,0.151,7.003,0.004,0.65,658.847,12.661,0.667,22.275,0.719,0.895,0.284,0.841,0.026,-0.138
0.8,-0.025,0.14,0.0,0.0,0.924,0.149,7.005,0.004,0.654,653.705,12.826,0.671,21.967,0.697,0.884,0.27,0.832,0.025,-0.14
0.85,-0.045,0.124,0.0,0.0,0.921,0.151,7.006,0.004,0.651,667.49,12.702,0.667,21.585,0.674,0.872,0.253,0.825,0.045,-0.124
0.9,-0.067,0.122,0.0,0.0,0.917,0.151,7.005,0.004,0.65,668.479,12.657,0.667,21.28,0.654,0.861,0.239,0.818,0.067,-0.122
0.95,-0.097,0.11,0.0,0.0,0.911,0.15,7.003,0.004,0.653,647.991,12.775,0.671,21.099,0.635,0.85,0.229,0.812,0.097,-0.11
1.0,-0.119,0.081,0.0,0.0,0.908,0.151,7.003,0.004,0.65,651.554,12.67,0.667,20.826,0.617,0.839,0.217,0.806,0.119,-0.081
1.05,-0.141,0.064,0.0,0.0,0.901,0.152,7.003,0.004,0.649,649.039,12.623,0.667,20.593,0.599,0.828,0.207,0.8,0.141,-0.064
1.1,-0.176,0.043,0.0,0.0,0.889,0.152,7.004,0.004,0.649,642.962,12.626,0.667,20.396,0.583,0.818,0.198,0.794,0.176,-0.043
1.15,-0.225,0.044,0.0,0.0,0.883,0.152,7.004,0.004,0.649,641.595,12.624,0.667,20.203,0.568,0.807,0.189,0.788,0.225,-0.044
1.2,-0.25,0.037,0.0,0.0,0.87,0.149,7.005,0.004,0.654,620.814,12.846,0.675,20.123,0.555,0.797,0.183,0.783,0.25,-0.037
1.25,-0.304,0.021,0.0,0.0,0.858,0.149,7.004,0.004,0.654,621.898,12.847,0.675,19.962,0.541,0.787,0.175,0.778,0.304,-0.021
1.3,-0.34,0.005,0.0,0.0,0.846,0.148,7.004,0.004,0.659,609.129,12.995,0.678,19.859,0.529,0.777,0.168,0.773,0.34,-0.005
1.35,-0.369,-0.018,0.0,0.0,0.826,0.147,7.003,0.004,0.659,615.131,12.997,0.678,19.72,0.517,0.767,0.162,0.768,0.369,0.018
1.4,-0.424,-0.03,0.0,0.0,0.81,0.149,7.004,0.004,0.654,638.13,12.854,0.675,19.547,0.505,0.757,0.155,0.763,0.424,0.03
1.45,-0.411,-0.034,0.0,0.0,0.797,0.147,7.004,0.004,0.659,631.515,13.001,0.678,19.468,0.495,0.748,0.15,0.759,0.411,0.034
1.5,-0.427,-0.045,0.0,0.0,0.785,0.148,7.004,0.004,0.658,652.636,12.935,0.678,19.318,0.485,0.739,0.144,0.754,0.427,0.045
1.55,-0.439,-0.03,0.0,0.0,0.767,0.148,7.004,0.004,0.659,652.26,12.995,0.678,19.227,0.476,0.73,0.139,0.751,0.439,0.03
1.6,0.372,0.097,0.0,0.0,0.595,0.148,7.005,0.004,0.659,655.62,12.996,0.678,19.123,0.467,0.722,0.135,0.746,-0.372,-0.097
1.65,0.411,0.077,0.0,0.0,0.585,0.148,7.006,0.004,0.659,651.729,12.999,0.678,19.026,0.458,0.713,0.13,0.742,-0.411,-0.077
1.7,0.439,0.048,0.0,0.0,0.573,0.149,7.004,0.004,0.656,649.995,12.893,0.675,18.907,0.449,0.704,0.125,0.739,-0.439,-0.048
1.75,0.453,0.049,0.0,0.0,0.562,0.147,7.003,0.004,0.659,630.303,13.008,0.678,18.861,0.444,0.697,0.122,0.735,-0.453,-0.049
1.8,-0.391,-0.028,0.0,0.0,0.705,0.147,7.002,0.004,0.659,621.287,13.012,0.678,18.783,0.437,0.689,0.118,0.732,0.391,0.028
1.85,0.517,0.099,0.0,0.0,0.536,0.148,7.002,0.004,0.658,625.866,12.951,0.678,18.681,0.431,0.681,0.115,0.728,-0.517,-0.099
1.9,0.54,0.114,0.0,0.0,0.527,0.151,7.003,0.004,0.651,643.027,12.697,0.671,18.521,0.422,0.673,0.11,0.724,-0.54,-0.114
1.95,-0.306,0.012,0.0,0.0,0.661,0.15,7.004,0.004,0.654,634.217,12.806,0.675,18.49,0.417,0.667,0.108,0.721,0.306,-0.012
2.0,-0.249,0.035,0.0,0.0,0.644,0.149,7.004,0.004,0.655,630.479,12.866,0.675,18.444,0.413,0.66,0.105,0.719,0.249,-0.035
2.05,-0.19,0.069,0.0,0.0,0.626,0.15,7.003,0.004,0.652,643.285,12.743,0.671,18.33,0.406,0.653,0.101,0.716,0.19,-0.069
2.1,-0.118,0.104,0.0,0.0,0.614,0.15,7.003,0.004,0.652,644.886,12.743,0.671,18.266,0.401,0.646,0.099,0.713,0.118,-0.104
2.15,-0.079,0.149,0.0,0.0,0.596,0.148,7.004,0.004,0.658,632.818,12.946,0.678,18.267,0.398,0.641,0.097,0.71,0.079,-0.149
2.2,-0.015,0.19,0.0,0.0,0.577,0.15,7.003,0.004,0.654,640.143,12.805,0.675,18.173,0.393,0.634,0.094,0.707,0.015,-0.19
2.25,0.032,0.218,0.0,0.0,0.565,0.149,7.002,0.004,0.655,632.266,12.866,0.675,18.139,0.39,0.628,0.092,0.705,-0.032,-0.218
2.3,0.055,0.232,0.0,0.0,0.552,0.149,7.003,0.004,0.656,627.602,12.898,0.675,18.088,0.385,0.622,0.09,0.703,-0.055,-0.232
2.35,0.103,0.26,0.0,0.0,0.54,0.149,7.003,0.004,0.655,634.987,12.863,0.675,18.023,0.382,0.617,0.088,0.7,-0.103,-0.26
2.4,0.103,0.308,0.0,0.0,0.524,0.149,7.002,0.004,0.656,627.848,12.898,0.675,17.981,0.377,0.61,0.086,0.698,-0.103,-0.308
2.45,0.179,0.306,0.0,0.0,0.51,0.147,7.002,0.004,0.659,619.746,13.009,0.678,17.964,0.376,0.606,0.084,0.696,-0.179,-0.306
2.5,0.218,0.314,0.0,0.0,0.494,0.147,7.002,0.004,0.659,620.07,13.008,0.678,17.913,0.373,0.6,0.082,0.695,-0.218,-0.314
2.55,0.263,0.308,0.0,0.0,0.476,0.149,7.003,0.004,0.656,629.682,12.896,0.675,17.828,0.367,0.594,0.08,0.692,-0.263,-0.308
2.6,0.28,0.304,0.0,0.0,0.467,0.149,7.003,0.004,0.656,632.55,12.895,0.675,17.777,0.364,0.588,0.078,0.691,-0.28,-0.304
2.65,0.336,0.286,0.0,0.0,0.462,0.148,7.003,0.004,0.658,636.321,12.941,0.678,17.734,0.363,0.584,0.077,0.688,-0.336,-0.286
2.7,0.411,0.278,0.0,0.0,0.455,0.149,7.003,0.004,0.655,640.72,12.859,0.675,17.669,0.36,0.579,0.075,0.686,-0.411,-0.278
2.75,0.407,0.252,0.0,0.0,0.447,0.149,7.003,0.004,0.656,629.697,12.894,0.675,17.63,0.356,0.573,0.073,0.685,-0.407,-0.252
2.8,0.467,0.263,0.0,0.0,0.441,0.149,7.002,0.004,0.655,631.421,12.862,0.675,17.577,0.354,0.569,0.072,0.683,-0.467,-0.263
2.85,0.477,0.23,0.0,0.0,0.435,0.149,7.001,0.004,0.655,627.153,12.864,0.675,17.534,0.351,0.564,0.07,0.682,-0.477,-0.23
2.9,0.516,0.214,0.0,0.0,0.431,0.149,7.001,0.004,0.655,621.999,12.866,0.675,17.494,0.349,0.559,0.069,0.68,-0.516,-0.214
2.95,0.542,0.159,0.0,0.0,0.426,0.147,7.001,0.004,0.659,604.306,13.013,0.678,17.496,0.348,0.555,0.068,0.679,-0.542,-0.159
3.0,0.578,0.138,0.0,0.0,0.416,0.147,7.0,0.004,0.659,603.613,13.012,0.678,17.454,0.346,0.551,0.067,0.678,-0.578,-0.138
-3.0,-0.344,1.37,0.0,0.0,0.317,0.125,6.833,0.005,0.446,1429.957,11.083,0.443,17.277,0.196,0.508,0.043,0.688,0.344,-1.37
-2.95,-0.313,1.324,0.0,0.0,0.319,0.125,6.834,0.005,0.446,1431.386,11.078,0.443,17.303,0.198,0.513,0.044,0.689,0.313,-1.324
-2.9,-0.353,1.294,0.0,0.0,0.32,0.125,6.834,0.005,0.444,1448.423,10.987,0.443,17.294,0.199,0.517,0.045,0.69,0.353,-1.294
-2.85,-0.36,1.269,0.0,0.0,0.325,0.125,6.834,0.005,0.444,1451.398,10.983,0.443,17.324,0.202,0.522,0.046,0.691,0.36,-1.269
-2.8,-0.371,1.236,0.0,0.0,0.326,0.126,6.835,0.005,0.441,1479.827,10.892,0.439,17.312,0.204,0.527,0.047,0.692,0.371,-1.236
-2.75,-0.353,1.215,0.0,0.0,0.33,0.126,6.835,0.005,0.441,1481.187,10.892,0.439,17.345,0.206,0.532,0.048,0.694,0.353,-1.215
-2.7,-0.361,1.187,0.0,0.0,0.332,0.126,6.833,0.005,0.439,1491.725,10.81,0.435,17.341,0.209,0.537,0.049,0.695,0.361,-1.187
-2.65,-0.363,1.144,0.0,0.0,0.331,0.126,6.832,0.005,0.442,1459.008,10.906,0.439,17.422,0.212,0.543,0.05,0.696,0.363,-1.144
-2.6,-0.379,1.104,0.0,0.0,0.337,0.126,6.832,0.005,0.439,1454.38,10.824,0.435,17.417,0.214,0.548,0.051,0.697,0.379,-1.104
-2.55,-0.38,1.153,0.0,0.0,0.345,0.125,6.832,0.005,0.446,1415.951,11.081,0.443,17.57,0.219,0.554,0.053,0.698,0.38,-1.153
-2.5,0.163,0.74,0.0,0.0,0.503,0.125,6.833,0.005,0.444,1439.347,10.99,0.443,17.57,0.222,0.56,0.054,0.699,-0.163,-0.74
-2.45,0.186,0.716,0.0,0.0,0.517,0.125,6.834,0.005,0.446,1436.595,11.072,0.443,17.638,0.225,0.566,0.055,0.7,-0.186,-0.716
-2.4,0.198,0.692,0.0,0.0,0.524,0.124,6.835,0.005,0.449,1431.403,11.147,0.447,17.708,0.229,0.573,0.057,0.701,-0.198,-0.692
-2.35,0.183,0.659,0.0,0.0,0.531,0.124,6.835,0.005,0.451,1414.015,11.232,0.447,17.779,0.232,0.579,0.059,0.702,-0.183,-0.659
-2.3,0.202,0.624,0.0,0.0,0.535,0.124,6.835,0.005,0.449,1409.181,11.154,0.447,17.8,0.235,0.585,0.06,0.704,-0.202,-0.624
-2.25,0.211,0.593,0.0,0.0,0.545,0.126,6.834,0.005,0.439,1434.472,10.824,0.435,17.701,0.238,0.59,0.061,0.706,-0.211,-0.593
-2.2,0.208,0.548,0.0,0.0,0.555,0.126,6.834,0.005,0.442,1419.382,10.912,0.439,17.789,0.242,0.597,0.063,0.707,-0.208,-0.548
-2.15,0.221,0.517,0.0,0.0,0.561,0.124,6.834,0.005,0.451,1384.135,11.244,0.447,17.97,0.248,0.605,0.065,0.708,-0.221,-0.517
-2.1,0.22,0.493,0.0,0.0,0.577,0.125,6.834,0.005,0.447,1439.897,11.066,0.443,17.941,0.251,0.611,0.067,0.71,-0.22,-0.493
-2.05,0.212,0.464,0.0,0.0,0.588,0.124,6.835,0.005,0.451,1435.435,11.221,0.447,18.042,0.256,0.619,0.069,0.711,-0.212,-0.464
-2.0,0.212,0.445,0.0,0.0,0.603,0.124,6.837,0.005,0.454,1435.516,11.295,0.451,18.112,0.261,0.626,0.072,0.713,-0.212,-0.445
-1.95,0.218,0.433,0.0,0.0,0.61,0.125,6.838,0.005,0.447,1473.553,11.05,0.443,18.072,0.266,0.633,0.073,0.714,-0.218,-0.433
-1.9,0.221,0.42,0.0,0.0,0.625,0.126,6.837,0.005,0.442,1464.818,10.888,0.439,18.053,0.271,0.64,0.075,0.716,-0.221,-0.42
-1.85,0.188,0.389,0.0,0.0,0.635,0.124,6.835,0.005,0.449,1396.676,11.153,0.447,18.232,0.278,0.648,0.078,0.718,-0.188,-0.389
-1.8,0.196,0.376,0.0,0.0,0.651,0.124,6.836,0.005,0.449,1387.524,11.155,0.447,18.29,0.284,0.656,0.081,0.72,-0.196,-0.376
-1.75,0.193,0.347,0.0,0.0,0.669,0.124,6.837,0.005,0.449,1406.088,11.149,0.447,18.344,0.29,0.664,0.083,0.721,-0.193,-0.347
-1.7,0.179,0.318,0.0,0.0,0.685,0.125,6.838,0.005,0.447,1445.754,11.059,0.443,18.359,0.295,0.672,0.086,0.723,-0.179,-0.318
-1.65,0.181,0.292,0.0,0.0,0.7,0.122,6.838,0.005,0.461,1403.487,11.534,0.459,18.567,0.303,0.681,0.09,0.725,-0.181,-0.292
-1.6,0.18,0.267,0.0,0.0,0.717,0.125,6.839,0.005,0.447,1489.997,11.045,0.443,18.468,0.308,0.689,0.092,0.728,-0.18,-0.267
-1.55,0.16,0.232,0.0,0.0,0.738,0.124,6.838,0.005,0.451,1458.582,11.211,0.447,18.606,0.316,0.698,0.096,0.73,-0.16,-0.232
-1.5,0.141,0.217,0.0,0.0,0.754,0.124,6.835,0.005,0.449,1418.302,11.144,0.447,18.664,0.323,0.706,0.1,0.733,-0.141,-0.217
-1.45,0.119,0.185,0.0,0.0,0.774,0.124,6.835,0.005,0.449,1391.422,11.154,0.447,18.748,0.331,0.715,0.103,0.736,-0.119,-0.185
-1.4,0.105,0.159,0.0,0.0,0.788,0.124,6.835,0.005,0.452,1380.409,11.238,0.447,18.856,0.339,0.724,0.107,0.738,-0.105,-0.159
-1.35,0.015,-0.006,0.0,0.0,0.875,0.124,6.836,0.005,0.452,1395.705,11.232,0.447,18.932,0.347,0.733,0.111,0.742,-0.015,0.006
-1.3,0.006,-0.018,0.0,0.0,0.888,0.125,6.838,0.005,0.447,1455.728,11.056,0.443,18.932,0.354,0.743,0.115,0.745,-0.006,0.018
-1.25,0.001,-0.014,0.0,0.0,0.899,0.124,6.839,0.005,0.452,1459.879,11.208,0.447,19.082,0.364,0.753,0.121,0.748,-0.001,0.014
-1.2,0.001,-0.043,0.0,0.0,0.916,0.124,6.84,0.005,0.452,1470.007,11.207,0.447,19.174,0.374,0.763,0.126,0.752,-0.001,0.043
-1.15,-0.006,-0.05,0.0,0.0,0.932,0.126,6.838,0.005,0.444,1476.887,10.968,0.443,19.18,0.385,0.773,0.131,0.756,0.006,0.05
-1.1,0.0,-0.056,0.0,0.0,0.945,0.123,6.835,0.005,0.456,1358.275,11.4,0.455,19.488,0.399,0.784,0.138,0.761,0.0,0.056
-1.05,0.007,-0.063,0.0,0.0,0.952,0.124,6.836,0.005,0.452,1379.968,11.24,0.447,19.55,0.411,0.794,0.144,0.766,-0.007,0.063
-1.0,-0.0,-0.06,0.0,0.0,0.957,0.125,6.837,0.005,0.447,1424.987,11.067,0.443,19.593,0.424,0.805,0.15,0.772,0.0,0.06
-0.95,0.006,-0.067,0.0,0.0,0.962,0.125,6.84,0.005,0.447,1454.703,11.05,0.443,19.706,0.438,0.815,0.157,0.777,-0.006,0.067
-0.9,0.014,-0.053,0.0,0.0,0.962,0.123,6.843,0.005,0.456,1439.883,11.36,0.455,19.972,0.454,0.827,0.166,0.782,-0.014,0.053
-0.85,0.022,-0.047,0.0,0.0,0.969,0.123,6.843,0.005,0.459,1457.247,11.434,0.455,20.156,0.472,0.839,0.176,0.787,-0.022,0.047
-0.8,0.021,-0.04,0.0,0.0,0.973,0.123,6.842,0.005,0.459,1444.532,11.439,0.455,20.36,0.491,0.851,0.187,0.793,-0.021,0.04
-0.75,0.014,-0.035,0.0,0.0,0.979,0.125,6.837,0.005,0.449,1410.715,11.146,0.447,20.534,0.515,0.863,0.197,0.801,-0.014,0.035
-0.7,0.008,-0.009,0.0,0.0,0.982,0.124,6.834,0.005,0.452,1330.243,11.257,0.447,20.894,0.54,0.876,0.21,0.808,-0.008,0.009
-0.65,0.014,-0.014,0.0,0.0,0.984,0.123,6.834,0.005,0.454,1304.035,11.343,0.451,21.252,0.566,0.888,0.223,0.816,-0.014,0.014
-0.6,0.017,-0.007,0.0,0.0,0.987,0.123,6.838,0.005,0.456,1329.753,11.406,0.455,21.6,0.593,0.899,0.238,0.825,-0.017,0.007
-0.55,0.008,-0.001,0.0,0.0,0.989,0.124,6.841,0.005,0.454,1410.296,11.296,0.451,21.9,0.621,0.91,0.254,0.835,-0.008,0.001
-0.5,0.006,-0.003,0.0,0.0,0.996,0.124,6.845,0.005,0.457,1480.233,11.344,0.455,22.298,0.651,0.922,0.274,0.844,-0.006,0.003
-0.45,0.015,-0.002,0.0,0.0,0.995,0.124,6.847,0.005,0.456,1526.41,11.325,0.455,22.747,0.685,0.933,0.297,0.855,-0.015,0.002
-0.4,0.003,0.006,0.0,0.0,0.993,0.124,6.844,0.005,0.454,1503.146,11.261,0.451,23.347,0.726,0.945,0.327,0.868,-0.003,-0.006
-0.35,0.002,0.002,0.0,0.0,0.994,0.123,6.833,0.005,0.454,1346.354,11.326,0.451,24.313,0.773,0.956,0.364,0.882,-0.002,-0.002
-0.3,0.008,0.006,0.0,0.0,0.992,0.122,6.829,0.005,0.457,1250.995,11.437,0.455,25.492,0.82,0.967,0.407,0.898,-0.008,-0.006
-0.25,0.005,0.005,0.0,0.0,0.989,0.122,6.83,0.005,0.457,1272.151,11.431,0.455,26.813,0.862,0.976,0.455,0.916,-0.005,-0.005
-0.2,-0.002,-0.012,0.0,0.0,0.989,0.123,6.838,0.005,0.457,1387.927,11.384,0.455,28.371,0.9,0.984,0.509,0.935,0.002,0.012
-0.15,-0.008,-0.006,0.0,0.0,0.99,0.123,6.853,0.005,0.461,1600.978,11.452,0.459,30.452,0.933,0.99,0.575,0.955,0.008,0.006
-0.1,-0.007,0.003,0.0,0.0,0.992,0.125,6.874,0.006,0.461,1964.653,11.316,0.459,33.204,0.961,0.995,0.654,0.974,0.007,-0.003
-0.05,-0.007,0.0,0.0,0.0,0.993,0.128,6.901,0.007,0.461,2483.129,11.14,0.459,37.345,0.982,0.998,0.757,0.989,0.007,0.0
0.0,0.0,0.0,0.0,0.0,1.0,0.131,6.933,0.008,0.461,3199.202,10.917,0.459,100.0,1.0,1.0,1.0,1.0,0.0,0.0
0.05,-0.005,-0.002,0.0,0.0,0.994,0.128,6.902,0.007,0.461,2486.223,11.14,0.459,37.326,0.982,0.998,0.757,0.99,0.005,0.002
0.1,-0.012,-0.004,0.0,0.0,0.991,0.126,6.875,0.006,0.459,1986.09,11.238,0.455,33.198,0.961,0.995,0.653,0.974,0.012,0.004
0.15,-0.014,-0.003,0.0,0.0,0.991,0.124,6.854,0.005,0.459,1617.805,11.371,0.455,30.445,0.933,0.99,0.574,0.955,0.014,0.003
0.2,-0.017,-0.005,0.0,0.0,0.988,0.122,6.839,0.005,0.461,1374.076,11.539,0.459,28.428,0.9,0.983,0.511,0.935,0.017,0.005
0.25,-0.017,-0.009,0.0,0.0,0.99,0.124,6.831,0.005,0.452,1296.719,11.267,0.447,26.688,0.863,0.976,0.453,0.916,0.017,0.009
0.3,-0.016,-0.013,0.0,0.0,0.988,0.124,6.83,0.005,0.452,1276.244,11.274,0.447,25.388,0.82,0.966,0.405,0.899,0.016,0.013
0.35,-0.021,-0.017,0.0,0.0,0.991,0.123,6.835,0.005,0.457,1335.483,11.4,0.455,24.351,0.774,0.956,0.364,0.882,0.021,0.017
0.4,-0.019,-0.013,0.0,0.0,0.994,0.124,6.846,0.005,0.457,1492.288,11.334,0.455,23.386,0.727,0.944,0.328,0.868,0.019,0.013
0.45,-0.009,-0.01,0.0,0.0,0.995,0.125,6.85,0.005,0.452,1553.923,11.157,0.447,22.672,0.686,0.932,0.296,0.856,0.009,0.01
0.5,-0.016,-0.011,0.0,0.0,0.988,0.123,6.848,0.005,0.459,1472.376,11.418,0.455,22.313,0.651,0.92,0.275,0.845,0.016,0.011
0.55,-0.015,0.009,0.0,0.0,0.982,0.123,6.845,0.005,0.457,1405.406,11.367,0.455,21.922,0.621,0.909,0.255,0.835,0.015,-0.009
0.6,-0.029,0.011,0.0,0.0,0.978,0.123,6.84,0.005,0.457,1338.163,11.396,0.455,21.592,0.593,0.898,0.239,0.826,0.029,-0.011
0.65,-0.02,0.006,0.0,0.0,0.974,0.122,6.838,0.005,0.459,1289.238,11.493,0.455,21.296,0.566,0.886,0.224,0.817,0.02,-0.006
0.7,-0.035,0.01,0.0,0.0,0.964,0.123,6.839,0.005,0.457,1314.31,11.406,0.455,20.949,0.54,0.875,0.21,0.809,0.035,-0.01
0.75,-0.035,0.021,0.0,0.0,0.961,0.124,6.842,0.005,0.455,1400.867,11.297,0.451,20.595,0.516,0.863,0.198,0.801,0.035,-0.021
0.8,-0.032,0.036,0.0,0.0,0.957,0.124,6.846,0.005,0.457,1470.915,11.342,0.455,20.33,0.492,0.85,0.186,0.794,0.032,-0.036
0.85,-0.024,0.051,0.0,0.0,0.957,0.124,6.847,0.005,0.457,1482.646,11.335,0.455,20.117,0.472,0.838,0.176,0.788,0.024,-0.051
0.9,-0.01,0.06,0.0,0.0,0.952,0.121,6.846,0.005,0.468,1396.529,11.739,0.467,20.018,0.454,0.826,0.168,0.782,0.01,-0.06
0.95,-0.005,0.067,0.0,0.0,0.948,0.124,6.844,0.005,0.457,1421.242,11.358,0.455,19.83,0.439,0.815,0.159,0.777,0.005,-0.067
1.0,-0.003,0.053,0.0,0.0,0.943,0.121,6.841,0.005,0.469,1333.83,11.767,0.467,19.77,0.425,0.804,0.153,0.772,0.003,-0.053
1.05,-0.004,0.056,0.0,0.0,0.939,0.121,6.84,0.005,0.466,1327.872,11.7,0.463,19.652,0.412,0.794,0.146,0.767,0.004,-0.056
1.1,-0.008,0.054,0.0,0.0,0.935,0.123,6.841,0.005,0.457,1375.28,11.381,0.455,19.478,0.399,0.783,0.138,0.763,0.008,-0.054
1.15,-0.001,0.046,0.0,0.0,0.918,0.123,6.845,0.005,0.462,1395.973,11.52,0.459,19.375,0.387,0.773,0.133,0.758,0.001,-0.046
1.2,0.002,0.042,0.0,0.0,0.907,0.123,6.847,0.005,0.462,1426.163,11.507,0.459,19.253,0.375,0.763,0.127,0.754,-0.002,-0.042
1.25,-0.014,0.036,0.0,0.0,0.894,0.123,6.847,0.005,0.46,1431.556,11.432,0.455,19.141,0.365,0.753,0.121,0.75,0.014,-0.036
1.3,-0.017,0.024,0.0,0.0,0.879,0.124,6.846,0.005,0.455,1424.329,11.282,0.451,19.021,0.355,0.742,0.116,0.747,0.017,-0.024
1.35,-0.137,-0.13,0.0,0.0,0.793,0.123,6.844,0.005,0.46,1368.147,11.457,0.455,18.994,0.347,0.733,0.112,0.743,0.137,0.13
1.4,-0.14,-0.157,0.0,0.0,0.78,0.123,6.843,0.005,0.457,1368.378,11.38,0.455,18.894,0.338,0.724,0.107,0.74,0.14,0.157
1.45,-0.142,-0.185,0.0,0.0,0.765,0.124,6.842,0.005,0.455,1381.202,11.3,0.451,18.793,0.331,0.715,0.103,0.736,0.142,0.185
1.5,-0.143,-0.221,0.0,0.0,0.745,0.124,6.843,0.005,0.455,1410.369,11.288,0.451,18.705,0.323,0.706,0.1,0.733,0.143,0.221
1.55,-0.168,-0.232,0.0,0.0,0.729,0.123,6.845,0.005,0.46,1427.497,11.435,0.455,18.658,0.316,0.698,0.096,0.731,0.168,0.232
1.6,-0.161,-0.255,0.0,0.0,0.709,0.124,6.846,0.005,0.455,1469.967,11.267,0.451,18.539,0.308,0.689,0.093,0.728,0.161,0.255
1.65,-0.173,-0.273,0.0,0.0,0.694,0.125,6.846,0.005,0.453,1469.239,11.189,0.447,18.451,0.301,0.68,0.089,0.726,0.173,0.273
1.7,-0.193,-0.316,0.0,0.0,0.678,0.124,6.846,0.005,0.455,1438.071,11.279,0.451,18.425,0.295,0.673,0.087,0.724,0.193,0.316
1.75,-0.206,-0.35,0.0,0.0,0.658,0.125,6.845,0.005,0.451,1443.729,11.122,0.447,18.315,0.289,0.664,0.083,0.722,0.206,0.35
1.8,-0.219,-0.375,0.0,0.0,0.643,0.125,6.844,0.005,0.451,1431.317,11.126,0.447,18.262,0.283,0.656,0.081,0.72,0.219,0.375
1.85,-0.217,-0.401,0.0,0.0,0.632,0.125,6.844,0.005,0.451,1439.133,11.12,0.447,18.202,0.277,0.648,0.078,0.718,0.217,0.401
1.9,-0.219,-0.41,0.0,0.0,0.613,0.125,6.845,0.005,0.453,1453.671,11.194,0.447,18.166,0.273,0.641,0.076,0.716,0.219,0.41
1.95,-0.244,-0.417,0.0,0.0,0.599,0.125,6.847,0.005,0.453,1483.046,11.18,0.447,18.101,0.267,0.634,0.074,0.714,0.244,0.417
2.0,-0.233,-0.435,0.0,0.0,0.591,0.124,6.847,0.005,0.46,1447.78,11.422,0.455,18.115,0.263,0.627,0.072,0.713,0.233,0.435
2.05,-0.241,-0.464,0.0,0.0,0.583,0.123,6.847,0.005,0.462,1422.028,11.503,0.459,18.086,0.258,0.62,0.07,0.711,0.241,0.464
2.1,-0.232,-0.492,0.0,0.0,0.568,0.124,6.846,0.005,0.456,1430.484,11.277,0.451,17.993,0.253,0.612,0.067,0.71,0.232,0.492
2.15,-0.216,-0.535,0.0,0.0,0.561,0.125,6.846,0.005,0.453,1417.471,11.205,0.447,17.93,0.249,0.605,0.065,0.708,0.216,0.535
2.2,-0.232,-0.558,0.0,0.0,0.547,0.125,6.845,0.005,0.453,1397.554,11.213,0.447,17.89,0.245,0.599,0.064,0.707,0.232,0.558
2.25,-0.245,-0.57,0.0,0.0,0.534,0.125,6.846,0.005,0.453,1404.478,11.21,0.447,17.842,0.241,0.592,0.062,0.706,0.245,0.57
2.3,-0.222,-0.606,0.0,0.0,0.528,0.124,6.847,0.005,0.456,1423.064,11.279,0.451,17.809,0.237,0.586,0.06,0.704,0.222,0.606
2.35,-0.207,-0.642,0.0,0.0,0.52,0.124,6.847,0.005,0.456,1441.448,11.271,0.451,17.76,0.234,0.58,0.059,0.703,0.207,0.642
2.4,-0.213,-0.676,0.0,0.0,0.512,0.125,6.848,0.005,0.453,1459.913,11.188,0.447,17.69,0.23,0.573,0.057,0.702,0.213,0.676
2.45,-0.205,-0.694,0.0,0.0,0.507,0.124,6.847,0.005,0.458,1427.529,11.352,0.455,17.698,0.227,0.567,0.056,0.701,0.205,0.694
2.5,-0.175,-0.734,0.0,0.0,0.503,0.125,6.846,0.005,0.451,1450.502,11.114,0.447,17.589,0.222,0.56,0.054,0.7,0.175,0.734
2.55,0.362,-1.093,0.0,0.0,0.337,0.126,6.846,0.005,0.449,1454.645,11.041,0.443,17.526,0.219,0.554,0.053,0.699,-0.362,1.093
2.6,0.363,-1.126,0.0,0.0,0.336,0.126,6.846,0.005,0.449,1448.844,11.044,0.443,17.49,0.215,0.548,0.051,0.697,-0.363,1.126
2.65,0.373,-1.145,0.0,0.0,0.33,0.127,6.846,0.005,0.444,1494.379,10.866,0.439,17.38,0.211,0.542,0.05,0.696,-0.373,1.145
2.7,0.383,-1.152,0.0,0.0,0.329,0.126,6.847,0.005,0.451,1469.152,11.111,0.447,17.44,0.209,0.538,0.049,0.695,-0.383,1.152
2.75,0.391,-1.195,0.0,0.0,0.323,0.126,6.848,0.005,0.451,1470.064,11.107,0.447,17.403,0.207,0.532,0.048,0.694,-0.391,1.195
2.8,0.397,-1.188,0.0,0.0,0.324,0.124,6.848,0.005,0.456,1445.834,11.274,0.451,17.42,0.204,0.528,0.047,0.693,-0.397,1.188
2.85,0.38,-1.219,0.0,0.0,0.317,0.125,6.847,0.005,0.454,1450.443,11.196,0.447,17.367,0.201,0.522,0.046,0.692,-0.38,1.219
2.9,0.372,-1.222,0.0,0.0,0.314,0.127,6.846,0.005,0.444,1494.572,10.867,0.439,17.216,0.198,0.516,0.044,0.691,-0.372,1.222
2.95,0.308,-1.236,0.0,0.0,0.31,0.127,6.845,0.005,0.444,1490.476,10.868,0.439,17.188,0.196,0.511,0.043,0.69,-0.308,1.236
3.0,0.306,-1.248,0.0,0.0,0.304,0.126,6.847,0.005,0.449,1464.781,11.041,0.443,17.228,0.194,0.507,0.043,0.689,-0.306,1.248
0.0,0.0,0.0,0.0,0.0,1.0,0.16,7.258,0.007,0.449,2846.011,8.984,0.443,100.0,1.0,1.0,1.0,1.0,0.0,0.0
0.0,-0.002,-9.991,0.0,-10.0,0.972,0.158,7.239,0.007,0.452,2818.231,9.12,0.439,14.55,0.117,0.224,0.014,0.655,0.002,-0.009
0.0,-0.003,-10.988,0.0,-11.0,0.969,0.156,7.238,0.007,0.447,2742.884,9.135,0.435,14.488,0.115,0.2,0.013,0.654,0.003,-0.012
0.0,0.005,-13.994,0.0,-14.0,0.961,0.157,7.231,0.007,0.45,2793.686,9.165,0.439,14.149,0.107,0.145,0.01,0.646,-0.005,-0.006
0.0,0.001,-1.002,0.0,-1.0,0.988,0.16,7.257,0.007,0.451,2865.642,8.999,0.443,21.185,0.594,0.908,0.215,0.837,-0.001,0.002
0.0,-0.003,-2.996,0.0,-3.0,0.985,0.158,7.253,0.007,0.447,2803.421,9.037,0.439,16.991,0.252,0.63,0.069,0.717,0.003,-0.004
0.0,-0.0,-6.993,0.0,-7.0,0.979,0.156,7.244,0.007,0.445,2752.114,9.08,0.435,15.189,0.133,0.329,0.021,0.667,0.0,-0.007
0.0,-0.003,0.999,0.0,1.0,0.988,0.159,7.259,0.007,0.446,2793.692,8.971,0.439,21.227,0.596,0.908,0.216,0.837,0.003,0.001
0.0,0.001,3.995,0.0,4.0,0.985,0.16,7.267,0.007,0.448,2838.765,8.923,0.439,16.213,0.189,0.522,0.047,0.695,-0.001,0.005
0.0,-0.0,6.991,0.0,7.0,0.98,0.163,7.273,0.008,0.451,2880.226,8.869,0.443,15.036,0.131,0.325,0.02,0.663,0.0,0.009
0.0,-0.004,8.992,0.0,9.0,0.977,0.161,7.276,0.007,0.446,2802.801,8.847,0.443,14.626,0.118,0.255,0.015,0.655,0.004,0.008
0.0,-9.998,-9.99,-10.0,-10.0,0.952,0.154,7.212,0.007,0.446,2761.429,9.222,0.435,14.081,0.102,0.14,0.009,0.647,-0.002,-0.01
0.0,-9.995,-13.99,-10.0,-14.0,0.945,0.154,7.204,0.007,0.447,2783.718,9.268,0.435,13.894,0.108,0.135,0.01,0.644,-0.005,-0.01
0.0,-9.996,1.999,-10.0,2.0,0.967,0.158,7.237,0.007,0.449,2857.12,9.069,0.439,14.614,0.105,0.215,0.014,0.648,-0.004,0.001
0.0,-11.0,-10.983,-11.0,-11.0,0.948,0.154,7.208,0.007,0.445,2758.636,9.243,0.431,13.97,0.101,0.124,0.009,0.646,-0.0,-0.017
0.0,-10.999,-0.995,-11.0,-1.0,0.962,0.156,7.226,0.007,0.445,2791.076,9.122,0.435,14.353,0.088,0.17,0.009,0.638,-0.001,-0.005
0.0,-11.001,-2.99,-11.0,-3.0,0.961,0.156,7.224,0.007,0.447,2810.091,9.149,0.435,14.277,0.093,0.163,0.008,0.638,0.001,-0.01
0.0,-11.0,3.992,-11.0,4.0,0.96,0.155,7.238,0.007,0.44,2746.551,9.045,0.435,14.457,0.109,0.191,0.012,0.643,-0.0,0.008
0.0,-11.002,5.003,-11.0,5.0,0.96,0.158,7.242,0.007,0.448,2827.168,9.034,0.443,14.338,0.11,0.181,0.011,0.641,0.002,-0.003
0.0,-11.997,-3.005,-12.0,-3.0,0.956,0.155,7.221,0.007,0.446,2811.04,9.159,0.435,14.192,0.092,0.146,0.008,0.637,-0.003,0.005
0.0,-11.994,-4.991,-12.0,-5.0,0.954,0.156,7.216,0.007,0.448,2822.814,9.182,0.439,14.112,0.097,0.14,0.008,0.636,-0.006,-0.009
0.0,-13.002,-5.985,-13.0,-6.0,0.949,0.155,7.212,0.007,0.447,2804.776,9.205,0.439,14.024,0.1,0.122,0.008,0.636,0.002,-0.015
0.0,-12.988,-7.986,-13.0,-8.0,0.946,0.153,7.207,0.007,0.443,2748.776,9.231,0.435,13.982,0.1,0.112,0.009,0.64,-0.012,-0.014
0.0,-13.005,2.006,-13.0,2.0,0.954,0.157,7.229,0.007,0.448,2837.808,9.099,0.439,14.303,0.113,0.181,0.013,0.645,0.005,-0.006
0.0,-13.999,-2.995,-14.0,-3.0,0.95,0.154,7.215,0.007,0.444,2784.834,9.182,0.435,14.083,0.091,0.124,0.008,0.635,-0.001,-0.005
0.0,-14.002,5.0,-14.0,5.0,0.949,0.157,7.234,0.007,0.445,2802.757,9.07,0.439,14.178,0.11,0.175,0.012,0.639,0.002,0.0
0.0,-1.0,-13.991,-1.0,-14.0,0.959,0.157,7.229,0.007,0.451,2810.781,9.177,0.439,14.173,0.115,0.162,0.012,0.65,-0.0,-0.009
0.0,-1.005,-2.994,-1.0,-3.0,0.983,0.159,7.25,0.007,0.449,2833.861,9.044,0.443,17.007,0.275,0.638,0.075,0.722,0.005,-0.006
0.0,-1.003,9.989,-1.0,10.0,0.972,0.164,7.276,0.008,0.454,2891.356,8.853,0.447,14.335,0.108,0.204,0.012,0.65,0.003,0.011
0.0,-1.009,0.999,-1.0,1.0,0.988,0.16,7.259,0.007,0.449,2846.37,8.981,0.443,19.649,0.472,0.849,0.149,0.784,0.009,0.001
0.0,-2.002,0.0,-2.0,0.0,0.987,0.159,7.253,0.007,0.449,2835.791,9.011,0.443,18.493,0.38,0.775,0.111,0.743,0.002,0.0
0.0,-2.001,-7.992,-2.0,-8.0,0.975,0.157,7.237,0.007,0.448,2784.476,9.118,0.435,15.027,0.154,0.321,0.024,0.67,0.001,-0.008
0.0,-2.005,5.992,-2.0,6.0,0.978,0.161,7.266,0.007,0.449,2854.865,8.914,0.443,15.137,0.109,0.308,0.017,0.66,0.005,0.008
0.0,-2.007,8.992,-2.0,9.0,0.973,0.161,7.272,0.007,0.446,2814.379,8.875,0.439,14.515,0.106,0.206,0.012,0.654,0.007,0.008
0.0,-2.999,-5.992,-3.0,-6.0,0.976,0.158,7.238,0.007,0.45,2832.632,9.106,0.439,15.318,0.163,0.394,0.028,0.673,-0.001,-0.008
0.0,-3.004,3.989,-3.0,4.0,0.979,0.158,7.258,0.007,0.442,2764.84,8.958,0.435,15.702,0.115,0.39,0.022,0.666,0.004,0.011
0.0,-3.003,4.999,-3.0,5.0,0.98,0.16,7.261,0.007,0.449,2847.002,8.945,0.443,15.3,0.1,0.325,0.017,0.659,0.003,0.001
0.0,-4.003,0.002,-4.0,0.0,0.982,0.158,7.248,0.007,0.447,2817.018,9.04,0.439,16.473,0.189,0.534,0.043,0.685,0.003,-0.002
0.0,-4.0,-5.998,-4.0,-6.0,0.974,0.156,7.236,0.007,0.446,2790.294,9.121,0.435,15.221,0.155,0.368,0.024,0.67,-0.0,-0.002
0.0,-4.0,2.998,-4.0,3.0,0.98,0.16,7.255,0.007,0.451,2875.392,8.992,0.443,15.848,0.142,0.423,0.027,0.672,-0.0,0.002
0.0,-3.996,4.0,-4.0,4.0,0.977,0.161,7.257,0.008,0.453,2898.722,8.978,0.443,15.42,0.108,0.35,0.019,0.66,-0.004,0.0
0.0,-4.993,0.004,-5.0,0.0,0.979,0.158,7.245,0.007,0.447,2812.301,9.053,0.439,15.928,0.146,0.447,0.03,0.676,-0.007,-0.004
0.0,-5.0,-9.984,-5.0,-10.0,0.965,0.155,7.226,0.007,0.446,2738.545,9.182,0.435,14.472,0.121,0.235,0.015,0.661,-0.0,-0.016
0.0,-5.0,-10.986,-5.0,-11.0,0.961,0.156,7.222,0.007,0.451,2802.009,9.193,0.439,14.317,0.114,0.214,0.014,0.658,-0.0,-0.014
0.0,-5.013,9.996,-5.0,10.0,0.967,0.162,7.268,0.007,0.452,2851.882,8.913,0.443,14.139,0.09,0.128,0.007,0.637,0.013,0.004
0.0,-5.004,5.999,-5.0,6.0,0.973,0.159,7.258,0.007,0.447,2812.903,8.962,0.439,14.825,0.093,0.227,0.01,0.644,0.004,0.001
0.0,-4.997,6.994,-5.0,7.0,0.972,0.161,7.26,0.007,0.451,2860.413,8.941,0.443,14.572,0.087,0.192,0.009,0.643,-0.003,0.006
0.0,-6.006,-0.001,-6.0,0.0,0.977,0.158,7.241,0.007,0.448,2821.655,9.06,0.443,15.499,0.125,0.381,0.022,0.669,0.006,0.001
0.0,-5.993,-12.987,-6.0,-13.0,0.956,0.154,7.218,0.007,0.445,2732.734,9.228,0.435,14.101,0.102,0.173,0.012,0.652,-0.007,-0.013
0.0,-5.992,-4.993,-6.0,-5.0,0.973,0.156,7.233,0.007,0.446,2774.582,9.133,0.435,14.936,0.118,0.31,0.016,0.657,-0.008,-0.007
0.0,-6.003,-5.995,-6.0,-6.0,0.97,0.158,7.229,0.007,0.451,2845.986,9.141,0.439,14.78,0.119,0.289,0.015,0.657,0.003,-0.005
0.0,-5.996,-8.995,-6.0,-9.0,0.963,0.157,7.224,0.007,0.451,2804.512,9.178,0.439,14.446,0.121,0.235,0.015,0.659,-0.004,-0.005
0.0,-6.004,1.997,-6.0,2.0,0.976,0.16,7.246,0.007,0.452,2883.455,9.033,0.443,15.513,0.144,0.371,0.024,0.668,0.004,0.003
0.0,-5.998,5.991,-6.0,6.0,0.973,0.16,7.255,0.007,0.449,2823.875,8.97,0.443,14.703,0.092,0.209,0.01,0.645,-0.002,0.009
0.0,-6.011,7.991,-6.0,8.0,0.967,0.16,7.259,0.007,0.449,2828.927,8.942,0.443,14.349,0.086,0.151,0.007,0.638,0.011,0.009
0.0,-6.007,8.993,-6.0,9.0,0.968,0.161,7.263,0.007,0.449,2835.631,8.932,0.443,14.218,0.087,0.131,0.007,0.637,0.007,0.007
0.0,-7.0,-6.99,-7.0,-7.0,0.965,0.157,7.227,0.007,0.451,2839.788,9.16,0.439,14.5,0.108,0.235,0.013,0.652,-0.0,-0.01
0.0,-6.997,-7.994,-7.0,-8.0,0.966,0.155,7.224,0.007,0.447,2767.304,9.174,0.435,14.451,0.111,0.223,0.012,0.653,-0.003,-0.006
0.0,-7.005,11.986,-7.0,12.0,0.957,0.162,7.267,0.007,0.452,2863.866,8.917,0.447,13.82,0.086,0.087,0.006,0.633,0.005,0.014
0.0,-7.999,-10.984,-8.0,-11.0,0.956,0.154,7.216,0.007,0.445,2725.08,9.223,0.435,14.17,0.111,0.172,0.011,0.651,-0.001,-0.016
0.0,-8.0,-12.99,-8.0,-13.0,0.951,0.155,7.213,0.007,0.45,2809.893,9.243,0.439,13.969,0.108,0.157,0.011,0.649,-0.0,-0.01
0.0,-7.992,-8.994,-8.0,-9.0,0.96,0.156,7.22,0.007,0.448,2787.097,9.195,0.439,14.254,0.106,0.184,0.011,0.648,-0.008,-0.006
0.0,-8.004,7.994,-8.0,8.0,0.976,0.16,7.256,0.007,0.449,2831.104,8.963,0.443,14.201,0.088,0.137,0.007,0.636,0.004,0.006
0.0,-9.002,-10.98,-9.0,-11.0,0.951,0.154,7.213,0.007,0.446,2757.133,9.227,0.435,14.087,0.105,0.155,0.01,0.648,0.002,-0.02
0.0,-8.998,-13.989,-9.0,-14.0,0.945,0.155,7.207,0.007,0.449,2795.637,9.262,0.439,13.898,0.108,0.144,0.011,0.646,-0.002,-0.011
0.0,-9.002,-2.99,-9.0,-3.0,0.966,0.156,7.228,0.007,0.447,2811.026,9.132,0.435,14.529,0.092,0.21,0.01,0.645,0.002,-0.01
0.0,-8.995,4.0,-9.0,4.0,0.965,0.158,7.244,0.007,0.448,2831.481,9.032,0.443,14.676,0.115,0.219,0.013,0.648,-0.005,0.0
0.0,9.998,-3.999,10.0,-4.0,0.967,0.162,7.273,0.008,0.455,2887.486,8.946,0.443,14.404,0.109,0.206,0.012,0.645,0.002,-0.001
0.0,10.003,5.989,10.0,6.0,0.967,0.164,7.292,0.008,0.451,2868.072,8.777,0.447,14.053,0.093,0.16,0.01,0.639,-0.003,0.011
0.0,9.989,7.988,10.0,8.0,0.96,0.165,7.294,0.008,0.451,2869.433,8.748,0.447,13.889,0.092,0.149,0.009,0.64,0.011,0.012
0.0,11.002,-12.992,11.0,-13.0,0.954,0.159,7.261,0.007,0.451,2788.127,9.052,0.443,13.664,0.081,0.08,0.007,0.635,-0.002,-0.008
0.0,10.999,-3.001,11.0,-3.0,0.965,0.163,7.277,0.008,0.455,2898.473,8.919,0.447,14.321,0.106,0.198,0.013,0.644,0.001,0.001
0.0,11.001,1.0,11.0,1.0,0.967,0.164,7.286,0.008,0.455,2919.179,8.85,0.447,14.165,0.089,0.175,0.009,0.638,-0.001,0.0
0.0,11.992,-12.989,12.0,-13.0,0.95,0.16,7.263,0.007,0.453,2812.3,9.037,0.443,13.62,0.084,0.083,0.007,0.635,0.008,-0.011
0.0,11.986,-8.991,12.0,-9.0,0.954,0.16,7.27,0.007,0.449,2775.611,8.989,0.439,13.899,0.095,0.132,0.008,0.635,0.014,-0.009
0.0,11.993,10.993,12.0,11.0,0.949,0.167,7.306,0.008,0.454,2913.584,8.688,0.451,13.52,0.097,0.113,0.009,0.639,0.007,0.007
0.0,11.986,0.999,12.0,1.0,0.963,0.164,7.289,0.008,0.453,2891.952,8.833,0.447,14.081,0.088,0.158,0.009,0.637,0.014,0.001
0.0,12.997,-0.006,13.0,0.0,0.962,0.163,7.29,0.008,0.45,2853.191,8.837,0.443,14.067,0.088,0.154,0.009,0.638,0.003,0.006
0.0,12.997,-1.0,13.0,-1.0,0.962,0.162,7.286,0.008,0.45,2838.485,8.854,0.443,14.13,0.098,0.168,0.011,0.642,0.003,-0.0
0.0,12.997,-7.997,13.0,-8.0,0.955,0.16,7.275,0.007,0.45,2796.875,8.961,0.443,13.923,0.1,0.149,0.009,0.634,0.003,-0.003
0.0,12.995,-8.991,13.0,-9.0,0.954,0.16,7.271,0.007,0.45,2776.082,8.976,0.439,13.865,0.097,0.134,0.009,0.632,0.005,-0.009
0.0,12.991,10.987,13.0,11.0,0.946,0.167,7.308,0.008,0.454,2908.051,8.675,0.451,13.469,0.098,0.105,0.009,0.637,0.009,0.013
0.0,12.99,12.99,13.0,13.0,0.941,0.167,7.311,0.008,0.452,2895.161,8.659,0.451,13.377,0.094,0.108,0.009,0.635,0.01,0.01
0.0,1.003,-4.994,1.0,-5.0,0.983,0.16,7.25,0.007,0.453,2865.269,9.047,0.443,15.58,0.133,0.409,0.027,0.674,-0.003,-0.006
0.0,1.0,-8.982,1.0,-9.0,0.974,0.158,7.243,0.007,0.451,2807.944,9.095,0.439,14.641,0.11,0.226,0.013,0.656,0.0,-0.018
0.0,1.001,8.994,1.0,9.0,0.975,0.164,7.279,0.008,0.454,2911.66,8.833,0.447,14.646,0.132,0.277,0.02,0.659,-0.001,0.006
0.0,1.988,12.988,2.0,13.0,0.964,0.163,7.289,0.008,0.449,2858.029,8.786,0.443,14.097,0.126,0.2,0.017,0.657,0.012,0.012
0.0,1.993,1.997,2.0,2.0,0.986,0.162,7.266,0.008,0.453,2910.405,8.929,0.443,17.11,0.28,0.668,0.078,0.716,0.007,0.003
0.0,1.991,7.988,2.0,8.0,0.974,0.163,7.277,0.008,0.45,2858.145,8.829,0.447,14.873,0.155,0.324,0.024,0.666,0.009,0.012
0.0,3.002,0.004,3.0,0.0,0.983,0.16,7.265,0.007,0.448,2841.168,8.952,0.439,17.221,0.261,0.641,0.066,0.702,-0.002,-0.004
0.0,2.993,-9.985,3.0,-10.0,0.971,0.157,7.246,0.007,0.447,2768.198,9.091,0.439,14.392,0.097,0.157,0.01,0.648,0.007,-0.015
0.0,2.994,-1.993,3.0,-2.0,0.985,0.159,7.261,0.007,0.448,2826.584,8.986,0.439,16.765,0.216,0.562,0.048,0.694,0.006,-0.007
0.0,2.996,-2.997,3.0,-3.0,0.983,0.161,7.257,0.008,0.453,2890.461,9.001,0.443,16.058,0.15,0.472,0.032,0.677,0.004,-0.003
0.0,2.996,4.994,3.0,5.0,0.979,0.163,7.274,0.008,0.453,2908.347,8.867,0.443,15.473,0.173,0.434,0.033,0.675,0.004,0.006
0.0,3.0,8.992,3.0,9.0,0.972,0.165,7.283,0.008,0.454,2915.533,8.809,0.447,14.518,0.142,0.286,0.021,0.661,0.0,0.008
0.0,3.995,-9.994,4.0,-10.0,0.968,0.159,7.249,0.007,0.453,2846.883,9.079,0.443,14.248,0.089,0.138,0.008,0.642,0.005,-0.006
0.0,3.996,11.991,4.0,12.0,0.964,0.166,7.291,0.008,0.454,2937.784,8.771,0.447,14.023,0.125,0.213,0.016,0.656,0.004,0.009
0.0,4.997,-0.005,5.0,0.0,0.98,0.16,7.27,0.007,0.448,2844.286,8.931,0.439,15.872,0.147,0.445,0.03,0.675,0.003,0.005
0.0,4.997,9.994,5.0,10.0,0.967,0.165,7.289,0.008,0.452,2894.073,8.777,0.447,14.182,0.122,0.236,0.016,0.658,0.003,0.006
0.0,4.99,12.99,5.0,13.0,0.958,0.165,7.294,0.008,0.451,2885.447,8.751,0.447,13.853,0.113,0.192,0.014,0.651,0.01,0.01
0.0,4.996,2.993,5.0,3.0,0.979,0.163,7.275,0.008,0.452,2893.949,8.879,0.443,15.336,0.137,0.398,0.024,0.663,0.004,0.007
0.0,4.995,7.987,5.0,8.0,0.971,0.163,7.285,0.008,0.448,2852.602,8.798,0.443,14.527,0.133,0.28,0.018,0.661,0.005,0.013
0.0,5.994,-9.996,6.0,-10.0,0.966,0.158,7.253,0.007,0.45,2809.813,9.062,0.443,14.118,0.08,0.108,0.006,0.636,0.006,-0.004
0.0,5.996,-10.989,6.0,-11.0,0.965,0.158,7.251,0.007,0.45,2808.312,9.075,0.443,14.03,0.081,0.098,0.006,0.635,0.004,-0.011
0.0,5.998,-2.004,6.0,-2.0,0.978,0.161,7.268,0.008,0.45,2869.044,8.952,0.443,15.491,0.146,0.369,0.024,0.668,0.002,0.004
0.0,6.002,-3.994,6.0,-4.0,0.976,0.161,7.264,0.008,0.452,2872.62,8.985,0.443,15.054,0.114,0.295,0.016,0.654,-0.002,-0.006
0.0,5.99,10.994,6.0,11.0,0.963,0.166,7.293,0.008,0.454,2937.301,8.76,0.447,13.927,0.111,0.204,0.014,0.654,0.01,0.006
0.0,5.992,12.99,6.0,13.0,0.958,0.165,7.295,0.008,0.451,2899.509,8.743,0.447,13.767,0.108,0.182,0.013,0.649,0.008,0.01
0.0,5.997,1.994,6.0,2.0,0.979,0.162,7.276,0.008,0.452,2910.825,8.887,0.443,15.142,0.115,0.354,0.018,0.658,0.003,0.006
0.0,8.0,-11.99,8.0,-12.0,0.961,0.158,7.255,0.007,0.448,2775.27,9.074,0.439,13.864,0.077,0.079,0.005,0.634,0.0,-0.01
0.0,7.998,-12.997,8.0,-13.0,0.959,0.159,7.253,0.007,0.454,2843.187,9.084,0.443,13.783,0.082,0.078,0.006,0.633,0.002,-0.003
0.0,7.999,-7.994,8.0,-8.0,0.979,0.159,7.262,0.007,0.45,2813.512,9.016,0.443,14.187,0.088,0.139,0.007,0.637,0.001,-0.006
0.0,8.0,-8.996,8.0,-9.0,0.967,0.16,7.26,0.007,0.452,2826.058,9.031,0.443,14.061,0.083,0.114,0.006,0.635,0.0,-0.004
0.0,8.003,1.992,8.0,2.0,0.974,0.163,7.28,0.008,0.452,2904.477,8.868,0.447,14.624,0.095,0.255,0.012,0.647,-0.003,0.008
0.0,8.994,-10.994,9.0,-11.0,0.961,0.159,7.259,0.007,0.451,2795.704,9.05,0.443,13.852,0.076,0.087,0.006,0.634,0.006,-0.006
0.0,8.997,-11.996,9.0,-12.0,0.958,0.159,7.258,0.007,0.452,2809.175,9.065,0.443,13.781,0.077,0.079,0.006,0.634,0.003,-0.004
0.0,8.996,-3.003,9.0,-3.0,0.97,0.161,7.274,0.007,0.451,2855.147,8.941,0.443,14.679,0.116,0.24,0.015,0.65,0.004,0.003
0.0,8.998,-7.998,9.0,-8.0,0.967,0.16,7.264,0.007,0.451,2805.86,9.008,0.443,14.112,0.089,0.14,0.007,0.636,0.002,-0.002
0.0,8.994,11.986,9.0,12.0,0.954,0.166,7.301,0.008,0.453,2909.411,8.725,0.447,13.66,0.113,0.157,0.011,0.644,0.006,0.014
0.0,9.0,2.993,9.0,3.0,0.971,0.164,7.284,0.008,0.454,2919.681,8.841,0.447,14.357,0.092,0.214,0.01,0.642,0.0,0.007
0.0,8.996,7.986,9.0,8.0,0.965,0.164,7.294,0.008,0.451,2870.109,8.759,0.447,13.986,0.095,0.171,0.01,0.641,0.004,0.014
0.0,0.0,0.0,0.0,0.0,1.0,0.041,4.413,0.001,0.67,450.886,24.221,0.671,100.0,1.0,1.0,1.0,1.0,0.0,0.0
0.0,-0.008,-13.087,0.0,-13.0,0.894,0.042,4.414,0.001,0.654,465.981,23.879,0.655,25.531,0.356,0.685,0.027,0.742,0.008,0.087
0.0,-0.011,-14.053,0.0,-14.0,0.89,0.043,4.414,0.001,0.654,486.578,23.729,0.655,25.38,0.334,0.664,0.024,0.74,0.011,0.053
0.0,-0.019,-3.048,0.0,-3.0,0.939,0.041,4.416,0.001,0.676,458.695,24.277,0.678,28.485,0.655,0.877,0.155,0.834,0.019,0.048
0.0,-0.0,-7.996,0.0,-8.0,0.945,0.041,4.414,0.001,0.671,453.744,24.214,0.671,26.933,0.482,0.778,0.057,0.763,0.0,-0.004
0.0,-0.001,10.913,0.0,11.0,0.909,0.042,4.405,0.001,0.658,456.177,23.884,0.659,26.014,0.399,0.718,0.035,0.749,0.001,0.087
0.0,-0.0,11.911,0.0,12.0,0.906,0.042,4.404,0.001,0.65,452.316,23.8,0.651,25.47,0.377,0.7,0.031,0.746,0.0,0.089
0.0,0.002,0.987,0.0,1.0,0.979,0.043,4.415,0.001,0.662,487.31,23.803,0.663,31.163,0.844,0.965,0.353,0.927,-0.002,0.013
0.0,-0.019,4.92,0.0,5.0,0.918,0.041,4.41,0.001,0.676,443.884,24.34,0.678,27.644,0.571,0.831,0.096,0.793,0.019,0.08
0.0,-0.007,6.975,0.0,7.0,0.927,0.042,4.407,0.001,0.646,458.295,23.71,0.647,25.967,0.51,0.794,0.067,0.772,0.007,0.025
0.0,-10.008,-10.027,-10.0,-10.0,0.881,0.046,4.431,0.001,0.632,546.128,22.767,0.639,23.566,0.365,0.552,0.009,0.731,0.008,0.027
0.0,-10.01,-3.044,-10.0,-3.0,0.911,0.046,4.433,0.001,0.64,542.498,22.875,0.647,23.931,0.31,0.517,0.005,0.732,0.01,0.044
0.0,-9.995,-5.074,-10.0,-5.0,0.909,0.047,4.434,0.001,0.631,579.082,22.506,0.639,23.228,0.32,0.522,0.006,0.732,-0.005,0.074
0.0,-10.004,-7.999,-10.0,-8.0,0.897,0.045,4.432,0.001,0.646,521.129,23.109,0.651,24.538,0.353,0.549,0.008,0.733,0.004,-0.001
0.0,-10.014,9.922,-10.0,10.0,0.876,0.044,4.426,0.001,0.649,507.192,23.282,0.655,24.301,0.247,0.474,0.004,0.734,0.014,0.078
0.0,-10.021,11.921,-10.0,12.0,0.87,0.045,4.422,0.001,0.643,502.058,23.113,0.651,23.945,0.245,0.471,0.004,0.733,0.021,0.079
0.0,-10.004,5.955,-10.0,6.0,0.893,0.046,4.427,0.001,0.632,527.77,22.82,0.639,23.193,0.253,0.473,0.004,0.734,0.004,0.045
0.0,-10.985,-14.054,-11.0,-14.0,0.867,0.045,4.434,0.001,0.62,514.104,22.832,0.627,22.59,0.34,0.541,0.007,0.733,-0.015,0.054
0.0,-11.026,-2.022,-11.0,-2.0,0.917,0.045,4.436,0.001,0.641,520.866,23.095,0.647,23.854,0.255,0.481,0.003,0.734,0.026,0.022
0.0,-10.993,1.921,-11.0,2.0,0.921,0.045,4.434,0.001,0.62,510.976,22.842,0.627,22.343,0.245,0.476,0.003,0.735,-0.007,0.079
0.0,-11.015,7.994,-11.0,8.0,0.883,0.046,4.428,0.001,0.632,520.134,22.827,0.639,23.181,0.241,0.479,0.004,0.733,0.015,0.006
0.0,-12.008,9.924,-12.0,10.0,0.877,0.045,4.429,0.001,0.641,494.66,23.172,0.647,24.1,0.301,0.549,0.009,0.735,0.008,0.076
0.0,-12.028,10.871,-12.0,11.0,0.875,0.046,4.429,0.001,0.649,510.995,23.059,0.655,24.518,0.305,0.551,0.01,0.734,0.028,0.129
0.0,-13.047,-12.054,-13.0,-12.0,0.866,0.045,4.434,0.001,0.642,506.578,23.118,0.647,23.855,0.244,0.475,0.004,0.732,0.047,0.054
0.0,-13.034,-6.998,-13.0,-7.0,0.892,0.046,4.437,0.001,0.636,531.431,22.872,0.643,23.424,0.24,0.482,0.005,0.732,0.034,-0.002
0.0,-14.041,-12.066,-14.0,-12.0,0.872,0.046,4.435,0.001,0.65,520.016,22.996,0.655,24.244,0.248,0.487,0.006,0.731,0.041,0.066
0.0,-14.034,-4.063,-14.0,-4.0,0.906,0.046,4.439,0.001,0.65,524.103,22.967,0.655,24.525,0.314,0.553,0.012,0.731,0.034,0.063
0.0,-14.021,-6.062,-14.0,-6.0,0.889,0.044,4.44,0.001,0.634,502.944,23.231,0.639,23.63,0.304,0.549,0.01,0.733,0.021,0.062
0.0,-14.035,-9.046,-14.0,-9.0,0.876,0.047,4.436,0.001,0.635,539.513,22.635,0.639,23.384,0.261,0.504,0.007,0.73,0.035,0.046
0.0,-14.034,3.911,-14.0,4.0,0.904,0.046,4.436,0.001,0.65,514.585,22.991,0.655,25.038,0.411,0.619,0.022,0.734,0.034,0.089
0.0,-14.039,7.98,-14.0,8.0,0.892,0.047,4.432,0.001,0.623,530.198,22.451,0.627,23.101,0.435,0.632,0.026,0.734,0.039,0.02
0.0,-1.024,-12.07,-1.0,-12.0,0.891,0.044,4.419,0.001,0.669,513.764,23.626,0.671,27.241,0.541,0.793,0.075,0.767,0.024,0.07
0.0,-1.002,-13.092,-1.0,-13.0,0.893,0.041,4.418,0.001,0.656,458.808,24.034,0.655,26.833,0.528,0.789,0.069,0.764,0.002,0.092
0.0,-1.01,-6.055,-1.0,-6.0,0.926,0.042,4.418,0.001,0.658,461.814,23.991,0.659,27.798,0.616,0.842,0.109,0.796,0.01,0.055
0.0,-1.005,12.929,-1.0,13.0,0.887,0.041,4.409,0.001,0.686,439.963,24.43,0.686,25.174,0.266,0.593,0.012,0.742,0.005,0.071
0.0,-1.007,1.916,-1.0,2.0,0.957,0.042,4.417,0.001,0.658,454.898,24.006,0.659,26.499,0.462,0.807,0.073,0.801,0.007,0.084
0.0,-1.014,3.915,-1.0,4.0,0.924,0.044,4.416,0.001,0.669,505.717,23.647,0.671,26.081,0.389,0.735,0.041,0.766,0.014,0.085
0.0,-0.984,5.954,-1.0,6.0,0.914,0.042,4.415,0.001,0.646,459.463,23.774,0.647,25.111,0.357,0.697,0.028,0.753,-0.016,0.046
0.0,-1.008,9.008,-1.0,9.0,0.921,0.041,4.408,0.001,0.669,437.763,24.238,0.671,25.771,0.308,0.648,0.018,0.743,0.008,-0.008
0.0,-2.009,-3.036,-2.0,-3.0,0.939,0.043,4.422,0.001,0.662,483.642,23.809,0.663,25.81,0.348,0.698,0.031,0.767,0.009,0.036
0.0,-2.012,11.932,-2.0,12.0,0.894,0.041,4.41,0.001,0.671,432.24,24.292,0.671,25.367,0.243,0.542,0.007,0.741,0.012,0.068
0.0,-1.995,2.9,-2.0,3.0,0.951,0.043,4.421,0.001,0.662,487.957,23.786,0.663,25.372,0.274,0.63,0.019,0.764,-0.005,0.1
0.0,-3.007,-11.043,-3.0,-11.0,0.892,0.043,4.418,0.001,0.678,479.226,24.031,0.678,25.893,0.361,0.683,0.023,0.747,0.007,0.043
0.0,-2.98,-14.052,-3.0,-14.0,0.888,0.042,4.421,0.001,0.644,458.764,23.81,0.643,25.329,0.43,0.725,0.036,0.751,-0.02,0.052
0.0,-3.006,-3.03,-3.0,-3.0,0.935,0.043,4.421,0.001,0.678,481.445,24.016,0.678,25.234,0.251,0.584,0.011,0.758,0.006,0.03
0.0,-3.014,-5.076,-3.0,-5.0,0.923,0.043,4.424,0.001,0.663,496.901,23.767,0.663,25.276,0.261,0.604,0.011,0.751,0.014,0.076
0.0,-3.011,-9.052,-3.0,-9.0,0.904,0.043,4.421,0.001,0.666,482.468,23.84,0.667,25.697,0.319,0.654,0.018,0.746,0.011,0.052
0.0,-2.988,9.935,-3.0,10.0,0.903,0.042,4.414,0.001,0.654,449.155,23.945,0.655,24.902,0.248,0.533,0.004,0.738,-0.012,0.065
0.0,-3.021,11.927,-3.0,12.0,0.895,0.042,4.412,0.001,0.674,457.262,24.05,0.675,25.198,0.251,0.53,0.004,0.736,0.021,0.073
0.0,-2.986,1.925,-3.0,2.0,0.951,0.041,4.422,0.001,0.644,454.813,23.822,0.643,24.439,0.252,0.573,0.01,0.766,-0.014,0.075
0.0,-3.022,3.929,-3.0,4.0,0.93,0.043,4.42,0.001,0.67,472.59,23.919,0.671,25.171,0.231,0.546,0.007,0.753,0.022,0.071
0.0,-3.014,5.955,-3.0,6.0,0.914,0.043,4.418,0.001,0.655,476.093,23.73,0.655,24.787,0.227,0.532,0.006,0.747,0.014,0.045
0.0,-4.026,-0.011,-4.0,0.0,0.958,0.041,4.421,0.001,0.642,431.587,23.983,0.643,24.212,0.232,0.535,0.005,0.757,0.026,0.011
0.0,-4.014,11.915,-4.0,12.0,0.893,0.042,4.413,0.001,0.663,452.971,23.922,0.663,25.35,0.304,0.554,0.004,0.734,0.014,0.085
0.0,-5.037,-10.043,-5.0,-10.0,0.893,0.044,4.424,0.001,0.664,507.043,23.593,0.663,24.921,0.221,0.502,0.004,0.739,0.037,0.043
0.0,-5.041,2.886,-5.0,3.0,0.939,0.043,4.421,0.001,0.655,474.436,23.699,0.655,24.954,0.29,0.546,0.004,0.741,0.041,0.114
0.0,-5.033,5.937,-5.0,6.0,0.912,0.044,4.419,0.001,0.664,492.274,23.65,0.663,25.254,0.308,0.553,0.004,0.736,0.033,0.063
0.0,-5.021,7.982,-5.0,8.0,0.914,0.042,4.414,0.001,0.655,449.495,23.809,0.655,25.203,0.333,0.571,0.006,0.735,0.021,0.018
0.0,-6.035,-0.004,-6.0,0.0,0.967,0.043,4.419,0.001,0.659,454.925,23.791,0.659,25.284,0.333,0.563,0.005,0.739,0.035,0.004
0.0,-6.041,-12.065,-6.0,-12.0,0.896,0.043,4.42,0.001,0.671,459.503,23.91,0.671,25.06,0.24,0.499,0.003,0.735,0.041,0.065
0.0,-6.035,-4.058,-6.0,-4.0,0.934,0.043,4.422,0.001,0.671,462.425,23.899,0.671,25.265,0.295,0.533,0.003,0.737,0.035,0.058
0.0,-6.037,-8.001,-6.0,-8.0,0.92,0.043,4.421,0.001,0.659,457.493,23.781,0.659,24.974,0.261,0.512,0.002,0.735,0.037,0.001
0.0,-6.038,10.928,-6.0,11.0,0.906,0.042,4.407,0.001,0.671,434.08,24.028,0.671,25.919,0.412,0.602,0.014,0.735,0.038,0.072
0.0,-6.973,-10.044,-7.0,-10.0,0.891,0.045,4.426,0.001,0.643,533.034,23.015,0.643,24.056,0.29,0.522,0.003,0.729,-0.027,0.044
0.0,-6.999,-14.061,-7.0,-14.0,0.876,0.044,4.422,0.001,0.63,495.686,23.049,0.627,23.188,0.263,0.508,0.003,0.732,-0.001,0.061
0.0,-6.974,-2.03,-7.0,-2.0,0.936,0.045,4.427,0.001,0.643,533.529,23.01,0.643,24.359,0.371,0.575,0.008,0.732,-0.026,0.03
0.0,-6.976,5.943,-7.0,6.0,0.908,0.045,4.42,0.001,0.643,515.157,23.079,0.643,24.555,0.404,0.591,0.014,0.735,-0.024,0.057
0.0,-8.016,-11.065,-8.0,-11.0,0.879,0.047,4.426,0.001,0.642,553.625,22.772,0.651,24.155,0.345,0.551,0.007,0.727,0.016,0.065
0.0,-7.993,-4.062,-8.0,-4.0,0.913,0.046,4.429,0.001,0.645,548.187,22.88,0.643,24.589,0.397,0.578,0.013,0.732,-0.007,0.062
0.0,-8.008,6.971,-8.0,7.0,0.904,0.044,4.419,0.001,0.632,486.974,23.107,0.631,23.648,0.36,0.56,0.009,0.735,0.008,0.029
0.0,-9.02,-12.077,-9.0,-12.0,0.868,0.045,4.429,0.001,0.663,518.97,23.339,0.671,25.47,0.398,0.582,0.012,0.73,0.02,0.077
0.0,-8.976,-2.016,-9.0,-2.0,0.918,0.045,4.43,0.001,0.63,512.272,23.023,0.635,23.528,0.372,0.565,0.01,0.737,-0.024,0.016
0.0,-9.0,-5.087,-9.0,-5.0,0.902,0.044,4.429,0.001,0.636,511.471,23.099,0.643,24.01,0.393,0.581,0.012,0.735,-0.0,0.087
0.0,-9.009,0.993,-9.0,1.0,0.946,0.046,4.425,0.001,0.637,545.432,22.781,0.635,23.807,0.339,0.545,0.007,0.732,0.009,0.007
0.0,-9.018,6.968,-9.0,7.0,0.895,0.045,4.421,0.001,0.629,496.83,22.986,0.627,23.198,0.294,0.513,0.004,0.734,0.018,0.032
0.0,9.955,-10.063,10.0,-10.0,0.879,0.044,4.408,0.001,0.658,546.209,23.461,0.663,24.612,0.24,0.461,0.004,0.735,0.045,0.063
0.0,9.958,-2.044,10.0,-2.0,0.92,0.044,4.406,0.001,0.658,540.28,23.481,0.663,24.779,0.274,0.488,0.004,0.734,0.042,0.044
0.0,9.979,-3.01,10.0,-3.0,0.918,0.042,4.405,0.001,0.656,490.97,23.775,0.659,24.818,0.276,0.495,0.004,0.736,0.021,0.01
0.0,9.956,-9.039,10.0,-9.0,0.883,0.041,4.404,0.001,0.671,465.286,24.187,0.675,25.093,0.255,0.481,0.004,0.739,0.044,0.039
0.0,10.97,-3.02,11.0,-3.0,0.907,0.042,4.407,0.001,0.659,500.081,23.818,0.663,24.84,0.249,0.48,0.003,0.736,0.03,0.02
0.0,10.946,-5.081,11.0,-5.0,0.901,0.043,4.408,0.001,0.651,517.489,23.656,0.655,24.494,0.246,0.481,0.004,0.737,0.054,0.081
0.0,10.949,10.911,11.0,11.0,0.883,0.043,4.393,0.001,0.66,506.922,23.724,0.663,25.108,0.315,0.524,0.006,0.733,0.051,0.089
0.0,10.957,5.94,11.0,6.0,0.893,0.043,4.401,0.001,0.66,522.237,23.67,0.663,24.905,0.277,0.495,0.004,0.734,0.043,0.06
0.0,11.955,-11.041,12.0,-11.0,0.862,0.041,4.409,0.001,0.673,476.023,24.351,0.678,25.553,0.329,0.572,0.01,0.737,0.045,0.041
0.0,11.963,-13.115,12.0,-13.0,0.864,0.043,4.408,0.001,0.671,517.363,23.913,0.675,25.494,0.343,0.578,0.013,0.734,0.037,0.115
0.0,11.957,-3.023,12.0,-3.0,0.9,0.041,4.408,0.001,0.673,473.162,24.363,0.678,25.227,0.264,0.512,0.005,0.738,0.043,0.023
0.0,11.976,-4.048,12.0,-4.0,0.901,0.044,4.41,0.001,0.676,541.709,23.735,0.678,24.876,0.248,0.494,0.005,0.737,0.024,0.048
0.0,11.973,10.888,12.0,11.0,0.874,0.042,4.394,0.001,0.667,486.259,23.998,0.671,25.07,0.267,0.484,0.003,0.733,0.027,0.112
0.0,11.976,11.925,12.0,12.0,0.872,0.042,4.395,0.001,0.659,481.308,23.933,0.663,24.962,0.274,0.488,0.004,0.734,0.024,0.075
0.0,11.962,12.953,12.0,13.0,0.861,0.04,4.392,0.001,0.673,445.811,24.501,0.678,25.337,0.29,0.506,0.004,0.735,0.038,0.047
0.0,11.97,2.874,12.0,3.0,0.907,0.043,4.403,0.001,0.671,505.537,23.954,0.675,24.959,0.244,0.474,0.004,0.733,0.03,0.126
0.0,11.96,4.951,12.0,5.0,0.882,0.04,4.4,0.001,0.673,458.214,24.429,0.678,25.176,0.259,0.488,0.004,0.735,0.04,0.049
0.0,1.018,-10.041,1.0,-10.0,0.909,0.043,4.413,0.001,0.662,491.939,23.8,0.663,25.382,0.284,0.625,0.016,0.74,-0.018,0.041
0.0,0.995,-6.054,1.0,-6.0,0.924,0.042,4.408,0.001,0.646,464.194,23.761,0.647,25.047,0.355,0.701,0.028,0.751,0.005,0.054
0.0,0.989,0.972,1.0,1.0,0.973,0.043,4.41,0.001,0.665,480.523,23.875,0.667,27.104,0.542,0.867,0.111,0.828,0.011,0.028
0.0,1.005,2.885,1.0,3.0,0.947,0.043,4.41,0.001,0.65,479.734,23.663,0.651,26.531,0.555,0.837,0.099,0.807,-0.005,0.115
0.0,1.034,3.907,1.0,4.0,0.943,0.044,4.405,0.001,0.678,493.286,23.823,0.678,27.491,0.578,0.835,0.1,0.801,-0.034,0.093
0.0,1.958,-14.055,2.0,-14.0,0.893,0.041,4.409,0.001,0.653,469.213,24.06,0.655,24.886,0.249,0.537,0.006,0.738,0.042,0.055
0.0,1.965,-6.051,2.0,-6.0,0.929,0.041,4.409,0.001,0.653,469.871,24.063,0.655,25.053,0.266,0.596,0.012,0.747,0.035,0.051
0.0,1.962,5.923,2.0,6.0,0.918,0.044,4.404,0.001,0.66,506.256,23.576,0.663,26.154,0.429,0.74,0.039,0.758,0.038,0.077
0.0,1.953,7.998,2.0,8.0,0.929,0.042,4.397,0.001,0.657,450.827,23.906,0.659,26.536,0.48,0.768,0.05,0.763,0.047,0.002
0.0,2.954,-2.03,3.0,-2.0,0.947,0.044,4.411,0.001,0.662,522.188,23.618,0.663,25.032,0.237,0.556,0.01,0.763,0.046,0.03
0.0,2.951,-4.043,3.0,-4.0,0.936,0.043,4.409,0.001,0.649,493.858,23.645,0.651,24.535,0.229,0.542,0.007,0.752,0.049,0.043
0.0,2.961,1.913,3.0,2.0,0.948,0.042,4.402,0.001,0.661,479.697,23.843,0.663,25.134,0.242,0.57,0.011,0.76,0.039,0.087
0.0,3.962,-5.103,4.0,-5.0,0.921,0.043,4.406,0.001,0.673,497.168,23.974,0.675,25.152,0.251,0.524,0.004,0.74,0.038,0.103
0.0,3.968,2.871,4.0,3.0,0.935,0.042,4.403,0.001,0.673,489.167,23.995,0.675,25.073,0.224,0.517,0.005,0.751,0.032,0.129
0.0,3.959,4.953,4.0,5.0,0.908,0.04,4.399,0.001,0.675,443.329,24.469,0.678,25.33,0.244,0.541,0.006,0.749,0.041,0.047
0.0,3.964,7.988,4.0,8.0,0.905,0.04,4.396,0.001,0.64,428.062,24.102,0.643,24.23,0.252,0.56,0.007,0.745,0.036,0.012
0.0,4.974,-5.073,5.0,-5.0,0.914,0.043,4.408,0.001,0.661,512.48,23.794,0.663,25.178,0.304,0.556,0.004,0.736,0.026,0.073
0.0,4.969,-7.994,5.0,-8.0,0.899,0.043,4.407,0.001,0.653,505.68,23.691,0.655,24.994,0.329,0.568,0.006,0.733,0.031,-0.006
0.0,5.004,9.939,5.0,10.0,0.897,0.041,4.396,0.001,0.652,461.977,23.98,0.655,24.734,0.233,0.516,0.004,0.74,-0.004,0.061
0.0,5.985,-13.076,6.0,-13.0,0.882,0.043,4.407,0.001,0.66,511.431,23.797,0.663,25.612,0.403,0.592,0.014,0.735,0.015,0.076
0.0,5.98,-3.034,6.0,-3.0,0.921,0.042,4.405,0.001,0.66,498.425,23.855,0.663,25.453,0.359,0.582,0.007,0.737,0.02,0.034
0.0,5.979,11.935,6.0,12.0,0.878,0.041,4.39,0.001,0.669,445.336,24.357,0.671,25.235,0.248,0.509,0.003,0.737,0.021,0.065
0.0,5.989,12.942,6.0,13.0,0.878,0.042,4.39,0.001,0.66,468.442,23.989,0.663,24.961,0.238,0.501,0.004,0.737,0.011,0.058
0.0,6.979,-0.014,7.0,0.0,0.946,0.042,4.401,0.001,0.668,494.392,23.948,0.671,25.767,0.4,0.599,0.011,0.738,0.021,0.014
0.0,6.969,-12.069,7.0,-12.0,0.871,0.044,4.406,0.001,0.667,533.184,23.634,0.671,25.499,0.378,0.567,0.012,0.733,0.031,0.069
0.0,6.994,-5.082,7.0,-5.0,0.906,0.041,4.404,0.001,0.654,474.944,24.062,0.655,25.573,0.421,0.612,0.015,0.737,0.006,0.082
0.0,6.983,6.977,7.0,7.0,0.897,0.042,4.394,0.001,0.648,473.521,23.791,0.651,24.812,0.337,0.558,0.005,0.734,0.017,0.023
0.0,7.993,-12.074,8.0,-12.0,0.873,0.043,4.405,0.001,0.664,504.156,23.857,0.667,25.239,0.317,0.527,0.006,0.734,0.007,0.074
0.0,9.023,11.909,9.0,12.0,0.887,0.042,4.387,0.001,0.668,469.01,24.058,0.671,25.874,0.412,0.589,0.013,0.733,-0.023,0.091
0.0,0.0,0.0,0.0,0.0,1.0,0.12,6.626,0.009,0.615,7243.727,14.218,0.616,100.0,1.0,1.0,1.0,1.0,0.0,0.0
0.0,0.008,-5.001,0.0,-5.0,0.993,0.117,6.626,0.008,0.597,6846.64,14.172,0.6,16.592,0.049,0.329,0.01,0.736,-0.008,0.001
0.0,0.003,-8.995,0.0,-9.0,0.983,0.118,6.62,0.008,0.606,6982.628,14.246,0.608,16.384,0.052,0.242,0.006,0.74,-0.003,-0.005
0.0,0.007,3.998,0.0,4.0,0.991,0.12,6.627,0.009,0.613,7316.614,14.13,0.616,16.495,0.037,0.327,0.013,0.736,-0.007,0.002
0.0,0.003,5.994,0.0,6.0,0.987,0.118,6.633,0.008,0.608,6958.818,14.237,0.608,16.46,0.054,0.307,0.008,0.731,-0.003,0.006
0.0,-9.996,-11.996,-10.0,-12.0,0.938,0.119,6.615,0.009,0.596,7200.026,13.969,0.6,16.095,0.044,0.207,0.005,0.739,-0.004,-0.004
0.0,-9.996,6.99,-10.0,7.0,0.956,0.123,6.635,0.009,0.617,7485.04,14.013,0.62,16.091,0.036,0.221,0.005,0.725,-0.004,0.01
0.0,-11.0,-0.005,-11.0,0.0,0.96,0.119,6.626,0.008,0.622,7161.652,14.355,0.624,16.97,0.092,0.421,0.017,0.762,-0.0,0.005
0.0,-11.009,-9.999,-11.0,-10.0,0.942,0.118,6.619,0.008,0.598,6999.494,14.101,0.6,16.221,0.042,0.215,0.005,0.74,0.009,-0.001
0.0,-11.001,-5.996,-11.0,-6.0,0.951,0.12,6.625,0.008,0.612,7126.002,14.173,0.612,16.433,0.042,0.277,0.007,0.732,0.001,-0.004
0.0,-11.001,2.994,-11.0,3.0,0.958,0.118,6.625,0.008,0.611,6966.175,14.287,0.612,16.508,0.034,0.304,0.008,0.736,0.001,0.006
0.0,-11.006,5.989,-11.0,6.0,0.954,0.119,6.633,0.008,0.604,7038.123,14.096,0.608,16.254,0.045,0.241,0.005,0.729,0.006,0.011
0.0,-12.003,-12.992,-12.0,-13.0,0.929,0.117,6.612,0.008,0.608,6924.857,14.333,0.612,16.206,0.045,0.182,0.005,0.737,0.003,-0.008
0.0,-11.998,2.994,-12.0,3.0,0.955,0.118,6.626,0.008,0.616,6980.066,14.355,0.62,16.485,0.03,0.299,0.009,0.735,-0.002,0.006
0.0,-12.999,11.988,-13.0,12.0,0.934,0.116,6.642,0.008,0.597,6589.572,14.205,0.6,16.148,0.043,0.193,0.005,0.727,-0.001,0.012
0.0,-13.007,0.993,-13.0,1.0,0.95,0.12,6.623,0.009,0.623,7257.266,14.312,0.624,16.818,0.087,0.394,0.015,0.749,0.007,0.007
0.0,-13.001,4.994,-13.0,5.0,0.947,0.118,6.63,0.008,0.615,6967.863,14.317,0.62,16.314,0.038,0.258,0.006,0.732,0.001,0.006
0.0,-13.001,6.992,-13.0,7.0,0.945,0.122,6.635,0.009,0.609,7379.08,13.947,0.612,16.108,0.039,0.222,0.006,0.726,0.001,0.008
0.0,-13.995,-0.004,-14.0,0.0,0.945,0.121,6.623,0.009,0.614,7338.338,14.094,0.616,16.808,0.077,0.398,0.016,0.758,-0.005,0.004
0.0,-13.996,-1.999,-14.0,-2.0,0.946,0.121,6.629,0.009,0.615,7269.6,14.11,0.62,16.634,0.057,0.355,0.014,0.743,-0.004,-0.001
0.0,-13.997,-6.0,-14.0,-6.0,0.939,0.119,6.615,0.008,0.611,6797.495,14.225,0.612,16.456,0.044,0.289,0.008,0.732,-0.003,-0.0
0.0,-13.999,-8.999,-14.0,-9.0,0.932,0.12,6.617,0.008,0.608,7111.574,14.12,0.612,16.227,0.033,0.228,0.006,0.737,-0.001,-0.001
0.0,-14.001,11.988,-14.0,12.0,0.927,0.117,6.641,0.008,0.593,6662.621,14.069,0.596,16.084,0.044,0.195,0.005,0.726,0.001,0.012
0.0,-13.997,3.992,-14.0,4.0,0.943,0.12,6.626,0.009,0.613,7198.326,14.133,0.616,16.318,0.044,0.283,0.008,0.734,-0.003,0.008
0.0,-13.996,6.991,-14.0,7.0,0.94,0.121,6.633,0.009,0.613,7134.179,14.1,0.616,16.164,0.04,0.229,0.006,0.726,-0.004,0.009
0.0,-0.993,0.0,-1.0,0.0,0.997,0.118,6.625,0.008,0.624,7096.218,14.428,0.627,21.448,0.638,0.91,0.194,0.883,-0.007,0.0
0.0,-1.007,-9.999,-1.0,-10.0,0.975,0.117,6.62,0.008,0.612,6891.153,14.38,0.616,16.321,0.04,0.221,0.006,0.741,0.007,-0.001
0.0,-0.988,-2.999,-1.0,-3.0,0.992,0.121,6.629,0.009,0.604,7331.733,13.952,0.608,16.531,0.025,0.333,0.021,0.739,-0.012,-0.001
0.0,-0.987,12.998,-1.0,13.0,0.962,0.117,6.64,0.008,0.584,6760.505,13.931,0.584,16.02,0.046,0.203,0.006,0.726,-0.013,0.002
0.0,-0.999,1.0,-1.0,1.0,0.995,0.12,6.624,0.009,0.615,7247.238,14.235,0.616,16.514,-0.047,0.0,0.07,0.764,-0.001,0.0
0.0,-0.993,3.99,-1.0,4.0,0.99,0.119,6.626,0.008,0.614,7087.846,14.273,0.616,16.556,0.037,0.324,0.013,0.736,-0.007,0.01
0.0,-1.001,5.996,-1.0,6.0,0.987,0.118,6.633,0.008,0.617,6936.74,14.376,0.62,16.45,0.052,0.301,0.007,0.731,0.001,0.004
0.0,-1.993,-12.0,-2.0,-12.0,0.963,0.119,6.616,0.009,0.596,7227.194,13.964,0.6,16.118,0.048,0.212,0.006,0.741,-0.007,-0.0
0.0,-2.003,-7.004,-2.0,-7.0,0.98,0.118,6.624,0.008,0.605,7021.35,14.168,0.608,16.43,0.049,0.276,0.007,0.738,0.003,0.004
0.0,-1.998,-8.004,-2.0,-8.0,0.977,0.118,6.623,0.008,0.601,6985.769,14.167,0.604,16.336,0.036,0.242,0.006,0.739,-0.002,0.004
0.0,-1.991,3.995,-2.0,4.0,0.983,0.12,6.627,0.009,0.603,7287.814,13.987,0.604,16.473,0.042,0.323,0.012,0.736,-0.009,0.005
0.0,-2.001,8.995,-2.0,9.0,0.974,0.118,6.638,0.008,0.603,6903.443,14.15,0.604,16.297,0.051,0.243,0.005,0.726,0.001,0.005
0.0,-2.997,-13.997,-3.0,-14.0,0.953,0.118,6.611,0.008,0.607,7127.944,14.189,0.612,16.12,0.046,0.183,0.006,0.737,-0.003,-0.003
0.0,-3.009,-4.006,-3.0,-4.0,0.978,0.118,6.629,0.008,0.609,6996.728,14.227,0.612,16.586,0.037,0.316,0.011,0.739,0.009,0.006
0.0,-3.0,-8.004,-3.0,-8.0,0.971,0.119,6.623,0.008,0.617,7142.277,14.303,0.62,16.337,0.038,0.241,0.006,0.74,-0.0,0.004
0.0,-2.998,9.994,-3.0,10.0,0.967,0.116,6.638,0.008,0.589,6574.92,14.147,0.592,16.201,0.042,0.223,0.006,0.729,-0.002,0.006
0.0,-4.003,-10.999,-4.0,-11.0,0.959,0.119,6.617,0.008,0.599,7194.876,14.031,0.604,16.153,0.041,0.215,0.005,0.74,0.003,-0.001
0.0,-4.001,-11.997,-4.0,-12.0,0.955,0.119,6.615,0.009,0.601,7246.767,14.039,0.604,16.159,0.051,0.217,0.006,0.74,0.001,-0.003
0.0,-5.006,-7.001,-5.0,-7.0,0.965,0.12,6.625,0.009,0.619,7251.41,14.233,0.62,16.379,0.047,0.266,0.006,0.738,0.006,0.001
0.0,-4.997,1.995,-5.0,2.0,0.975,0.121,6.622,0.009,0.606,7336.823,14.022,0.608,16.443,0.003,0.282,0.015,0.744,-0.003,0.005
0.0,-5.994,-0.004,-6.0,0.0,0.973,0.121,6.624,0.009,0.614,7374.72,14.085,0.616,17.355,0.153,0.516,0.027,0.77,-0.006,0.004
0.0,-5.997,-3.002,-6.0,-3.0,0.97,0.119,6.628,0.008,0.607,6957.13,14.171,0.612,16.584,0.031,0.315,0.012,0.738,-0.003,0.002
0.0,-5.997,-4.999,-6.0,-5.0,0.969,0.12,6.625,0.008,0.615,7142.355,14.177,0.62,16.476,0.046,0.304,0.008,0.734,-0.003,-0.001
0.0,-5.994,9.995,-6.0,10.0,0.958,0.116,6.63,0.008,0.595,6390.632,14.194,0.596,16.225,0.043,0.213,0.005,0.729,-0.006,0.005
0.0,-6.998,-0.003,-7.0,0.0,0.972,0.116,6.625,0.008,0.607,6801.39,14.356,0.608,17.391,0.139,0.491,0.023,0.767,-0.002,0.003
0.0,-6.998,-7.001,-7.0,-7.0,0.96,0.119,6.625,0.008,0.618,7077.231,14.3,0.62,16.45,0.054,0.279,0.007,0.738,-0.002,0.001
0.0,-6.998,-8.99,-7.0,-9.0,0.955,0.118,6.62,0.008,0.614,7003.944,14.314,0.616,16.307,0.035,0.229,0.005,0.739,-0.002,-0.01
0.0,-8.003,-9.997,-8.0,-10.0,0.949,0.118,6.62,0.008,0.608,7028.275,14.238,0.612,16.279,0.044,0.22,0.005,0.74,0.003,-0.003
0.0,-7.997,-2.999,-8.0,-3.0,0.966,0.119,6.63,0.008,0.6,7115.26,14.018,0.604,16.515,0.036,0.319,0.011,0.738,-0.003,-0.001
0.0,-8.001,-6.996,-8.0,-7.0,0.958,0.121,6.625,0.009,0.602,7328.025,13.946,0.604,16.332,0.048,0.274,0.007,0.737,0.001,-0.004
0.0,-7.991,2.996,-8.0,3.0,0.967,0.117,6.626,0.008,0.6,6856.915,14.216,0.6,16.573,0.042,0.317,0.009,0.738,-0.009,0.004
0.0,-7.998,3.994,-8.0,4.0,0.963,0.121,6.628,0.009,0.613,7294.48,14.122,0.616,16.345,0.036,0.282,0.007,0.733,-0.002,0.006
0.0,-7.997,6.995,-8.0,7.0,0.96,0.119,6.634,0.008,0.611,6984.837,14.227,0.612,16.244,0.033,0.227,0.005,0.727,-0.003,0.005
0.0,-8.993,-10.992,-9.0,-11.0,0.944,0.12,6.616,0.009,0.6,7289.309,13.967,0.604,16.142,0.047,0.208,0.005,0.737,-0.007,-0.008
0.0,-9.0,-4.007,-9.0,-4.0,0.959,0.119,6.628,0.008,0.612,7025.347,14.233,0.616,16.498,0.035,0.299,0.009,0.737,-0.0,0.007
0.0,-9.006,1.0,-9.0,1.0,0.965,0.119,6.623,0.008,0.612,7153.257,14.232,0.616,16.85,0.075,0.402,0.016,0.75,0.006,0.0
0.0,-8.998,6.991,-9.0,7.0,0.956,0.12,6.635,0.008,0.592,7124.18,13.868,0.592,16.104,0.034,0.224,0.005,0.727,-0.002,0.009
0.0,10.007,-0.003,10.0,0.0,0.961,0.122,6.627,0.009,0.615,7439.563,14.074,0.616,16.936,0.101,0.432,0.018,0.762,-0.007,0.003
0.0,10.003,-1.999,10.0,-2.0,0.961,0.122,6.633,0.009,0.615,7358.235,14.088,0.62,16.515,0.039,0.328,0.011,0.74,-0.003,-0.001
0.0,10.008,-5.004,10.0,-5.0,0.957,0.12,6.628,0.009,0.616,7197.516,14.17,0.62,16.312,0.031,0.256,0.006,0.733,-0.008,0.004
0.0,10.001,12.001,10.0,12.0,0.93,0.117,6.64,0.008,0.591,6693.36,14.078,0.592,16.109,0.043,0.207,0.005,0.727,-0.001,-0.001
0.0,10.007,2.998,10.0,3.0,0.955,0.12,6.625,0.009,0.619,7238.309,14.224,0.62,16.472,0.037,0.322,0.011,0.736,-0.007,0.002
0.0,10.009,7.996,10.0,8.0,0.944,0.121,6.637,0.009,0.606,7190.964,14.011,0.608,16.214,0.05,0.25,0.006,0.728,-0.009,0.004
0.0,10.994,-12.998,11.0,-13.0,0.935,0.117,6.617,0.008,0.599,6970.275,14.175,0.604,16.106,0.046,0.177,0.005,0.737,0.006,-0.002
0.0,11.002,-3.003,11.0,-3.0,0.954,0.119,6.633,0.008,0.614,7031.238,14.289,0.62,16.514,0.033,0.276,0.009,0.736,-0.002,0.003
0.0,11.002,-8.002,11.0,-8.0,0.951,0.123,6.626,0.009,0.591,7602.374,13.643,0.592,16.071,0.051,0.242,0.006,0.736,-0.002,0.002
0.0,10.999,9.997,11.0,10.0,0.931,0.12,6.639,0.009,0.598,7142.911,13.929,0.6,16.087,0.041,0.201,0.005,0.727,0.001,0.003
0.0,11.001,6.0,11.0,6.0,0.945,0.118,6.634,0.008,0.605,6905.528,14.235,0.608,16.371,0.042,0.282,0.007,0.73,-0.001,0.0
0.0,12.01,-0.002,12.0,0.0,0.952,0.119,6.63,0.008,0.619,7178.545,14.337,0.62,16.91,0.082,0.409,0.017,0.762,-0.01,0.002
0.0,12.0,9.999,12.0,10.0,0.928,0.117,6.64,0.008,0.591,6794.209,14.072,0.592,16.163,0.046,0.208,0.006,0.727,0.0,0.001
0.0,12.003,5.999,12.0,6.0,0.938,0.121,6.636,0.009,0.608,7374.282,14.014,0.612,16.247,0.041,0.282,0.007,0.73,-0.003,0.001
0.0,13.001,-13.001,13.0,-13.0,0.927,0.117,6.618,0.008,0.604,6980.154,14.241,0.608,16.078,0.037,0.177,0.005,0.737,-0.001,0.001
0.0,13.009,-1.005,13.0,-1.0,0.944,0.122,6.634,0.009,0.616,7438.884,14.096,0.62,16.762,0.085,0.407,0.015,0.753,-0.009,0.005
0.0,12.998,-2.007,13.0,-2.0,0.945,0.119,6.634,0.008,0.603,7132.083,14.08,0.608,16.618,0.055,0.342,0.012,0.741,0.002,0.007
0.0,13.01,-6.003,13.0,-6.0,0.944,0.12,6.629,0.009,0.612,7200.068,14.155,0.616,16.294,0.042,0.245,0.006,0.732,-0.01,0.003
0.0,13.003,-8.007,13.0,-8.0,0.94,0.119,6.627,0.009,0.618,7185.617,14.288,0.62,16.272,0.047,0.242,0.006,0.738,-0.003,0.007
0.0,13.006,-9.004,13.0,-9.0,0.936,0.121,6.625,0.009,0.612,7376.298,14.086,0.612,16.173,0.05,0.226,0.006,0.737,-0.006,0.004
0.0,12.999,12.997,13.0,13.0,0.917,0.121,6.641,0.009,0.607,7241.422,13.999,0.608,16.025,0.042,0.193,0.005,0.724,0.001,0.003
0.0,13.007,1.998,13.0,2.0,0.943,0.12,6.625,0.009,0.616,7264.082,14.231,0.616,16.657,0.055,0.361,0.014,0.742,-0.007,0.002
0.0,12.994,5.997,13.0,6.0,0.934,0.119,6.635,0.008,0.604,7128.26,14.088,0.608,16.299,0.043,0.283,0.007,0.73,0.006,0.003
0.0,13.013,9.002,13.0,9.0,0.925,0.121,6.64,0.009,0.601,7275.145,13.928,0.604,16.081,0.031,0.218,0.006,0.725,-0.013,-0.002
0.0,0.998,-0.001,1.0,0.0,0.996,0.116,6.625,0.008,0.607,6825.163,14.359,0.608,21.529,0.639,0.91,0.195,0.882,0.002,0.001
0.0,1.0,-4.005,1.0,-4.0,0.992,0.121,6.629,0.009,0.606,7255.959,14.022,0.612,16.517,0.036,0.325,0.013,0.739,0.0,0.005
0.0,0.999,10.0,1.0,10.0,0.975,0.116,6.638,0.008,0.585,6548.909,14.084,0.584,16.163,0.038,0.22,0.006,0.729,0.001,0.0
0.0,0.998,11.992,1.0,12.0,0.967,0.117,6.64,0.008,0.589,6764.292,14.007,0.588,16.108,0.047,0.211,0.006,0.728,0.002,0.008
0.0,1.998,-1.998,2.0,-2.0,0.993,0.121,6.63,0.009,0.615,7325.598,14.101,0.62,16.502,-0.002,0.0,0.03,0.749,0.002,-0.002
0.0,1.999,-7.006,2.0,-7.0,0.985,0.118,6.624,0.008,0.62,6984.046,14.381,0.627,16.386,0.04,0.268,0.006,0.735,0.001,0.006
0.0,2.002,12.998,2.0,13.0,0.962,0.118,6.638,0.008,0.604,6829.579,14.158,0.604,16.143,0.047,0.203,0.006,0.727,-0.002,0.002
0.0,3.0,0.0,3.0,0.0,0.99,0.123,6.627,0.009,0.595,7649.511,13.706,0.596,18.192,0.298,0.686,0.064,0.799,0.0,0.0
0.0,2.998,-9.998,3.0,-10.0,0.975,0.116,6.62,0.008,0.6,6824.318,14.246,0.6,16.288,0.043,0.224,0.005,0.74,0.002,-0.002
0.0,2.994,-1.003,3.0,-1.0,0.989,0.123,6.63,0.009,0.612,7560.608,13.971,0.616,16.771,0.05,0.51,0.037,0.759,0.006,0.003
0.0,2.995,-3.0,3.0,-3.0,0.987,0.118,6.63,0.008,0.614,7007.716,14.302,0.62,16.642,0.03,0.31,0.015,0.738,0.005,-0.0
0.0,2.996,-7.997,3.0,-8.0,0.98,0.123,6.623,0.009,0.591,7589.939,13.654,0.592,16.108,0.047,0.249,0.006,0.736,0.004,-0.003
0.0,2.99,2.999,3.0,3.0,0.986,0.118,6.625,0.008,0.606,7020.949,14.221,0.608,16.58,0.022,0.313,0.016,0.739,0.01,0.001
0.0,3.0,3.994,3.0,4.0,0.983,0.118,6.627,0.008,0.611,7036.046,14.273,0.612,16.541,0.038,0.314,0.011,0.736,0.0,0.006
0.0,2.996,4.998,3.0,5.0,0.981,0.118,6.63,0.008,0.616,7038.693,14.321,0.62,16.492,0.045,0.318,0.009,0.735,0.004,0.002
0.0,3.001,7.998,3.0,8.0,0.975,0.124,6.638,0.009,0.595,7613.608,13.641,0.596,16.036,0.038,0.233,0.006,0.728,-0.001,0.002
0.0,3.994,-2.004,4.0,-2.0,0.986,0.122,6.632,0.009,0.613,7495.915,14.023,0.616,16.396,-0.009,0.0,0.018,0.744,0.006,0.004
0.0,3.998,6.998,4.0,7.0,0.973,0.122,6.635,0.009,0.616,7405.844,14.09,0.62,16.249,0.047,0.262,0.006,0.729,0.002,0.002
0.0,4.998,-0.005,5.0,0.0,0.983,0.119,6.627,0.008,0.622,7230.767,14.348,0.624,17.598,0.181,0.553,0.033,0.776,0.002,0.005
0.0,4.998,-5.999,5.0,-6.0,0.977,0.12,6.626,0.009,0.612,7183.955,14.17,0.616,16.386,0.042,0.253,0.006,0.736,0.002,-0.001
0.0,4.995,-8.005,5.0,-8.0,0.973,0.119,6.624,0.008,0.618,7167.218,14.303,0.62,16.34,0.051,0.251,0.005,0.737,0.005,0.005
0.0,5.0,9.998,5.0,10.0,0.96,0.116,6.638,0.008,0.589,6600.657,14.155,0.592,16.206,0.041,0.214,0.006,0.728,0.0,0.002
0.0,4.994,5.995,5.0,6.0,0.97,0.119,6.633,0.008,0.604,7104.031,14.1,0.608,16.362,0.045,0.294,0.007,0.73,0.006,0.005
0.0,5.003,6.996,5.0,7.0,0.965,0.119,6.635,0.008,0.604,7111.754,14.092,0.608,16.314,0.048,0.267,0.006,0.728,-0.003,0.004
0.0,6.005,-0.004,6.0,0.0,0.978,0.118,6.627,0.008,0.606,7068.653,14.215,0.608,17.445,0.155,0.518,0.027,0.77,-0.005,0.004
0.0,5.993,-10.996,6.0,-11.0,0.96,0.12,6.619,0.009,0.597,7283.252,13.958,0.6,16.055,0.036,0.199,0.005,0.74,0.007,-0.004
0.0,6.006,-1.006,6.0,-1.0,0.979,0.123,6.631,0.009,0.617,7583.295,14.038,0.62,16.742,0.064,0.432,0.019,0.755,-0.006,0.006
0.0,5.997,-2.999,6.0,-3.0,0.977,0.121,6.632,0.009,0.602,7312.175,13.943,0.604,16.492,0.038,0.292,0.01,0.737,0.003,-0.001
0.0,6.006,6.997,6.0,7.0,0.965,0.123,6.635,0.009,0.618,7559.362,14.016,0.62,16.211,0.051,0.268,0.007,0.727,-0.006,0.003
0.0,7.008,-10.997,7.0,-11.0,0.955,0.12,6.618,0.009,0.6,7326.192,13.966,0.604,16.058,0.038,0.2,0.005,0.74,-0.008,-0.003
0.0,6.997,-12.007,7.0,-12.0,0.952,0.118,6.616,0.008,0.608,7043.327,14.252,0.612,16.131,0.036,0.19,0.005,0.74,0.003,0.007
0.0,7.011,5.002,7.0,5.0,0.963,0.121,6.63,0.009,0.606,7392.965,13.972,0.608,16.319,0.048,0.305,0.008,0.732,-0.011,-0.002
0.0,7.006,8.003,7.0,8.0,0.957,0.119,6.637,0.008,0.624,7098.925,14.361,0.627,16.273,0.053,0.252,0.006,0.726,-0.006,-0.003
0.0,7.998,-7.001,8.0,-7.0,0.964,0.121,6.627,0.009,0.603,7371.344,13.944,0.608,16.181,0.03,0.245,0.005,0.735,0.002,0.001
0.0,8.998,8.001,9.0,8.0,0.948,0.117,6.638,0.008,0.607,6825.259,14.287,0.608,16.336,0.049,0.252,0.006,0.728,0.002,-0.001
0.0,0.0,0.0,0.0,0.0,1.0,0.161,7.333,0.023,0.594,15825.849,11.342,0.6,100.0,1.0,1.0,1.0,1.0,0.0,0.0
0.0,0.007,-11.997,0.0,-12.0,0.963,0.162,7.328,0.023,0.589,16136.544,11.19,0.596,13.189,0.089,0.28,0.008,0.764,-0.007,-0.003
0.0,-0.001,-3.0,0.0,-3.0,0.994,0.162,7.33,0.023,0.591,16049.779,11.227,0.596,13.01,0.035,0.0,0.011,0.765,0.001,-0.0
0.0,0.002,-3.997,0.0,-4.0,0.992,0.163,7.33,0.023,0.589,16176.89,11.173,0.596,13.074,0.054,0.155,0.006,0.761,-0.002,-0.003
0.0,0.008,-8.996,0.0,-9.0,0.975,0.157,7.329,0.022,0.602,15108.034,11.656,0.608,13.09,0.041,0.181,0.004,0.762,-0.008,-0.004
0.0,-0.001,9.998,0.0,10.0,0.968,0.16,7.334,0.022,0.598,15550.869,11.452,0.604,13.105,0.058,0.201,0.005,0.76,0.001,0.002
0.0,-0.004,12.996,0.0,13.0,0.956,0.163,7.335,0.023,0.592,16068.846,11.211,0.596,13.235,0.102,0.281,0.008,0.765,0.004,0.004
0.0,0.001,0.997,0.0,1.0,0.998,0.162,7.334,0.023,0.593,15972.401,11.277,0.6,14.442,0.285,0.732,0.074,0.803,-0.001,0.003
0.0,-0.001,3.0,0.0,3.0,0.995,0.159,7.334,0.022,0.601,15309.323,11.568,0.608,13.107,0.035,0.0,0.01,0.765,0.001,0.0
0.0,-0.004,5.998,0.0,6.0,0.984,0.158,7.334,0.022,0.602,15178.617,11.625,0.608,13.478,0.122,0.29,0.005,0.76,0.004,0.002
0.0,-9.988,-12.004,-10.0,-12.0,0.94,0.161,7.328,0.023,0.593,15890.866,11.31,0.6,12.936,0.037,0.153,0.004,0.76,-0.012,0.004
0.0,-9.996,-5.004,-10.0,-5.0,0.961,0.159,7.329,0.022,0.599,15403.077,11.537,0.604,12.866,0.002,0.024,0.002,0.752,-0.004,0.004
0.0,-9.994,11.99,-10.0,12.0,0.939,0.162,7.335,0.023,0.593,15939.23,11.274,0.6,12.781,0.003,0.127,0.003,0.756,-0.006,0.01
0.0,-9.996,12.992,-10.0,13.0,0.936,0.161,7.335,0.022,0.597,15691.576,11.388,0.604,12.919,0.026,0.147,0.004,0.758,-0.004,0.008
0.0,-9.994,3.99,-10.0,4.0,0.962,0.162,7.333,0.023,0.593,15935.811,11.278,0.6,12.69,-0.019,0.0,0.001,0.753,-0.006,0.01
0.0,-9.998,7.992,-10.0,8.0,0.951,0.159,7.334,0.022,0.601,15306.758,11.567,0.608,12.916,0.019,0.091,0.002,0.755,-0.002,0.008
0.0,-10.991,-13.002,-11.0,-13.0,0.932,0.159,7.327,0.022,0.598,15474.036,11.491,0.604,12.935,0.025,0.15,0.003,0.757,-0.009,0.002
0.0,-10.992,-14.004,-11.0,-14.0,0.931,0.159,7.327,0.022,0.598,15477.06,11.494,0.604,13.096,0.061,0.163,0.005,0.759,-0.008,0.004
0.0,-10.992,-5.003,-11.0,-5.0,0.956,0.159,7.328,0.022,0.597,15520.297,11.479,0.604,12.864,0.006,0.039,0.002,0.752,-0.008,0.003
0.0,-10.999,10.992,-11.0,11.0,0.938,0.16,7.333,0.022,0.598,15535.926,11.456,0.604,13.052,0.052,0.17,0.005,0.76,-0.001,0.008
0.0,-10.997,3.99,-11.0,4.0,0.958,0.161,7.332,0.023,0.594,15781.964,11.343,0.6,12.782,-0.002,0.0,0.002,0.754,-0.003,0.01
0.0,-11.995,-0.009,-12.0,0.0,0.959,0.161,7.332,0.023,0.595,15836.762,11.347,0.6,13.977,0.229,0.437,0.017,0.772,-0.005,0.009
0.0,-11.997,11.993,-12.0,12.0,0.931,0.16,7.334,0.022,0.598,15565.813,11.456,0.604,12.895,0.019,0.17,0.004,0.758,-0.003,0.007
0.0,-11.997,3.995,-12.0,4.0,0.954,0.16,7.333,0.022,0.598,15564.201,11.46,0.604,12.783,-0.008,0.0,0.002,0.754,-0.003,0.005
0.0,-11.999,7.99,-12.0,8.0,0.944,0.161,7.333,0.023,0.595,15795.925,11.342,0.6,12.872,0.024,0.105,0.002,0.755,-0.001,0.01
0.0,-12.993,-0.005,-13.0,0.0,0.955,0.159,7.332,0.022,0.599,15449.103,11.525,0.604,13.674,0.165,0.369,0.013,0.766,-0.007,0.005
0.0,-12.991,-11.003,-13.0,-11.0,0.932,0.159,7.328,0.022,0.599,15337.732,11.551,0.604,12.846,0.003,0.086,0.003,0.752,-0.009,0.003
0.0,-12.991,-4.007,-13.0,-4.0,0.951,0.159,7.329,0.022,0.599,15411.242,11.536,0.604,12.558,-0.067,0.0,0.001,0.754,-0.009,0.007
0.0,-12.992,-8.006,-13.0,-8.0,0.942,0.159,7.329,0.022,0.599,15389.606,11.545,0.604,12.916,0.023,0.115,0.002,0.754,-0.008,0.006
0.0,-12.99,-9.008,-13.0,-9.0,0.939,0.158,7.328,0.022,0.601,15253.448,11.602,0.608,12.85,0.002,0.0,0.002,0.754,-0.01,0.008
0.0,-12.996,12.992,-13.0,13.0,0.925,0.159,7.334,0.022,0.6,15403.248,11.514,0.604,12.976,0.034,0.155,0.004,0.758,-0.004,0.008
0.0,-12.996,8.993,-13.0,9.0,0.936,0.161,7.333,0.022,0.596,15661.468,11.397,0.604,12.685,-0.024,0.0,0.002,0.757,-0.004,0.007
0.0,-13.99,-0.007,-14.0,0.0,0.951,0.161,7.333,0.023,0.595,15844.059,11.347,0.6,13.389,0.119,0.316,0.009,0.76,-0.01,0.007
0.0,-13.994,-13.005,-14.0,-13.0,0.924,0.16,7.328,0.022,0.594,15743.856,11.377,0.6,12.807,0.005,0.098,0.002,0.753,-0.006,0.005
0.0,-13.994,-5.005,-14.0,-5.0,0.945,0.161,7.329,0.022,0.594,15792.896,11.363,0.6,12.617,-0.042,0.0,0.002,0.756,-0.006,0.005
0.0,-13.99,-9.01,-14.0,-9.0,0.935,0.159,7.329,0.022,0.598,15533.254,11.483,0.604,12.847,0.008,0.049,0.003,0.755,-0.01,0.01
0.0,-13.993,11.992,-14.0,12.0,0.925,0.159,7.334,0.022,0.601,15305.661,11.572,0.608,12.834,-0.002,0.099,0.003,0.756,-0.007,0.008
0.0,-14.0,12.993,-14.0,13.0,0.922,0.159,7.335,0.022,0.6,15422.394,11.513,0.604,12.893,0.015,0.116,0.004,0.756,-0.0,0.007
0.0,-13.997,5.994,-14.0,6.0,0.941,0.162,7.333,0.023,0.593,15949.118,11.28,0.6,12.924,0.041,0.143,0.002,0.754,-0.003,0.006
0.0,-0.993,-12.994,-1.0,-13.0,0.957,0.157,7.328,0.022,0.604,15115.151,11.686,0.612,12.896,-0.001,0.0,0.005,0.757,-0.007,-0.006
0.0,-0.992,-13.997,-1.0,-14.0,0.954,0.158,7.328,0.022,0.599,15346.963,11.548,0.604,12.925,0.01,0.144,0.005,0.758,-0.008,-0.003
0.0,-0.998,-1.999,-1.0,-2.0,0.995,0.161,7.332,0.023,0.594,15769.008,11.344,0.6,12.522,-0.095,0.0,0.019,0.764,-0.002,-0.001
0.0,-0.997,-2.998,-1.0,-3.0,0.993,0.158,7.331,0.022,0.6,15261.824,11.581,0.608,12.565,-0.093,0.0,0.008,0.757,-0.003,-0.002
0.0,-1.002,4.997,-1.0,5.0,0.989,0.159,7.334,0.022,0.601,15282.499,11.568,0.608,13.038,0.026,0.183,0.003,0.755,0.002,0.003
0.0,-1.999,12.995,-2.0,13.0,0.955,0.161,7.336,0.022,0.597,15701.396,11.385,0.604,12.766,-0.012,0.0,0.004,0.756,-0.001,0.005
0.0,-2.996,-9.997,-3.0,-10.0,0.966,0.159,7.329,0.022,0.599,15365.052,11.539,0.604,12.774,-0.017,0.0,0.002,0.753,-0.004,-0.003
0.0,-3.001,12.994,-3.0,13.0,0.954,0.16,7.336,0.022,0.598,15549.246,11.444,0.604,12.742,-0.018,0.0,0.003,0.754,0.001,0.006
0.0,-2.999,0.996,-3.0,1.0,0.994,0.16,7.333,0.022,0.596,15681.058,11.395,0.604,12.961,0.006,0.0,0.015,0.755,-0.001,0.004
0.0,-3.002,6.991,-3.0,7.0,0.977,0.161,7.334,0.022,0.596,15658.047,11.393,0.604,12.819,0.005,0.079,0.002,0.755,0.002,0.009
0.0,-3.993,-10.998,-4.0,-11.0,0.96,0.161,7.33,0.022,0.594,15737.963,11.363,0.6,12.971,0.038,0.142,0.003,0.754,-0.007,-0.002
0.0,-3.988,-12.994,-4.0,-13.0,0.952,0.16,7.329,0.022,0.596,15596.199,11.425,0.604,12.92,0.02,0.128,0.003,0.755,-0.012,-0.006
0.0,-3.995,-9.0,-4.0,-9.0,0.967,0.159,7.33,0.022,0.599,15382.875,11.535,0.604,12.953,0.024,0.101,0.003,0.758,-0.005,-0.0
0.0,-3.996,0.996,-4.0,1.0,0.99,0.161,7.333,0.023,0.594,15829.572,11.336,0.6,12.97,0.015,0.252,0.009,0.754,-0.004,0.004
0.0,-4.997,-3.0,-5.0,-3.0,0.98,0.159,7.332,0.022,0.599,15396.165,11.521,0.604,12.807,-0.015,0.0,0.002,0.757,-0.003,-0.0
0.0,-4.995,-6.999,-5.0,-7.0,0.972,0.16,7.329,0.022,0.596,15636.562,11.415,0.604,13.099,0.063,0.198,0.003,0.755,-0.005,-0.001
0.0,-4.992,-9.002,-5.0,-9.0,0.965,0.158,7.329,0.022,0.601,15262.003,11.591,0.608,13.066,0.046,0.131,0.003,0.759,-0.008,0.002
0.0,-5.001,9.99,-5.0,10.0,0.96,0.16,7.335,0.022,0.598,15557.4,11.448,0.604,12.894,0.018,0.115,0.003,0.754,0.001,0.01
0.0,-5.003,8.993,-5.0,9.0,0.963,0.161,7.335,0.022,0.596,15671.554,11.386,0.604,12.873,0.018,0.109,0.003,0.755,0.003,0.007
0.0,-5.996,-4.999,-6.0,-5.0,0.974,0.161,7.33,0.022,0.594,15785.723,11.354,0.6,12.865,0.011,0.101,0.002,0.755,-0.004,-0.001
0.0,-5.991,-9.003,-6.0,-9.0,0.962,0.159,7.33,0.022,0.597,15520.069,11.475,0.604,12.88,0.014,0.084,0.002,0.758,-0.009,0.003
0.0,-6.004,10.991,-6.0,11.0,0.955,0.161,7.335,0.023,0.595,15801.78,11.331,0.6,12.998,0.048,0.165,0.003,0.756,0.004,0.009
0.0,-6.996,-10.003,-7.0,-10.0,0.955,0.162,7.33,0.023,0.591,16013.915,11.243,0.596,12.676,-0.016,0.0,0.002,0.755,-0.004,0.003
0.0,-6.993,-8.005,-7.0,-8.0,0.962,0.163,7.33,0.023,0.589,16146.928,11.18,0.596,12.776,0.012,0.078,0.002,0.756,-0.007,0.005
0.0,-7.0,2.994,-7.0,3.0,0.975,0.16,7.334,0.022,0.598,15559.327,11.45,0.604,12.584,-0.054,0.0,0.001,0.754,-0.0,0.006
0.0,-7.004,5.991,-7.0,6.0,0.969,0.163,7.334,0.023,0.591,16068.688,11.213,0.596,13.03,0.065,0.173,0.003,0.757,0.004,0.009
0.0,-7.001,6.993,-7.0,7.0,0.966,0.161,7.334,0.023,0.594,15799.173,11.333,0.6,12.912,0.034,0.149,0.002,0.755,0.001,0.007
0.0,-7.996,-3.006,-8.0,-3.0,0.97,0.162,7.331,0.023,0.591,16058.868,11.225,0.596,12.513,-0.058,0.0,0.002,0.753,-0.004,0.006
0.0,-7.996,2.995,-8.0,3.0,0.972,0.159,7.334,0.022,0.601,15321.408,11.566,0.608,12.551,-0.07,0.0,0.001,0.755,-0.004,0.005
0.0,-8.0,7.993,-8.0,8.0,0.959,0.161,7.334,0.023,0.594,15806.452,11.333,0.6,12.822,0.015,0.061,0.003,0.754,-0.0,0.007
0.0,-8.991,-0.009,-9.0,0.0,0.971,0.162,7.333,0.023,0.593,15981.411,11.279,0.6,13.748,0.188,0.4,0.014,0.771,-0.009,0.009
0.0,-8.994,-12.005,-9.0,-12.0,0.943,0.162,7.328,0.023,0.591,15990.783,11.251,0.596,12.811,0.013,0.112,0.003,0.758,-0.006,0.005
0.0,-8.994,-12.999,-9.0,-13.0,0.939,0.157,7.328,0.022,0.604,15136.93,11.686,0.612,12.888,0.006,0.107,0.003,0.756,-0.006,-0.001
0.0,-8.993,-9.002,-9.0,-9.0,0.954,0.161,7.329,0.022,0.594,15752.286,11.363,0.6,12.777,-0.001,0.0,0.002,0.753,-0.007,0.002
0.0,-8.999,9.995,-9.0,10.0,0.95,0.159,7.334,0.022,0.599,15441.517,11.51,0.604,12.818,-0.0,0.067,0.003,0.753,-0.001,0.005
0.0,-8.999,11.99,-9.0,12.0,0.942,0.163,7.334,0.023,0.592,16040.359,11.214,0.596,12.719,-0.006,0.0,0.003,0.755,-0.001,0.01
0.0,-8.993,0.993,-9.0,1.0,0.971,0.16,7.333,0.022,0.596,15694.958,11.398,0.604,12.781,-0.015,0.0,0.005,0.755,-0.007,0.007
0.0,9.998,-10.997,10.0,-11.0,0.942,0.158,7.327,0.022,0.599,15330.131,11.555,0.604,13.002,0.034,0.159,0.004,0.756,0.002,-0.003
0.0,9.994,-2.997,10.0,-3.0,0.967,0.159,7.33,0.022,0.599,15389.254,11.534,0.604,12.656,-0.044,0.0,0.001,0.753,0.006,-0.003
0.0,9.997,-6.996,10.0,-7.0,0.954,0.161,7.328,0.023,0.593,15882.356,11.311,0.6,12.958,0.045,0.144,0.002,0.755,0.003,-0.004
0.0,9.993,1.0,10.0,1.0,0.97,0.162,7.332,0.023,0.593,15940.108,11.288,0.6,13.73,0.183,0.416,0.014,0.767,0.007,0.0
0.0,9.996,6.997,10.0,7.0,0.954,0.16,7.334,0.022,0.598,15551.565,11.46,0.604,13.076,0.062,0.175,0.002,0.755,0.004,0.003
0.0,10.994,0.007,11.0,0.0,0.967,0.159,7.332,0.022,0.599,15444.165,11.529,0.604,14.356,0.283,0.469,0.022,0.778,0.006,-0.007
0.0,11.002,-10.995,11.0,-11.0,0.937,0.158,7.327,0.022,0.599,15317.728,11.558,0.604,13.088,0.052,0.181,0.005,0.759,-0.002,-0.005
0.0,11.007,-12.997,11.0,-13.0,0.931,0.161,7.326,0.023,0.593,15823.124,11.324,0.6,13.036,0.057,0.169,0.005,0.76,-0.007,-0.003
0.0,10.998,-7.994,11.0,-8.0,0.948,0.158,7.328,0.022,0.599,15372.595,11.551,0.604,12.979,0.032,0.116,0.002,0.755,0.002,-0.006
0.0,10.993,9.999,11.0,10.0,0.942,0.16,7.333,0.022,0.598,15550.805,11.463,0.604,12.794,-0.002,0.0,0.002,0.755,0.007,0.001
0.0,10.994,12.0,11.0,12.0,0.934,0.159,7.334,0.022,0.6,15413.091,11.52,0.604,13.023,0.046,0.164,0.004,0.758,0.006,0.0
0.0,11.997,11.005,12.0,11.0,0.935,0.161,7.334,0.022,0.597,15668.274,11.404,0.604,12.876,0.02,0.099,0.003,0.755,0.003,-0.005
0.0,11.993,12.001,12.0,12.0,0.93,0.16,7.334,0.022,0.598,15555.557,11.461,0.604,12.936,0.03,0.135,0.003,0.758,0.007,-0.001
0.0,11.993,13.002,12.0,13.0,0.928,0.161,7.335,0.023,0.595,15806.862,11.343,0.6,12.8,0.007,0.122,0.003,0.756,0.007,-0.002
0.0,12.997,0.004,13.0,0.0,0.958,0.161,7.332,0.023,0.595,15826.89,11.354,0.6,13.601,0.16,0.369,0.012,0.766,0.003,-0.004
0.0,12.995,12.0,13.0,12.0,0.929,0.161,7.334,0.023,0.595,15795.652,11.344,0.6,12.815,0.011,0.107,0.003,0.754,0.005,0.0
0.0,12.995,6.997,13.0,7.0,0.943,0.16,7.332,0.022,0.596,15643.642,11.407,0.604,12.944,0.037,0.141,0.002,0.754,0.005,0.003
0.0,1.004,-7.998,1.0,-8.0,0.978,0.163,7.329,0.023,0.589,16136.94,11.184,0.596,12.993,0.054,0.185,0.004,0.758,-0.004,-0.002
0.0,1.0,1.997,1.0,2.0,0.996,0.162,7.333,0.023,0.593,15919.236,11.278,0.6,12.497,-0.095,0.0,0.019,0.765,0.0,0.003
0.0,2.003,-9.994,2.0,-10.0,0.969,0.161,7.33,0.023,0.593,15882.607,11.302,0.6,12.601,-0.046,0.0,0.003,0.756,-0.003,-0.006
0.0,2.006,-12.995,2.0,-13.0,0.958,0.16,7.329,0.022,0.594,15726.739,11.369,0.6,12.788,-0.008,0.0,0.005,0.756,-0.006,-0.005
0.0,1.994,10.999,2.0,11.0,0.962,0.161,7.335,0.023,0.595,15816.618,11.332,0.6,12.771,-0.005,0.0,0.003,0.754,0.006,0.001
0.0,2.0,3.998,2.0,4.0,0.989,0.159,7.334,0.022,0.601,15298.855,11.568,0.608,12.546,-0.086,0.0,0.003,0.757,0.0,0.002
0.0,1.993,5.999,2.0,6.0,0.981,0.162,7.335,0.023,0.593,15952.193,11.271,0.6,12.86,0.016,0.121,0.002,0.755,0.007,0.001
0.0,2.995,6.994,3.0,7.0,0.977,0.159,7.334,0.022,0.601,15317.823,11.569,0.608,12.954,0.024,0.126,0.002,0.756,0.005,0.006
0.0,5.003,-8.998,5.0,-9.0,0.967,0.16,7.329,0.022,0.596,15636.617,11.421,0.604,12.895,0.017,0.103,0.003,0.755,-0.003,-0.002
0.0,4.992,11.997,5.0,12.0,0.953,0.161,7.335,0.023,0.595,15826.291,11.332,0.6,12.955,0.039,0.158,0.003,0.755,0.008,0.003
0.0,4.992,7.998,5.0,8.0,0.968,0.161,7.335,0.023,0.595,15839.468,11.334,0.6,12.989,0.048,0.162,0.003,0.759,0.008,0.002
0.0,5.997,0.003,6.0,0.0,0.984,0.159,7.333,0.022,0.601,15346.375,11.573,0.608,13.663,0.15,0.386,0.012,0.762,0.003,-0.003
0.0,6.0,-9.995,6.0,-10.0,0.96,0.161,7.329,0.022,0.594,15752.611,11.366,0.6,12.912,0.027,0.138,0.003,0.755,0.0,-0.005
0.0,6.003,-6.994,6.0,-7.0,0.971,0.16,7.329,0.022,0.596,15642.854,11.422,0.604,12.997,0.042,0.171,0.003,0.755,-0.003,-0.006
0.0,5.99,3.002,6.0,3.0,0.981,0.159,7.334,0.022,0.599,15427.185,11.515,0.604,12.751,-0.023,0.0,0.002,0.756,0.01,-0.002
0.0,5.992,5.997,6.0,6.0,0.972,0.161,7.334,0.023,0.595,15814.628,11.335,0.6,13.171,0.083,0.186,0.004,0.758,0.008,0.003
0.0,7.006,-12.992,7.0,-13.0,0.945,0.157,7.327,0.022,0.604,15124.322,11.69,0.612,12.961,0.02,0.119,0.003,0.754,-0.006,-0.008
0.0,7.0,-4.99,7.0,-5.0,0.971,0.158,7.329,0.022,0.604,15176.522,11.677,0.612,13.035,0.037,0.12,0.002,0.755,0.0,-0.01
0.0,6.996,2.004,7.0,2.0,0.979,0.159,7.334,0.022,0.599,15455.659,11.516,0.604,12.824,-0.009,0.0,0.004,0.755,0.004,-0.004
0.0,6.995,6.0,7.0,6.0,0.968,0.161,7.334,0.023,0.595,15797.279,11.339,0.6,13.067,0.063,0.158,0.003,0.755,0.005,0.0
0.0,7.997,0.003,8.0,0.0,0.979,0.161,7.333,0.023,0.595,15833.304,11.348,0.6,13.599,0.156,0.359,0.011,0.766,0.003,-0.003
0.0,8.001,-7.995,8.0,-8.0,0.961,0.161,7.329,0.022,0.594,15766.428,11.369,0.6,12.831,0.011,0.044,0.002,0.755,-0.001,-0.005
0.0,8.004,-8.996,8.0,-9.0,0.956,0.157,7.328,0.022,0.602,15103.059,11.663,0.608,12.816,-0.012,0.0,0.002,0.754,-0.004,-0.004
0.0,7.994,11.003,8.0,11.0,0.947,0.159,7.334,0.022,0.601,15319.8,11.573,0.608,12.826,-0.001,0.0,0.002,0.753,0.006,-0.003
0.0,7.994,12.001,8.0,12.0,0.944,0.163,7.335,0.023,0.59,16201.797,11.159,0.596,12.701,-0.003,0.063,0.002,0.755,0.006,-0.001
0.0,7.994,5.0,8.0,5.0,0.968,0.162,7.333,0.023,0.591,16079.073,11.221,0.596,12.67,-0.02,0.0,0.001,0.752,0.006,0.0
0.0,8.999,-5.997,9.0,-6.0,0.961,0.161,7.327,0.023,0.592,15858.938,11.312,0.6,12.945,0.041,0.128,0.002,0.755,0.001,-0.003
0.0,9.001,-7.997,9.0,-8.0,0.956,0.162,7.328,0.023,0.589,16122.771,11.193,0.596,12.738,0.002,0.0,0.002,0.753,-0.001,-0.003
0.0,0.0,0.0,0.0,0.0,1.0,0.135,6.796,0.005,0.502,1600.735,11.397,0.498,100.0,1.0,1.0,1.0,1.0,0.0,0.0
0.0,-0.003,-11.984,0.0,-12.0,0.943,0.136,6.796,0.005,0.504,1633.111,11.397,0.494,16.498,0.075,0.214,0.01,0.677,0.003,-0.016
0.0,0.005,-5.995,0.0,-6.0,0.962,0.133,6.793,0.005,0.494,1564.064,11.417,0.486,17.438,0.125,0.41,0.026,0.704,-0.005,-0.005
0.0,-0.012,12.011,0.0,12.0,0.936,0.137,6.806,0.005,0.505,1591.738,11.341,0.498,16.517,0.078,0.216,0.01,0.677,0.012,-0.011
0.0,-0.003,5.01,0.0,5.0,0.963,0.134,6.8,0.005,0.497,1554.49,11.377,0.494,17.661,0.142,0.471,0.033,0.709,0.003,-0.01
0.0,-0.002,7.002,0.0,7.0,0.964,0.134,6.802,0.005,0.497,1549.367,11.366,0.494,17.241,0.112,0.364,0.02,0.699,0.002,-0.002
0.0,-0.006,9.006,0.0,9.0,0.953,0.135,6.804,0.005,0.5,1568.279,11.351,0.494,16.899,0.096,0.286,0.014,0.688,0.006,-0.006
0.0,-9.99,-13.987,-10.0,-14.0,0.912,0.136,6.797,0.005,0.497,1617.844,11.271,0.486,16.246,0.115,0.172,0.011,0.664,-0.01,-0.013
0.0,-9.976,-2.992,-10.0,-3.0,0.946,0.133,6.793,0.005,0.487,1538.044,11.29,0.478,17.615,0.166,0.297,0.026,0.71,-0.024,-0.008
0.0,-9.981,-8.991,-10.0,-9.0,0.928,0.135,6.794,0.005,0.494,1592.512,11.284,0.486,16.389,0.096,0.18,0.009,0.675,-0.019,-0.009
0.0,-10.993,-10.999,-11.0,-11.0,0.919,0.134,6.795,0.005,0.491,1577.042,11.269,0.482,16.32,0.112,0.18,0.012,0.671,-0.007,-0.001
0.0,-10.979,-1.0,-11.0,-1.0,0.947,0.134,6.793,0.005,0.491,1557.771,11.277,0.482,16.482,0.071,0.178,0.008,0.688,-0.021,-0.0
0.0,-10.982,-1.985,-11.0,-2.0,0.953,0.135,6.793,0.005,0.493,1578.361,11.275,0.486,16.799,0.097,0.224,0.011,0.692,-0.018,-0.015
0.0,-10.991,10.006,-11.0,10.0,0.928,0.137,6.799,0.005,0.498,1586.612,11.233,0.49,16.516,0.11,0.18,0.01,0.678,-0.009,-0.006
0.0,-11.012,11.009,-11.0,11.0,0.923,0.136,6.8,0.005,0.496,1566.904,11.23,0.486,16.636,0.117,0.198,0.011,0.678,0.012,-0.009
0.0,-11.006,13.001,-11.0,13.0,0.918,0.135,6.8,0.005,0.491,1528.655,11.229,0.482,16.753,0.118,0.218,0.012,0.674,0.006,-0.001
0.0,-10.982,0.995,-11.0,1.0,0.954,0.133,6.793,0.005,0.488,1542.962,11.275,0.482,16.311,0.071,0.132,0.006,0.68,-0.018,0.005
0.0,-11.003,3.007,-11.0,3.0,0.945,0.136,6.794,0.005,0.496,1585.02,11.263,0.486,16.304,0.089,0.127,0.006,0.675,0.003,-0.007
0.0,-10.981,3.998,-11.0,4.0,0.948,0.135,6.795,0.005,0.493,1572.161,11.259,0.486,16.353,0.102,0.128,0.007,0.674,-0.019,0.002
0.0,-11.994,-9.987,-12.0,-10.0,0.92,0.134,6.795,0.005,0.491,1570.739,11.26,0.482,16.335,0.11,0.19,0.012,0.671,-0.006,-0.013
0.0,-11.99,-0.998,-12.0,-1.0,0.948,0.135,6.792,0.005,0.493,1574.491,11.262,0.486,16.379,0.072,0.171,0.008,0.682,-0.01,-0.002
0.0,-11.986,-8.996,-12.0,-9.0,0.923,0.135,6.793,0.005,0.493,1588.81,11.261,0.486,16.367,0.104,0.2,0.012,0.674,-0.014,-0.004
0.0,-12.001,12.003,-12.0,12.0,0.917,0.136,6.799,0.005,0.496,1566.585,11.216,0.486,16.649,0.131,0.199,0.011,0.673,0.001,-0.003
0.0,-11.988,0.993,-12.0,1.0,0.947,0.135,6.793,0.005,0.495,1577.251,11.256,0.486,16.216,0.07,0.126,0.006,0.679,-0.012,0.007
0.0,-11.991,1.994,-12.0,2.0,0.948,0.134,6.793,0.005,0.49,1546.296,11.259,0.482,16.239,0.078,0.121,0.006,0.677,-0.009,0.006
0.0,-11.991,2.987,-12.0,3.0,0.94,0.134,6.793,0.005,0.49,1544.821,11.256,0.482,16.259,0.087,0.12,0.007,0.672,-0.009,0.013
0.0,-11.991,5.001,-12.0,5.0,0.938,0.134,6.795,0.005,0.49,1548.323,11.246,0.482,16.248,0.096,0.115,0.006,0.672,-0.009,-0.001
0.0,-12.993,0.002,-13.0,0.0,0.945,0.134,6.791,0.005,0.49,1546.317,11.254,0.482,16.275,0.085,0.149,0.007,0.677,-0.007,-0.002
0.0,-12.994,-13.991,-13.0,-14.0,0.9,0.137,6.798,0.005,0.498,1625.902,11.236,0.49,16.123,0.112,0.165,0.01,0.661,-0.006,-0.009
0.0,-13.002,10.001,-13.0,10.0,0.922,0.137,6.798,0.005,0.497,1583.585,11.213,0.49,16.414,0.114,0.162,0.01,0.674,0.002,-0.001
0.0,-12.997,12.012,-13.0,12.0,0.913,0.134,6.799,0.005,0.485,1502.05,11.208,0.478,16.61,0.132,0.188,0.011,0.672,-0.003,-0.012
0.0,-12.996,1.997,-13.0,2.0,0.941,0.136,6.793,0.005,0.497,1597.74,11.247,0.49,16.181,0.085,0.124,0.007,0.672,-0.004,0.003
0.0,-12.994,7.006,-13.0,7.0,0.932,0.136,6.796,0.005,0.495,1575.887,11.226,0.486,16.137,0.086,0.116,0.007,0.671,-0.006,-0.006
0.0,-12.996,8.0,-13.0,8.0,0.931,0.134,6.796,0.005,0.49,1535.073,11.226,0.482,16.239,0.095,0.129,0.008,0.672,-0.004,0.0
0.0,-13.988,-0.002,-14.0,0.0,0.933,0.133,6.791,0.005,0.487,1538.39,11.242,0.475,16.277,0.098,0.16,0.009,0.674,-0.012,0.002
0.0,-13.989,-4.989,-14.0,-5.0,0.925,0.135,6.791,0.005,0.494,1597.179,11.245,0.482,17.651,0.212,0.32,0.036,0.708,-0.011,-0.011
0.0,-13.982,-6.99,-14.0,-7.0,0.918,0.134,6.792,0.005,0.489,1569.144,11.244,0.478,16.992,0.146,0.281,0.02,0.687,-0.018,-0.01
0.0,-0.996,-3.978,-1.0,-4.0,0.964,0.135,6.794,0.005,0.501,1604.379,11.398,0.494,17.68,0.116,0.469,0.034,0.715,-0.004,-0.022
0.0,-1.987,0.004,-2.0,0.0,0.974,0.135,6.796,0.005,0.501,1596.525,11.373,0.494,20.662,0.326,0.736,0.099,0.767,-0.013,-0.004
0.0,-2.008,-12.983,-2.0,-13.0,0.937,0.135,6.796,0.005,0.498,1602.587,11.371,0.49,16.43,0.099,0.184,0.01,0.67,0.008,-0.017
0.0,-1.988,-0.993,-2.0,-1.0,0.972,0.135,6.796,0.005,0.498,1587.18,11.375,0.49,20.912,0.342,0.714,0.114,0.784,-0.012,-0.007
0.0,-2.006,10.0,-2.0,10.0,0.945,0.136,6.805,0.005,0.501,1583.138,11.323,0.498,17.054,0.13,0.352,0.021,0.692,0.006,0.0
0.0,-1.998,1.999,-2.0,2.0,0.97,0.135,6.797,0.005,0.501,1597.268,11.366,0.494,18.88,0.275,0.661,0.076,0.749,-0.002,0.001
0.0,-2.012,9.0,-2.0,9.0,0.948,0.135,6.803,0.005,0.499,1564.248,11.33,0.494,17.305,0.163,0.396,0.026,0.697,0.012,0.0
0.0,-2.987,-0.009,-3.0,0.0,0.969,0.135,6.796,0.005,0.5,1594.276,11.362,0.494,19.2,0.196,0.584,0.054,0.74,-0.013,0.009
0.0,-2.992,-1.988,-3.0,-2.0,0.974,0.134,6.796,0.005,0.498,1582.807,11.367,0.49,19.112,0.195,0.541,0.052,0.739,-0.008,-0.012
0.0,-2.992,0.994,-3.0,1.0,0.974,0.133,6.796,0.005,0.493,1547.205,11.364,0.486,18.484,0.162,0.547,0.043,0.727,-0.008,0.006
0.0,-3.995,-13.003,-4.0,-13.0,0.93,0.134,6.796,0.005,0.495,1583.22,11.349,0.486,16.368,0.104,0.166,0.009,0.671,-0.005,0.003
0.0,-4.995,-11.982,-5.0,-12.0,0.93,0.133,6.797,0.005,0.49,1550.165,11.334,0.482,16.379,0.104,0.164,0.008,0.671,-0.005,-0.018
0.0,-4.987,-12.985,-5.0,-13.0,0.926,0.133,6.797,0.005,0.492,1568.54,11.338,0.486,16.332,0.099,0.16,0.008,0.669,-0.013,-0.015
0.0,-5.005,12.996,-5.0,13.0,0.927,0.135,6.805,0.005,0.495,1531.201,11.292,0.486,17.741,0.258,0.434,0.047,0.715,0.005,0.004
0.0,-5.0,4.994,-5.0,5.0,0.954,0.134,6.798,0.005,0.494,1551.243,11.323,0.486,17.244,0.114,0.338,0.019,0.702,-0.0,0.006
0.0,-4.994,6.005,-5.0,6.0,0.951,0.135,6.799,0.005,0.497,1568.108,11.314,0.49,17.315,0.139,0.357,0.021,0.699,-0.006,-0.005
0.0,-5.995,-1.994,-6.0,-2.0,0.956,0.134,6.794,0.005,0.494,1567.658,11.336,0.486,18.516,0.202,0.389,0.044,0.733,-0.005,-0.006
0.0,-6.007,10.009,-6.0,10.0,0.934,0.135,6.802,0.005,0.494,1536.339,11.289,0.486,17.196,0.146,0.346,0.023,0.697,0.007,-0.009
0.0,-6.986,4.999,-7.0,5.0,0.952,0.135,6.797,0.005,0.496,1569.869,11.3,0.49,16.786,0.089,0.218,0.01,0.685,-0.014,0.001
0.0,-7.001,6.995,-7.0,7.0,0.948,0.134,6.799,0.005,0.493,1545.03,11.295,0.486,16.82,0.093,0.233,0.011,0.686,0.001,0.005
0.0,-7.996,0.003,-8.0,0.0,0.982,0.135,6.794,0.005,0.497,1595.626,11.309,0.486,16.76,0.078,0.214,0.009,0.693,-0.004,-0.003
0.0,-7.99,-4.993,-8.0,-5.0,0.943,0.134,6.792,0.005,0.495,1583.724,11.322,0.486,17.075,0.113,0.266,0.014,0.695,-0.01,-0.007
0.0,-7.989,-5.991,-8.0,-6.0,0.943,0.133,6.792,0.005,0.49,1558.029,11.324,0.482,16.712,0.094,0.224,0.01,0.688,-0.011,-0.009
0.0,-7.996,6.002,-8.0,6.0,0.948,0.134,6.798,0.005,0.49,1533.398,11.292,0.486,16.675,0.093,0.19,0.008,0.681,-0.004,-0.002
0.0,-8.989,-13.989,-9.0,-14.0,0.913,0.136,6.797,0.005,0.497,1621.379,11.284,0.486,16.272,0.111,0.169,0.01,0.665,-0.011,-0.011
0.0,-8.98,-1.995,-9.0,-2.0,0.949,0.135,6.792,0.005,0.494,1589.227,11.3,0.486,17.346,0.133,0.279,0.018,0.701,-0.02,-0.005
0.0,-9.014,13.001,-9.0,13.0,0.923,0.134,6.801,0.005,0.49,1523.287,11.254,0.486,17.028,0.12,0.267,0.016,0.685,0.014,-0.001
0.0,-8.984,3.009,-9.0,3.0,0.955,0.134,6.795,0.005,0.492,1551.599,11.293,0.482,16.502,0.084,0.153,0.007,0.683,-0.016,-0.009
0.0,-8.994,4.017,-9.0,4.0,0.949,0.136,6.796,0.005,0.497,1578.913,11.284,0.486,16.504,0.092,0.157,0.008,0.679,-0.006,-0.017
0.0,-9.005,5.004,-9.0,5.0,0.95,0.134,6.796,0.005,0.49,1542.146,11.283,0.482,16.57,0.102,0.163,0.008,0.678,0.005,-0.004
0.0,-8.993,6.998,-9.0,7.0,0.943,0.136,6.797,0.005,0.497,1576.878,11.273,0.486,16.47,0.084,0.162,0.008,0.678,-0.007,0.002
0.0,9.993,-1.995,10.0,-2.0,0.952,0.134,6.798,0.005,0.502,1576.385,11.491,0.498,16.454,0.082,0.139,0.007,0.686,0.007,-0.005
0.0,9.994,-4.993,10.0,-5.0,0.947,0.135,6.796,0.005,0.507,1612.149,11.5,0.502,16.48,0.105,0.144,0.008,0.679,0.006,-0.007
0.0,9.995,-8.994,10.0,-9.0,0.94,0.134,6.796,0.005,0.504,1605.525,11.491,0.494,16.538,0.1,0.172,0.01,0.68,0.005,-0.006
0.0,11.998,-10.993,12.0,-11.0,0.932,0.133,6.797,0.005,0.502,1588.174,11.507,0.498,16.645,0.125,0.186,0.011,0.679,0.002,-0.007
0.0,11.999,-12.998,12.0,-13.0,0.926,0.133,6.796,0.005,0.502,1589.504,11.503,0.498,16.66,0.121,0.201,0.012,0.675,0.001,-0.002
0.0,11.994,-2.994,12.0,-3.0,0.944,0.134,6.798,0.005,0.503,1580.154,11.512,0.498,16.336,0.09,0.122,0.007,0.677,0.006,-0.006
0.0,11.99,-3.99,12.0,-4.0,0.942,0.135,6.797,0.005,0.507,1615.251,11.514,0.502,16.32,0.1,0.118,0.007,0.675,0.01,-0.01
0.0,11.99,10.995,12.0,11.0,0.914,0.135,6.812,0.005,0.504,1545.128,11.445,0.498,16.376,0.114,0.189,0.013,0.677,0.01,0.005
0.0,11.994,1.992,12.0,2.0,0.947,0.134,6.802,0.005,0.503,1561.992,11.494,0.498,16.749,0.095,0.223,0.011,0.693,0.006,0.008
0.0,11.99,5.004,12.0,5.0,0.935,0.134,6.806,0.005,0.503,1561.601,11.476,0.498,17.957,0.209,0.328,0.036,0.719,0.01,-0.004
0.0,13.002,-13.992,13.0,-14.0,0.922,0.135,6.797,0.005,0.509,1636.769,11.504,0.506,16.468,0.114,0.185,0.012,0.672,-0.002,-0.008
0.0,12.999,-5.996,13.0,-6.0,0.938,0.135,6.797,0.005,0.51,1626.734,11.525,0.506,16.149,0.087,0.11,0.007,0.673,0.001,-0.004
0.0,12.994,1.998,13.0,2.0,0.942,0.136,6.803,0.005,0.511,1610.114,11.499,0.506,16.557,0.097,0.216,0.011,0.689,0.006,0.002
0.0,12.989,4.996,13.0,5.0,0.935,0.134,6.806,0.005,0.504,1558.998,11.482,0.498,17.997,0.223,0.336,0.04,0.72,0.011,0.004
0.0,1.005,-12.994,1.0,-13.0,0.942,0.135,6.795,0.005,0.502,1615.898,11.407,0.498,16.648,0.087,0.24,0.012,0.68,-0.005,-0.006
0.0,0.993,9.003,1.0,9.0,0.947,0.135,6.804,0.005,0.5,1559.939,11.364,0.494,16.795,0.095,0.256,0.012,0.683,0.007,-0.003
0.0,1.997,-1.994,2.0,-2.0,0.968,0.134,6.795,0.005,0.498,1573.376,11.428,0.494,18.918,0.275,0.662,0.076,0.749,0.003,-0.006
0.0,1.997,-3.984,2.0,-4.0,0.966,0.133,6.793,0.005,0.495,1562.158,11.437,0.49,18.479,0.297,0.595,0.077,0.75,0.003,-0.016
0.0,1.987,12.011,2.0,12.0,0.934,0.134,6.807,0.005,0.497,1529.231,11.365,0.49,16.512,0.097,0.195,0.009,0.672,0.013,-0.011
0.0,1.992,2.005,2.0,2.0,0.966,0.134,6.797,0.005,0.498,1558.756,11.416,0.494,19.338,0.215,0.617,0.062,0.743,0.008,-0.005
0.0,1.995,3.002,2.0,3.0,0.967,0.135,6.798,0.005,0.503,1593.784,11.406,0.498,18.121,0.131,0.501,0.038,0.723,0.005,-0.002
0.0,2.998,-11.003,3.0,-11.0,0.942,0.134,6.794,0.005,0.498,1585.758,11.437,0.494,17.232,0.162,0.38,0.027,0.695,0.002,0.003
0.0,2.995,-13.991,3.0,-14.0,0.932,0.136,6.796,0.005,0.506,1636.416,11.427,0.498,16.97,0.121,0.312,0.017,0.687,0.005,-0.009
0.0,2.986,10.0,3.0,10.0,0.939,0.137,6.806,0.005,0.507,1594.919,11.377,0.498,16.556,0.108,0.206,0.01,0.675,0.014,0.0
0.0,3.0,4.992,3.0,5.0,0.957,0.134,6.801,0.005,0.499,1558.657,11.407,0.494,17.051,0.074,0.311,0.017,0.7,0.0,0.008
0.0,2.991,7.998,3.0,8.0,0.95,0.134,6.804,0.005,0.499,1548.596,11.39,0.494,16.748,0.095,0.235,0.012,0.684,0.009,0.002
0.0,3.997,-12.999,4.0,-13.0,0.937,0.134,6.795,0.005,0.499,1588.881,11.441,0.494,17.417,0.19,0.393,0.03,0.698,0.003,-0.001
0.0,3.999,-7.0,4.0,-7.0,0.957,0.135,6.794,0.005,0.504,1607.169,11.452,0.498,17.727,0.222,0.447,0.037,0.711,0.001,-0.0
0.0,3.997,0.993,4.0,1.0,0.968,0.135,6.798,0.005,0.504,1592.836,11.433,0.498,19.142,0.2,0.505,0.053,0.744,0.003,0.007
0.0,5.004,-0.009,5.0,0.0,0.965,0.135,6.797,0.005,0.504,1603.486,11.447,0.498,17.724,0.095,0.374,0.021,0.712,-0.004,0.009
0.0,5.009,-3.996,5.0,-4.0,0.963,0.134,6.794,0.005,0.502,1602.072,11.461,0.494,17.154,0.092,0.317,0.016,0.703,-0.009,-0.004
0.0,5.001,11.998,5.0,12.0,0.93,0.136,6.809,0.005,0.503,1566.994,11.384,0.502,16.398,0.108,0.173,0.009,0.674,-0.001,0.002
0.0,4.997,6.995,5.0,7.0,0.947,0.134,6.804,0.005,0.5,1552.692,11.412,0.494,16.698,0.093,0.221,0.011,0.685,0.003,0.005
0.0,6.005,0.003,6.0,0.0,0.964,0.135,6.798,0.005,0.505,1602.699,11.455,0.498,17.313,0.083,0.306,0.015,0.705,-0.005,-0.003
0.0,5.999,-13.985,6.0,-14.0,0.934,0.135,6.796,0.005,0.504,1628.265,11.452,0.498,17.703,0.256,0.426,0.043,0.709,0.001,-0.015
0.0,6.001,-1.993,6.0,-2.0,0.962,0.133,6.796,0.005,0.498,1560.036,11.465,0.49,16.916,0.058,0.244,0.011,0.696,-0.001,-0.007
0.0,6.007,-7.994,6.0,-8.0,0.95,0.135,6.795,0.005,0.505,1614.171,11.467,0.498,17.036,0.115,0.303,0.018,0.694,-0.007,-0.006
0.0,5.988,10.0,6.0,10.0,0.937,0.136,6.809,0.005,0.506,1587.142,11.397,0.502,16.447,0.105,0.18,0.009,0.679,0.012,0.0
0.0,5.995,1.997,6.0,2.0,0.963,0.135,6.799,0.005,0.505,1602.945,11.446,0.498,18.595,0.206,0.399,0.045,0.736,0.005,0.003
0.0,7.003,-13.991,7.0,-14.0,0.931,0.135,6.796,0.005,0.505,1630.729,11.459,0.498,17.481,0.2,0.388,0.029,0.695,-0.003,-0.009
0.0,6.999,-8.0,7.0,-8.0,0.95,0.135,6.795,0.005,0.507,1628.634,11.476,0.498,16.773,0.089,0.24,0.013,0.689,0.001,-0.0
0.0,6.981,13.003,7.0,13.0,0.922,0.134,6.811,0.005,0.5,1533.514,11.399,0.494,16.391,0.106,0.168,0.009,0.673,0.019,-0.003
0.0,6.99,7.988,7.0,8.0,0.942,0.137,6.807,0.005,0.509,1601.614,11.417,0.506,16.437,0.089,0.185,0.009,0.682,0.01,0.012
0.0,7.005,8.997,7.0,9.0,0.936,0.135,6.808,0.005,0.501,1554.043,11.413,0.498,16.479,0.096,0.179,0.009,0.683,-0.005,0.003
0.0,7.994,-11.985,8.0,-12.0,0.937,0.136,6.796,0.005,0.508,1637.659,11.472,0.498,17.032,0.123,0.29,0.018,0.692,0.006,-0.015
0.0,7.995,-1.994,8.0,-2.0,0.96,0.133,6.798,0.005,0.498,1557.821,11.481,0.49,16.644,0.07,0.173,0.007,0.688,0.005,-0.006
0.0,7.998,-6.991,8.0,-7.0,0.952,0.134,6.795,0.005,0.503,1600.939,11.486,0.494,16.652,0.083,0.191,0.009,0.682,0.002,-0.009
0.0,7.998,-8.997,8.0,-9.0,0.95,0.133,6.796,0.005,0.5,1583.359,11.483,0.494,16.736,0.088,0.215,0.012,0.686,0.002,-0.003
0.0,9.002,0.001,9.0,0.0,0.959,0.134,6.799,0.005,0.504,1586.216,11.477,0.502,16.641,0.075,0.191,0.008,0.693,-0.002,-0.001
0.0,9.003,-4.0,9.0,-4.0,0.954,0.134,6.795,0.005,0.504,1593.467,11.493,0.494,16.553,0.091,0.158,0.008,0.681,-0.003,-0.0
0.0,8.989,-6.0,9.0,-6.0,0.949,0.133,6.796,0.005,0.501,1589.527,11.495,0.494,16.58,0.093,0.163,0.008,0.68,0.011,-0.0
0.0,9.005,-7.996,9.0,-8.0,0.947,0.134,6.796,0.005,0.503,1599.635,11.488,0.494,16.538,0.084,0.173,0.009,0.681,-0.005,-0.004
0.0,8.989,10.997,9.0,11.0,0.927,0.136,6.811,0.005,0.508,1573.871,11.414,0.502,16.392,0.109,0.176,0.009,0.674,0.011,0.003
0.0,0.0,0.0,0.0,0.0,1.0,0.09,6.387,0.003,0.685,1890.78,17.639,0.686,100.0,1.0,1.0,1.0,1.0,0.0,0.0
0.0,0.012,-14.007,0.0,-14.0,0.96,0.082,6.319,0.003,0.685,1858.973,18.412,0.686,18.996,0.152,0.278,0.007,0.685,-0.012,0.007
0.0,0.009,-2.001,0.0,-2.0,0.987,0.089,6.377,0.003,0.684,1900.588,17.717,0.686,21.533,0.26,0.701,0.075,0.764,-0.009,0.001
0.0,0.001,-3.0,0.0,-3.0,0.985,0.088,6.372,0.003,0.689,1843.908,17.922,0.69,20.901,0.183,0.58,0.043,0.735,-0.001,-0.0
0.0,0.003,11.985,0.0,12.0,0.957,0.093,6.444,0.003,0.69,1826.637,17.371,0.694,18.909,0.172,0.298,0.008,0.687,-0.003,0.015
0.0,0.002,1.994,0.0,2.0,0.986,0.091,6.397,0.003,0.684,1877.715,17.511,0.686,21.533,0.263,0.701,0.076,0.764,-0.002,0.006
0.0,0.003,3.989,0.0,4.0,0.983,0.09,6.407,0.003,0.691,1830.115,17.68,0.694,20.553,0.171,0.519,0.027,0.716,-0.003,0.011
0.0,-9.997,0.006,-10.0,0.0,0.957,0.089,6.384,0.003,0.688,1868.35,17.765,0.69,19.849,0.193,0.461,0.02,0.715,-0.003,-0.006
0.0,-9.993,-10.004,-10.0,-10.0,0.94,0.084,6.337,0.003,0.687,1886.028,18.287,0.69,18.829,0.16,0.243,0.006,0.68,-0.007,0.004
0.0,-9.991,-10.991,-10.0,-11.0,0.938,0.083,6.334,0.003,0.688,1854.879,18.38,0.69,18.833,0.161,0.243,0.006,0.68,-0.009,-0.009
0.0,-9.997,-1.994,-10.0,-2.0,0.954,0.088,6.375,0.003,0.687,1902.532,17.84,0.69,19.449,0.158,0.386,0.01,0.702,-0.003,-0.006
0.0,-9.998,-2.983,-10.0,-3.0,0.951,0.087,6.37,0.003,0.688,1869.073,17.923,0.69,19.362,0.167,0.37,0.009,0.695,-0.002,-0.017
0.0,-9.994,-6.993,-10.0,-7.0,0.942,0.085,6.351,0.003,0.687,1834.005,18.164,0.69,18.968,0.14,0.269,0.005,0.688,-0.006,-0.007
0.0,-9.994,9.999,-10.0,10.0,0.932,0.093,6.429,0.003,0.685,1877.424,17.304,0.69,19.296,0.156,0.346,0.013,0.689,-0.006,0.001
0.0,-9.995,3.999,-10.0,4.0,0.947,0.092,6.403,0.003,0.684,1911.188,17.469,0.686,19.89,0.186,0.454,0.019,0.707,-0.005,0.001
0.0,-10.996,0.008,-11.0,0.0,0.953,0.089,6.383,0.003,0.686,1892.625,17.737,0.69,19.685,0.18,0.437,0.018,0.712,-0.004,-0.008
0.0,-10.992,1.003,-11.0,1.0,0.953,0.09,6.388,0.003,0.684,1898.583,17.606,0.686,19.874,0.222,0.474,0.025,0.721,-0.008,-0.003
0.0,-11.983,-12.003,-12.0,-12.0,0.933,0.082,6.328,0.003,0.687,1837.955,18.494,0.69,18.778,0.157,0.241,0.006,0.678,-0.017,0.003
0.0,-11.993,-13.004,-12.0,-13.0,0.931,0.083,6.324,0.003,0.685,1883.022,18.384,0.686,18.726,0.163,0.24,0.007,0.678,-0.007,0.004
0.0,-11.995,-8.003,-12.0,-8.0,0.938,0.084,6.346,0.003,0.687,1837.477,18.232,0.69,18.824,0.153,0.255,0.005,0.683,-0.005,0.003
0.0,-12.004,10.993,-12.0,11.0,0.921,0.094,6.433,0.003,0.683,1892.033,17.199,0.686,19.109,0.144,0.322,0.011,0.689,0.004,0.007
0.0,-12.003,2.995,-12.0,3.0,0.943,0.091,6.398,0.003,0.684,1892.759,17.519,0.686,19.768,0.204,0.452,0.022,0.71,0.003,0.005
0.0,-11.991,3.999,-12.0,4.0,0.94,0.09,6.402,0.003,0.686,1855.779,17.627,0.69,19.779,0.184,0.434,0.017,0.703,-0.009,0.001
0.0,-12.991,-2.992,-13.0,-3.0,0.946,0.088,6.367,0.003,0.685,1897.708,17.818,0.686,19.095,0.17,0.338,0.009,0.689,-0.009,-0.008
0.0,-12.991,-8.0,-13.0,-8.0,0.934,0.084,6.346,0.003,0.691,1798.737,18.341,0.694,18.805,0.156,0.257,0.005,0.684,-0.009,-0.0
0.0,-12.994,0.999,-13.0,1.0,0.947,0.089,6.386,0.003,0.686,1862.677,17.692,0.69,19.64,0.203,0.436,0.021,0.712,-0.006,0.001
0.0,-13.981,-10.007,-14.0,-10.0,0.931,0.084,6.337,0.003,0.687,1881.886,18.286,0.69,18.716,0.163,0.244,0.006,0.678,-0.019,0.007
0.0,-13.983,-5.997,-14.0,-6.0,0.937,0.086,6.354,0.003,0.686,1855.56,18.042,0.69,18.802,0.143,0.269,0.005,0.686,-0.017,-0.003
0.0,-13.991,-6.989,-14.0,-7.0,0.933,0.085,6.351,0.003,0.688,1839.062,18.118,0.69,18.757,0.147,0.256,0.005,0.685,-0.009,-0.011
0.0,-0.984,-11.0,-1.0,-11.0,0.965,0.083,6.334,0.003,0.688,1867.685,18.362,0.69,19.303,0.173,0.312,0.007,0.69,-0.016,-0.0
0.0,-0.995,10.007,-1.0,10.0,0.965,0.095,6.435,0.003,0.683,1890.315,17.168,0.686,19.143,0.161,0.323,0.008,0.689,-0.005,-0.007
0.0,-0.991,11.991,-1.0,12.0,0.956,0.094,6.443,0.003,0.687,1845.059,17.266,0.69,18.931,0.175,0.307,0.008,0.687,-0.009,0.009
0.0,-0.988,0.996,-1.0,1.0,0.989,0.09,6.392,0.003,0.687,1874.36,17.67,0.69,22.446,0.379,0.823,0.134,0.819,-0.012,0.004
0.0,-0.99,3.995,-1.0,4.0,0.979,0.091,6.407,0.003,0.688,1847.672,17.569,0.69,20.547,0.176,0.525,0.029,0.717,-0.01,0.005
0.0,-0.992,5.997,-1.0,6.0,0.975,0.091,6.417,0.003,0.691,1840.348,17.578,0.694,20.148,0.196,0.457,0.018,0.703,-0.008,0.003
0.0,-0.989,8.012,-1.0,8.0,0.97,0.094,6.426,0.003,0.684,1892.286,17.273,0.686,19.52,0.16,0.368,0.01,0.693,-0.011,-0.012
0.0,-1.976,-12.998,-2.0,-13.0,0.956,0.083,6.324,0.003,0.685,1881.964,18.356,0.686,19.011,0.15,0.271,0.006,0.685,-0.024,-0.002
0.0,-1.982,-14.005,-2.0,-14.0,0.955,0.081,6.319,0.003,0.688,1850.342,18.527,0.69,18.972,0.148,0.261,0.006,0.683,-0.018,0.005
0.0,-1.991,11.0,-2.0,11.0,0.955,0.095,6.438,0.003,0.684,1889.361,17.178,0.686,19.05,0.169,0.321,0.009,0.688,-0.009,0.0
0.0,-1.995,1.002,-2.0,1.0,0.985,0.089,6.391,0.003,0.687,1835.137,17.745,0.69,21.88,0.318,0.734,0.098,0.784,-0.005,-0.002
0.0,-2.99,0.001,-3.0,0.0,0.981,0.089,6.385,0.003,0.687,1877.287,17.729,0.69,21.524,0.289,0.672,0.072,0.764,-0.01,-0.001
0.0,-3.989,-1.999,-4.0,-2.0,0.973,0.088,6.375,0.003,0.687,1882.437,17.841,0.69,20.466,0.161,0.513,0.024,0.718,-0.011,-0.001
0.0,-3.983,-3.998,-4.0,-4.0,0.969,0.086,6.365,0.003,0.688,1833.575,18.022,0.69,20.224,0.197,0.464,0.015,0.705,-0.017,-0.002
0.0,-3.993,9.997,-4.0,10.0,0.951,0.094,6.431,0.003,0.685,1847.928,17.298,0.69,19.215,0.152,0.337,0.011,0.69,-0.007,0.003
0.0,-4.003,0.996,-4.0,1.0,0.975,0.089,6.389,0.003,0.691,1817.378,17.83,0.694,21.162,0.269,0.629,0.059,0.751,0.003,0.004
0.0,-3.995,7.003,-4.0,7.0,0.959,0.093,6.419,0.003,0.684,1888.922,17.32,0.686,19.861,0.202,0.439,0.019,0.702,-0.005,-0.003
0.0,-4.981,-10.005,-5.0,-10.0,0.955,0.083,6.335,0.003,0.688,1816.34,18.381,0.69,19.172,0.156,0.27,0.006,0.686,-0.019,0.005
0.0,-4.992,-3.993,-5.0,-4.0,0.964,0.088,6.363,0.003,0.685,1878.073,17.871,0.686,20.002,0.194,0.443,0.012,0.701,-0.008,-0.007
0.0,-4.994,12.0,-5.0,12.0,0.938,0.095,6.438,0.003,0.684,1880.789,17.165,0.686,18.996,0.167,0.325,0.01,0.684,-0.006,0.0
0.0,-4.997,7.005,-5.0,7.0,0.955,0.093,6.417,0.003,0.684,1889.162,17.326,0.686,19.873,0.211,0.448,0.022,0.707,-0.003,-0.005
0.0,-5.977,-14.001,-6.0,-14.0,0.941,0.081,6.317,0.003,0.687,1838.403,18.536,0.69,18.895,0.157,0.244,0.006,0.679,-0.023,0.001
0.0,-5.993,-5.004,-6.0,-5.0,0.957,0.086,6.359,0.003,0.688,1834.137,18.066,0.69,19.713,0.185,0.394,0.01,0.698,-0.007,0.004
0.0,-6.001,2.994,-6.0,3.0,0.961,0.09,6.399,0.003,0.687,1839.033,17.667,0.69,20.354,0.194,0.515,0.028,0.721,0.001,0.006
0.0,-6.991,-0.001,-7.0,0.0,0.965,0.088,6.384,0.003,0.687,1848.718,17.806,0.69,20.389,0.229,0.535,0.027,0.726,-0.009,0.001
0.0,-6.98,-14.006,-7.0,-14.0,0.937,0.081,6.319,0.003,0.687,1855.129,18.527,0.69,18.865,0.158,0.24,0.006,0.677,-0.02,0.006
0.0,-6.986,-2.996,-7.0,-3.0,0.961,0.088,6.37,0.003,0.685,1910.924,17.811,0.686,19.744,0.173,0.423,0.011,0.703,-0.014,-0.004
0.0,-6.991,-4.993,-7.0,-5.0,0.953,0.087,6.36,0.003,0.685,1897.465,17.905,0.686,19.493,0.176,0.371,0.009,0.697,-0.009,-0.007
0.0,-6.995,8.005,-7.0,8.0,0.944,0.092,6.422,0.003,0.686,1849.388,17.438,0.69,19.683,0.196,0.417,0.019,0.7,-0.005,-0.005
0.0,-7.999,13.001,-8.0,13.0,0.924,0.094,6.443,0.003,0.687,1854.851,17.249,0.69,19.047,0.184,0.337,0.013,0.686,-0.001,-0.001
0.0,-8.996,13.001,-9.0,13.0,0.92,0.094,6.444,0.003,0.685,1892.017,17.21,0.69,19.059,0.187,0.342,0.014,0.685,-0.004,-0.001
0.0,-8.989,1.002,-9.0,1.0,0.958,0.09,6.389,0.003,0.686,1888.683,17.68,0.69,20.174,0.248,0.519,0.032,0.727,-0.011,-0.002
0.0,10.004,-12.001,10.0,-12.0,0.936,0.082,6.327,0.003,0.69,1789.592,18.528,0.69,19.458,0.184,0.366,0.016,0.688,-0.004,0.001
0.0,9.999,-5.015,10.0,-5.0,0.946,0.086,6.363,0.003,0.689,1797.666,18.072,0.694,19.923,0.184,0.439,0.017,0.703,0.001,0.015
0.0,10.003,-9.017,10.0,-9.0,0.94,0.084,6.343,0.003,0.69,1805.84,18.272,0.69,19.561,0.166,0.379,0.013,0.693,-0.003,0.017
0.0,9.999,10.98,10.0,11.0,0.931,0.094,6.447,0.003,0.687,1799.477,17.298,0.694,18.426,0.163,0.235,0.006,0.679,0.001,0.02
0.0,10.004,1.984,10.0,2.0,0.955,0.09,6.401,0.003,0.688,1819.545,17.621,0.694,19.417,0.159,0.387,0.011,0.702,-0.004,0.016
0.0,11.005,-11.01,11.0,-11.0,0.937,0.084,6.332,0.003,0.687,1836.48,18.303,0.686,19.369,0.151,0.347,0.012,0.687,-0.005,0.01
0.0,11.004,-2.01,11.0,-2.0,0.954,0.088,6.379,0.003,0.689,1804.713,17.912,0.694,20.031,0.241,0.492,0.031,0.719,-0.004,0.01
0.0,10.996,-8.015,11.0,-8.0,0.938,0.084,6.348,0.003,0.693,1755.445,18.359,0.694,19.702,0.202,0.407,0.017,0.697,0.004,0.015
0.0,10.997,-9.014,11.0,-9.0,0.938,0.085,6.342,0.003,0.687,1839.793,18.162,0.686,19.502,0.168,0.374,0.013,0.693,0.003,0.014
0.0,11.999,-11.005,12.0,-11.0,0.935,0.084,6.334,0.003,0.686,1848.357,18.264,0.686,19.312,0.143,0.339,0.011,0.687,0.001,0.005
0.0,11.995,10.983,12.0,11.0,0.927,0.095,6.449,0.003,0.685,1843.703,17.136,0.69,18.272,0.159,0.23,0.007,0.678,0.005,0.017
0.0,11.998,12.989,12.0,13.0,0.922,0.096,6.458,0.003,0.684,1851.938,17.076,0.686,18.134,0.159,0.226,0.008,0.677,0.002,0.011
0.0,11.987,0.984,12.0,1.0,0.951,0.089,6.398,0.003,0.692,1788.282,17.801,0.698,19.4,0.158,0.39,0.012,0.7,0.013,0.016
0.0,11.996,4.993,12.0,5.0,0.943,0.093,6.421,0.003,0.685,1865.799,17.365,0.69,18.834,0.158,0.297,0.006,0.689,0.004,0.007
0.0,12.002,5.991,12.0,6.0,0.936,0.093,6.427,0.003,0.687,1852.0,17.394,0.694,18.705,0.145,0.271,0.005,0.687,-0.002,0.009
0.0,11.999,6.986,12.0,7.0,0.937,0.094,6.43,0.003,0.685,1858.046,17.275,0.69,18.56,0.142,0.251,0.005,0.687,0.001,0.014
0.0,13.006,-13.01,13.0,-13.0,0.925,0.082,6.324,0.003,0.687,1843.276,18.416,0.686,19.267,0.162,0.336,0.011,0.683,-0.006,0.01
0.0,13.0,-1.001,13.0,-1.0,0.948,0.089,6.388,0.003,0.69,1822.206,17.795,0.694,19.665,0.202,0.437,0.021,0.712,0.0,0.001
0.0,13.002,-2.008,13.0,-2.0,0.946,0.089,6.382,0.003,0.687,1867.134,17.746,0.69,19.732,0.222,0.455,0.027,0.713,-0.002,0.008
0.0,13.004,-4.009,13.0,-4.0,0.941,0.087,6.37,0.003,0.689,1802.686,18.02,0.694,19.708,0.18,0.425,0.016,0.7,-0.004,0.009
0.0,12.999,-6.019,13.0,-6.0,0.936,0.087,6.358,0.003,0.687,1828.635,17.963,0.69,19.639,0.181,0.406,0.014,0.699,0.001,0.019
0.0,13.005,6.994,13.0,7.0,0.934,0.093,6.433,0.003,0.688,1819.23,17.385,0.694,18.547,0.144,0.248,0.005,0.686,-0.005,0.006
0.0,1.001,-0.007,1.0,0.0,0.989,0.089,6.387,0.003,0.688,1831.12,17.794,0.69,24.008,0.548,0.897,0.198,0.855,-0.001,0.007
0.0,0.994,10.995,1.0,11.0,0.96,0.095,6.44,0.003,0.684,1877.821,17.173,0.686,18.964,0.171,0.298,0.008,0.69,0.006,0.005
0.0,1.999,-3.995,2.0,-4.0,0.98,0.086,6.366,0.003,0.688,1823.125,18.018,0.69,20.585,0.184,0.533,0.031,0.719,0.001,-0.005
0.0,1.998,1.003,2.0,1.0,0.986,0.09,6.393,0.003,0.689,1825.025,17.699,0.69,21.455,0.239,0.682,0.07,0.76,0.002,-0.003
0.0,1.997,4.0,2.0,4.0,0.98,0.091,6.409,0.003,0.687,1827.899,17.596,0.69,20.405,0.181,0.492,0.02,0.706,0.003,0.0
0.0,1.998,4.993,2.0,5.0,0.975,0.092,6.414,0.003,0.688,1839.992,17.506,0.69,20.233,0.207,0.467,0.017,0.704,0.002,0.007
0.0,3.004,-10.011,3.0,-10.0,0.964,0.083,6.337,0.003,0.689,1798.815,18.383,0.69,19.469,0.159,0.35,0.01,0.689,-0.004,0.011
0.0,3.001,-11.005,3.0,-11.0,0.96,0.084,6.332,0.003,0.686,1849.346,18.288,0.686,19.347,0.169,0.341,0.009,0.688,-0.001,0.005
0.0,3.001,-2.005,3.0,-2.0,0.983,0.088,6.376,0.003,0.688,1815.401,17.914,0.69,21.143,0.247,0.628,0.055,0.743,-0.001,0.005
0.0,2.994,-7.005,3.0,-7.0,0.968,0.086,6.351,0.003,0.688,1816.783,18.1,0.69,19.977,0.195,0.446,0.016,0.701,0.006,0.005
0.0,2.994,3.994,3.0,4.0,0.975,0.092,6.409,0.003,0.685,1867.015,17.444,0.686,20.23,0.186,0.477,0.017,0.704,0.006,0.006
0.0,3.997,-1.005,4.0,-1.0,0.978,0.089,6.383,0.003,0.686,1874.85,17.695,0.686,21.118,0.266,0.631,0.058,0.752,0.003,0.005
0.0,3.99,10.987,4.0,11.0,0.952,0.095,6.443,0.003,0.684,1858.107,17.161,0.686,18.766,0.16,0.263,0.007,0.687,0.01,0.013
0.0,4.999,-0.008,5.0,0.0,0.975,0.089,6.389,0.003,0.688,1856.38,17.723,0.69,20.838,0.242,0.587,0.039,0.735,0.001,0.008
0.0,5.004,-13.006,5.0,-13.0,0.946,0.082,6.324,0.003,0.687,1860.211,18.409,0.686,19.254,0.174,0.333,0.01,0.685,-0.004,0.006
0.0,5.004,-7.005,5.0,-7.0,0.958,0.086,6.353,0.003,0.686,1849.767,18.017,0.686,19.974,0.212,0.455,0.022,0.707,-0.004,0.005
0.0,5.003,0.995,5.0,1.0,0.975,0.091,6.394,0.003,0.686,1864.015,17.586,0.686,20.518,0.188,0.536,0.026,0.72,-0.003,0.005
0.0,4.997,2.991,5.0,3.0,0.97,0.092,6.406,0.003,0.685,1873.366,17.491,0.69,20.097,0.179,0.46,0.015,0.707,0.003,0.009
0.0,4.997,7.993,5.0,8.0,0.955,0.093,6.43,0.003,0.686,1855.07,17.338,0.69,19.058,0.136,0.286,0.006,0.691,0.003,0.007
0.0,6.0,-0.006,6.0,0.0,0.972,0.089,6.389,0.003,0.689,1832.922,17.755,0.69,20.612,0.236,0.562,0.032,0.73,0.0,0.006
0.0,5.995,-2.005,6.0,-2.0,0.97,0.088,6.379,0.003,0.688,1867.129,17.843,0.69,20.548,0.232,0.557,0.033,0.727,0.005,0.005
0.0,7.006,-10.01,7.0,-10.0,0.949,0.083,6.337,0.003,0.693,1797.704,18.471,0.694,19.558,0.174,0.379,0.016,0.693,-0.006,0.01
0.0,7.005,-12.01,7.0,-12.0,0.942,0.082,6.327,0.003,0.69,1805.456,18.476,0.69,19.397,0.178,0.358,0.012,0.686,-0.005,0.01
0.0,7.003,-2.006,7.0,-2.0,0.966,0.087,6.378,0.003,0.693,1814.685,17.995,0.694,20.461,0.238,0.544,0.032,0.723,-0.003,0.006
0.0,7.002,-3.001,7.0,-3.0,0.961,0.088,6.373,0.003,0.688,1856.178,17.902,0.69,20.251,0.197,0.508,0.025,0.714,-0.002,0.001
0.0,7.007,-8.004,7.0,-8.0,0.951,0.086,6.347,0.003,0.687,1851.539,18.094,0.686,19.763,0.196,0.422,0.018,0.7,-0.007,0.004
0.0,7.01,-9.013,7.0,-9.0,0.951,0.084,6.342,0.003,0.69,1812.035,18.273,0.69,19.654,0.18,0.395,0.018,0.698,-0.01,0.013
0.0,7.001,5.988,7.0,6.0,0.955,0.091,6.422,0.003,0.691,1815.142,17.566,0.698,19.237,0.156,0.326,0.006,0.692,-0.001,0.012
0.0,7.001,8.988,7.0,9.0,0.948,0.094,6.436,0.003,0.686,1849.19,17.302,0.692,18.733,0.144,0.248,0.005,0.683,-0.001,0.012
0.0,7.992,-0.005,8.0,0.0,0.973,0.09,6.39,0.003,0.686,1867.338,17.639,0.686,20.131,0.212,0.509,0.024,0.72,0.008,0.005
0.0,8.005,-12.014,8.0,-12.0,0.94,0.082,6.327,0.003,0.689,1835.403,18.454,0.69,19.423,0.187,0.366,0.014,0.685,-0.005,0.014
0.0,8.0,-6.011,8.0,-6.0,0.952,0.087,6.357,0.003,0.686,1844.496,17.936,0.686,19.889,0.191,0.444,0.018,0.703,0.0,0.011
0.0,7.998,5.989,8.0,6.0,0.95,0.093,6.422,0.003,0.684,1878.064,17.296,0.69,19.051,0.153,0.309,0.006,0.69,0.002,0.011
0.0,7.995,6.99,8.0,7.0,0.948,0.092,6.427,0.003,0.687,1821.351,17.444,0.69,18.937,0.14,0.28,0.005,0.689,0.005,0.01
0.0,9.011,-10.01,9.0,-10.0,0.943,0.083,6.337,0.003,0.689,1799.752,18.396,0.69,19.544,0.168,0.375,0.016,0.691,-0.011,0.01
0.0,8.995,10.988,9.0,11.0,0.935,0.095,6.445,0.003,0.685,1858.458,17.154,0.69,18.422,0.16,0.235,0.006,0.679,0.005,0.012
0.0,9.006,5.99,9.0,6.0,0.948,0.092,6.423,0.003,0.688,1816.813,17.484,0.694,18.995,0.151,0.299,0.006,0.689,-0.006,0.01
0.0,8.998,6.984,9.0,7.0,0.947,0.094,6.428,0.003,0.685,1870.017,17.288,0.69,18.776,0.136,0.269,0.005,0.688,0.002,0.016
0.0,-0.0,-0.0,0.0,0.0,1.0,0.107,6.63,0.006,0.627,1270.044,15.394,0.631,100.0,1.0,1.0,1.0,1.0,0.0,0.0
0.0,0.001,-9.995,0.0,-10.0,0.87,0.106,6.622,0.006,0.635,1255.792,15.548,0.643,18.231,0.165,0.334,0.03,0.686,-0.001,-0.005
0.0,0.008,-11.984,0.0,-12.0,0.86,0.107,6.621,0.006,0.626,1265.749,15.377,0.631,18.181,0.148,0.326,0.028,0.676,-0.008,-0.016
0.0,0.027,-13.98,0.0,-14.0,0.873,0.106,6.622,0.006,0.64,1259.945,15.602,0.647,18.091,0.135,0.315,0.026,0.668,-0.027,-0.02
0.0,0.002,-7.996,0.0,-8.0,0.977,0.106,6.625,0.006,0.627,1263.215,15.417,0.631,18.171,0.14,0.325,0.032,0.694,-0.002,-0.004
0.0,0.024,10.008,0.0,10.0,0.884,0.114,6.62,0.007,0.613,1432.796,14.646,0.62,17.91,0.157,0.325,0.029,0.685,-0.024,-0.008
0.0,0.024,2.008,0.0,2.0,0.908,0.106,6.628,0.006,0.64,1266.929,15.586,0.647,18.422,0.117,0.547,0.091,0.784,-0.024,-0.008
0.0,0.001,2.986,0.0,3.0,0.893,0.106,6.628,0.006,0.631,1262.928,15.471,0.635,18.033,0.053,0.372,0.062,0.757,-0.001,0.014
0.0,0.002,4.007,0.0,4.0,0.884,0.107,6.627,0.006,0.625,1268.081,15.357,0.631,18.458,0.158,0.388,0.05,0.728,-0.002,-0.007
0.0,-10.011,-0.985,-10.0,-1.0,0.873,0.106,6.623,0.006,0.632,1257.084,15.492,0.635,18.185,0.185,0.366,0.017,0.683,0.011,-0.015
0.0,-9.984,-2.968,-10.0,-3.0,0.868,0.107,6.623,0.006,0.631,1291.744,15.379,0.635,17.613,0.087,0.268,0.011,0.671,-0.016,-0.032
0.0,-9.997,-5.998,-10.0,-6.0,0.867,0.105,6.619,0.006,0.639,1240.844,15.687,0.643,17.611,0.121,0.257,0.009,0.66,-0.003,-0.002
0.0,-9.997,6.021,-10.0,6.0,0.861,0.104,6.618,0.006,0.624,1218.476,15.521,0.627,17.694,0.12,0.252,0.01,0.667,-0.003,-0.021
0.0,-10.98,-11.965,-11.0,-12.0,0.842,0.105,6.617,0.006,0.628,1220.918,15.578,0.635,17.404,0.1,0.201,0.008,0.652,-0.02,-0.035
0.0,-11.006,-0.98,-11.0,-1.0,0.868,0.105,6.624,0.006,0.636,1225.278,15.661,0.643,18.083,0.177,0.348,0.016,0.677,0.006,-0.02
0.0,-10.988,-4.983,-11.0,-5.0,0.862,0.108,6.62,0.006,0.63,1303.76,15.337,0.635,17.451,0.103,0.233,0.009,0.659,-0.012,-0.017
0.0,-11.008,-7.996,-11.0,-8.0,0.861,0.106,6.62,0.006,0.632,1251.518,15.51,0.635,17.428,0.101,0.221,0.008,0.655,0.008,-0.004
0.0,-11.008,1.016,-11.0,1.0,0.874,0.105,6.623,0.006,0.636,1226.607,15.674,0.643,17.783,0.114,0.303,0.013,0.674,0.008,-0.016
0.0,-11.97,-3.992,-12.0,-4.0,0.862,0.106,6.623,0.006,0.632,1259.296,15.498,0.635,17.377,0.077,0.217,0.008,0.663,-0.03,-0.008
0.0,-12.001,-8.977,-12.0,-9.0,0.85,0.107,6.619,0.006,0.635,1283.577,15.459,0.639,17.186,0.077,0.183,0.007,0.656,0.001,-0.023
0.0,-12.008,1.017,-12.0,1.0,0.871,0.105,6.623,0.006,0.635,1241.214,15.614,0.639,17.654,0.108,0.284,0.012,0.673,0.008,-0.017
0.0,-11.991,2.025,-12.0,2.0,0.878,0.106,6.621,0.006,0.636,1260.907,15.565,0.643,17.485,0.09,0.257,0.01,0.671,-0.009,-0.025
0.0,-12.002,7.007,-12.0,7.0,0.856,0.108,6.619,0.006,0.632,1301.605,15.342,0.639,17.292,0.096,0.209,0.008,0.66,0.002,-0.007
0.0,-12.983,-11.982,-13.0,-12.0,0.839,0.106,6.618,0.006,0.626,1263.305,15.405,0.631,17.145,0.094,0.174,0.007,0.656,-0.017,-0.018
0.0,-12.996,-12.993,-13.0,-13.0,0.834,0.109,6.618,0.006,0.64,1316.628,15.403,0.643,17.002,0.081,0.17,0.007,0.653,-0.004,-0.007
0.0,-12.998,-0.991,-13.0,-1.0,0.871,0.106,6.624,0.006,0.633,1252.973,15.545,0.639,17.773,0.156,0.307,0.015,0.679,-0.002,-0.009
0.0,-12.995,-5.978,-13.0,-6.0,0.872,0.106,6.619,0.006,0.626,1269.991,15.402,0.631,17.267,0.095,0.213,0.008,0.661,-0.005,-0.022
0.0,-12.991,2.994,-13.0,3.0,0.859,0.109,6.622,0.006,0.64,1320.35,15.395,0.643,17.225,0.091,0.234,0.009,0.671,-0.009,0.006
0.0,-12.98,4.001,-13.0,4.0,0.861,0.106,6.621,0.006,0.626,1264.438,15.397,0.631,17.363,0.104,0.235,0.009,0.67,-0.02,-0.001
0.0,-13.997,0.01,-14.0,0.0,0.877,0.106,6.623,0.006,0.628,1260.621,15.438,0.631,17.605,0.137,0.282,0.014,0.68,-0.003,-0.01
0.0,-13.996,-11.984,-14.0,-12.0,0.843,0.107,6.617,0.006,0.633,1272.188,15.465,0.639,17.028,0.09,0.164,0.007,0.656,-0.004,-0.016
0.0,-14.001,-13.981,-14.0,-14.0,0.875,0.106,6.612,0.006,0.635,1230.731,15.533,0.639,17.054,0.078,0.164,0.007,0.65,0.001,-0.019
0.0,-14.015,-1.99,-14.0,-2.0,0.865,0.107,6.624,0.006,0.633,1284.123,15.433,0.639,17.387,0.099,0.245,0.011,0.674,0.015,-0.01
0.0,-13.988,11.998,-14.0,12.0,0.844,0.114,6.614,0.007,0.607,1429.986,14.553,0.612,16.839,0.088,0.184,0.008,0.65,-0.012,0.002
0.0,-13.992,7.018,-14.0,7.0,0.857,0.108,6.618,0.006,0.63,1288.035,15.345,0.635,17.08,0.072,0.171,0.007,0.663,-0.008,-0.018
0.0,-1.01,-3.991,-1.0,-4.0,0.884,0.106,6.627,0.006,0.635,1266.384,15.526,0.643,18.278,0.123,0.36,0.031,0.706,0.01,-0.009
0.0,-0.99,-4.985,-1.0,-5.0,0.877,0.108,6.625,0.006,0.632,1321.279,15.306,0.639,18.27,0.146,0.365,0.027,0.695,-0.01,-0.015
0.0,-0.993,9.995,-1.0,10.0,0.875,0.113,6.619,0.006,0.608,1407.524,14.65,0.616,17.894,0.158,0.325,0.031,0.684,-0.007,0.005
0.0,-1.993,-2.965,-2.0,-3.0,0.883,0.108,6.627,0.006,0.631,1298.611,15.352,0.635,17.901,0.028,0.308,0.024,0.698,-0.007,-0.035
0.0,-2.001,-3.99,-2.0,-4.0,0.88,0.105,6.627,0.006,0.63,1247.142,15.528,0.635,18.139,0.085,0.321,0.019,0.682,0.001,-0.01
0.0,-2.004,-5.997,-2.0,-6.0,0.882,0.105,6.623,0.006,0.639,1246.584,15.662,0.643,18.091,0.114,0.316,0.015,0.671,0.004,-0.003
0.0,-2.987,-2.983,-3.0,-3.0,0.888,0.107,6.627,0.006,0.634,1276.192,15.471,0.639,17.918,0.035,0.289,0.017,0.681,-0.013,-0.017
0.0,-2.989,13.005,-3.0,13.0,0.859,0.113,6.618,0.007,0.61,1405.038,14.659,0.616,17.651,0.108,0.279,0.019,0.659,-0.011,-0.005
0.0,-3.009,7.99,-3.0,8.0,0.873,0.106,6.622,0.006,0.63,1260.09,15.444,0.635,17.856,0.084,0.264,0.014,0.665,0.009,0.01
0.0,-4.006,-0.983,-4.0,-1.0,0.885,0.108,6.629,0.006,0.635,1297.388,15.405,0.639,18.685,0.176,0.473,0.031,0.697,0.006,-0.017
0.0,-3.998,-4.995,-4.0,-5.0,0.871,0.107,6.625,0.006,0.633,1287.615,15.429,0.639,17.809,0.071,0.262,0.009,0.665,-0.002,-0.005
0.0,-4.009,-6.977,-4.0,-7.0,0.87,0.105,6.624,0.006,0.635,1240.762,15.603,0.639,17.809,0.08,0.243,0.008,0.66,0.009,-0.023
0.0,-3.993,-7.99,-4.0,-8.0,0.869,0.109,6.624,0.006,0.643,1324.028,15.43,0.651,17.512,0.056,0.212,0.007,0.656,-0.007,-0.01
0.0,-3.998,2.027,-4.0,2.0,0.893,0.106,6.625,0.006,0.636,1264.657,15.542,0.643,17.997,0.04,0.318,0.019,0.684,-0.002,-0.027
0.0,-4.016,5.994,-4.0,6.0,0.878,0.106,6.622,0.006,0.627,1252.45,15.44,0.631,17.955,0.099,0.28,0.01,0.663,0.016,0.006
0.0,-5.006,-10.977,-5.0,-11.0,0.853,0.107,6.62,0.006,0.628,1271.92,15.386,0.635,17.675,0.096,0.232,0.008,0.651,0.006,-0.023
0.0,-4.995,-1.976,-5.0,-2.0,0.879,0.106,6.627,0.006,0.633,1253.175,15.524,0.639,18.12,0.079,0.346,0.016,0.683,-0.005,-0.024
0.0,-4.989,8.992,-5.0,9.0,0.86,0.113,6.619,0.007,0.604,1428.973,14.529,0.612,17.281,0.063,0.216,0.008,0.652,-0.011,0.008
0.0,-6.003,0.009,-6.0,0.0,0.893,0.106,6.626,0.006,0.627,1261.325,15.424,0.631,18.504,0.175,0.424,0.022,0.689,0.003,-0.009
0.0,-6.023,-1.988,-6.0,-2.0,0.88,0.107,6.626,0.006,0.633,1285.443,15.419,0.639,18.017,0.089,0.336,0.014,0.678,0.023,-0.012
0.0,-5.998,-3.986,-6.0,-4.0,0.879,0.107,6.624,0.006,0.633,1282.064,15.431,0.639,17.724,0.067,0.25,0.009,0.667,-0.002,-0.014
0.0,-5.994,-8.964,-6.0,-9.0,0.864,0.106,6.62,0.006,0.634,1261.901,15.51,0.639,17.554,0.068,0.21,0.006,0.655,-0.006,-0.036
0.0,-6.01,9.997,-6.0,10.0,0.9,0.113,6.611,0.007,0.609,1386.916,14.618,0.616,17.383,0.092,0.23,0.009,0.65,0.01,0.003
0.0,-6.007,12.988,-6.0,13.0,0.857,0.114,6.616,0.007,0.607,1423.595,14.542,0.612,17.26,0.062,0.212,0.008,0.644,0.007,0.012
0.0,-6.998,0.004,-7.0,0.0,0.894,0.105,6.625,0.006,0.628,1227.361,15.543,0.635,18.447,0.176,0.406,0.02,0.687,-0.002,-0.004
0.0,-7.015,2.991,-7.0,3.0,0.879,0.107,6.622,0.006,0.633,1277.357,15.446,0.639,17.777,0.081,0.283,0.01,0.67,0.015,0.009
0.0,-7.991,-0.967,-8.0,-1.0,0.888,0.107,6.625,0.006,0.643,1268.229,15.602,0.647,18.268,0.185,0.393,0.018,0.688,-0.009,-0.033
0.0,-7.988,-1.999,-8.0,-2.0,0.88,0.106,6.625,0.006,0.636,1258.677,15.542,0.643,18.03,0.127,0.342,0.013,0.68,-0.012,-0.001
0.0,-7.97,-5.984,-8.0,-6.0,0.884,0.106,6.62,0.006,0.64,1258.025,15.629,0.647,17.697,0.122,0.272,0.009,0.666,-0.03,-0.016
0.0,-7.992,11.997,-8.0,12.0,0.849,0.112,6.615,0.006,0.605,1373.91,14.679,0.612,17.282,0.081,0.218,0.008,0.651,-0.008,0.003
0.0,-9.014,-1.974,-9.0,-2.0,0.874,0.109,6.624,0.006,0.635,1325.809,15.311,0.639,17.874,0.13,0.332,0.013,0.68,0.014,-0.026
0.0,-9.012,4.99,-9.0,5.0,0.863,0.106,6.619,0.006,0.636,1250.21,15.575,0.643,17.741,0.122,0.28,0.01,0.67,0.012,0.01
0.0,9.978,0.011,10.0,0.0,0.877,0.107,6.641,0.006,0.626,1282.003,15.327,0.627,18.142,0.18,0.369,0.017,0.685,0.022,-0.011
0.0,9.985,-0.972,10.0,-1.0,0.871,0.108,6.641,0.006,0.633,1291.166,15.384,0.635,17.804,0.117,0.325,0.014,0.681,0.015,-0.028
0.0,9.982,-7.985,10.0,-8.0,0.862,0.107,6.635,0.006,0.626,1274.459,15.359,0.627,17.494,0.099,0.234,0.009,0.663,0.018,-0.015
0.0,9.969,4.994,10.0,5.0,0.864,0.107,6.636,0.006,0.634,1271.274,15.472,0.635,17.589,0.112,0.262,0.01,0.665,0.031,0.006
0.0,10.988,1.0,11.0,1.0,0.862,0.108,6.641,0.006,0.629,1290.489,15.332,0.631,18.034,0.18,0.357,0.016,0.677,0.012,0.0
0.0,10.969,6.999,11.0,7.0,0.856,0.107,6.635,0.006,0.63,1268.818,15.416,0.631,17.462,0.114,0.24,0.008,0.659,0.031,0.001
0.0,11.974,-1.999,12.0,-2.0,0.862,0.108,6.643,0.006,0.624,1295.025,15.253,0.627,17.427,0.085,0.257,0.01,0.672,0.026,-0.001
0.0,11.981,-6.988,12.0,-7.0,0.849,0.106,6.637,0.006,0.633,1257.838,15.52,0.639,17.367,0.096,0.22,0.008,0.66,0.019,-0.012
0.0,11.994,-7.992,12.0,-8.0,0.849,0.11,6.637,0.006,0.642,1341.635,15.349,0.643,17.146,0.088,0.21,0.008,0.658,0.006,-0.008
0.0,11.986,10.995,12.0,11.0,0.831,0.113,6.631,0.006,0.612,1406.345,14.701,0.616,16.958,0.092,0.177,0.007,0.655,0.014,0.005
0.0,11.974,1.009,12.0,1.0,0.86,0.106,6.642,0.006,0.633,1262.057,15.495,0.639,17.934,0.171,0.337,0.015,0.677,0.026,-0.009
0.0,11.981,5.011,12.0,5.0,0.849,0.107,6.638,0.006,0.626,1270.857,15.343,0.627,17.361,0.091,0.226,0.008,0.662,0.019,-0.011
0.0,11.967,5.999,12.0,6.0,0.854,0.107,6.636,0.006,0.626,1270.204,15.35,0.627,17.362,0.102,0.229,0.008,0.66,0.033,0.001
0.0,11.97,9.003,12.0,9.0,0.844,0.111,6.633,0.006,0.613,1377.285,14.821,0.616,17.001,0.07,0.185,0.007,0.657,0.03,-0.003
0.0,12.994,13.011,13.0,13.0,0.83,0.112,6.631,0.006,0.616,1371.541,14.825,0.62,16.934,0.08,0.176,0.007,0.654,0.006,-0.011
0.0,12.996,3.011,13.0,3.0,0.853,0.109,6.641,0.006,0.628,1323.201,15.208,0.631,17.221,0.064,0.221,0.009,0.672,0.004,-0.011
0.0,12.974,6.011,13.0,6.0,0.846,0.108,6.637,0.006,0.631,1290.818,15.344,0.635,17.216,0.094,0.21,0.008,0.664,0.026,-0.011
0.0,1.004,-13.977,1.0,-14.0,0.871,0.107,6.623,0.006,0.638,1271.93,15.54,0.643,18.113,0.141,0.321,0.026,0.667,-0.004,-0.023
0.0,1.005,-5.976,1.0,-6.0,0.895,0.107,6.626,0.006,0.638,1278.417,15.534,0.643,18.31,0.169,0.377,0.035,0.699,-0.005,-0.024
0.0,1.011,10.015,1.0,10.0,0.882,0.117,6.621,0.007,0.6,1529.812,14.176,0.608,17.537,0.138,0.3,0.022,0.671,-0.011,-0.015
0.0,0.995,5.997,1.0,6.0,0.878,0.108,6.626,0.006,0.633,1301.595,15.36,0.639,18.201,0.144,0.347,0.024,0.691,0.005,0.003
0.0,1.996,12.007,2.0,12.0,0.863,0.114,6.621,0.007,0.606,1438.071,14.507,0.612,17.551,0.102,0.268,0.014,0.654,0.004,-0.007
0.0,1.993,4.01,2.0,4.0,0.888,0.107,6.629,0.006,0.632,1284.124,15.399,0.639,18.064,0.084,0.316,0.019,0.683,0.007,-0.01
0.0,1.978,4.995,2.0,5.0,0.886,0.106,6.627,0.006,0.635,1260.761,15.522,0.643,18.133,0.107,0.322,0.016,0.676,0.022,0.005
0.0,3.001,-12.993,3.0,-13.0,0.85,0.109,6.625,0.006,0.639,1329.344,15.354,0.643,17.804,0.108,0.282,0.018,0.657,-0.001,-0.007
0.0,2.986,-2.981,3.0,-3.0,0.88,0.108,6.633,0.006,0.628,1300.191,15.313,0.635,17.987,0.051,0.312,0.019,0.68,0.014,-0.019
0.0,3.009,12.004,3.0,12.0,0.853,0.113,6.623,0.007,0.603,1408.478,14.56,0.604,17.441,0.086,0.244,0.01,0.648,-0.009,-0.004
0.0,3.991,-4.998,4.0,-5.0,0.87,0.107,6.631,0.006,0.632,1301.163,15.386,0.639,17.905,0.092,0.302,0.011,0.664,0.009,-0.002
0.0,3.987,13.005,4.0,13.0,0.845,0.115,6.624,0.007,0.595,1453.491,14.299,0.6,17.14,0.066,0.217,0.008,0.644,0.013,-0.005
0.0,3.985,7.015,4.0,7.0,0.87,0.109,6.629,0.006,0.631,1318.694,15.278,0.635,17.7,0.076,0.243,0.008,0.661,0.015,-0.015
0.0,5.007,-13.988,5.0,-14.0,0.851,0.106,6.627,0.006,0.635,1274.242,15.51,0.643,17.727,0.087,0.248,0.01,0.643,-0.007,-0.012
0.0,4.982,-0.982,5.0,-1.0,0.879,0.106,6.637,0.006,0.635,1246.815,15.579,0.643,18.312,0.113,0.4,0.02,0.687,0.018,-0.018
0.0,4.976,7.009,5.0,7.0,0.864,0.106,6.63,0.006,0.63,1263.678,15.448,0.631,17.725,0.08,0.244,0.007,0.662,0.024,-0.009
0.0,5.989,0.004,6.0,0.0,0.883,0.107,6.637,0.006,0.632,1271.749,15.465,0.639,18.504,0.177,0.433,0.022,0.69,0.011,-0.004
0.0,6.0,-10.969,6.0,-11.0,0.852,0.108,6.629,0.006,0.63,1299.811,15.334,0.635,17.647,0.089,0.235,0.008,0.65,0.0,-0.031
0.0,5.977,7.009,6.0,7.0,0.861,0.108,6.631,0.006,0.624,1309.371,15.209,0.627,17.615,0.09,0.247,0.007,0.66,0.023,-0.009
0.0,7.007,0.011,7.0,0.0,0.89,0.106,6.639,0.006,0.623,1250.005,15.398,0.627,18.432,0.178,0.412,0.02,0.688,-0.007,-0.011
0.0,6.984,-11.995,7.0,-12.0,0.849,0.107,6.63,0.006,0.635,1270.009,15.501,0.643,17.587,0.073,0.225,0.008,0.65,0.016,-0.005
0.0,7.011,-12.985,7.0,-13.0,0.847,0.109,6.629,0.006,0.631,1325.07,15.269,0.639,17.498,0.07,0.216,0.008,0.648,-0.011,-0.015
0.0,6.997,-5.993,7.0,-6.0,0.872,0.106,6.633,0.006,0.632,1270.127,15.487,0.639,17.721,0.102,0.259,0.008,0.659,0.003,-0.007
0.0,7.004,-8.98,7.0,-9.0,0.865,0.107,6.633,0.006,0.631,1271.894,15.435,0.635,17.58,0.079,0.222,0.007,0.655,-0.004,-0.02
0.0,6.994,2.003,7.0,2.0,0.883,0.106,6.637,0.006,0.632,1271.445,15.471,0.639,18.035,0.111,0.349,0.013,0.678,0.006,-0.003
0.0,6.992,8.99,7.0,9.0,0.859,0.113,6.63,0.007,0.613,1413.802,14.718,0.616,17.266,0.075,0.209,0.007,0.656,0.008,0.01
0.0,8.003,-13.006,8.0,-13.0,0.85,0.107,6.631,0.006,0.631,1270.926,15.44,0.635,17.582,0.082,0.223,0.008,0.651,-0.003,0.006
0.0,7.999,-3.988,8.0,-4.0,0.868,0.107,6.638,0.006,0.625,1292.49,15.287,0.631,17.745,0.107,0.29,0.009,0.67,0.001,-0.012
0.0,7.993,2.985,8.0,3.0,0.872,0.107,6.638,0.006,0.63,1278.022,15.41,0.631,17.755,0.09,0.295,0.011,0.679,0.007,0.015
0.0,8.996,-9.99,9.0,-10.0,0.851,0.106,6.632,0.006,0.642,1252.059,15.661,0.647,17.608,0.125,0.25,0.009,0.658,0.004,-0.01
0.0,8.998,-13.977,9.0,-14.0,0.855,0.107,6.63,0.006,0.637,1282.356,15.495,0.643,17.561,0.105,0.239,0.009,0.648,0.002,-0.023
0.0,8.991,-1.99,9.0,-2.0,0.871,0.106,6.641,0.006,0.642,1264.911,15.611,0.647,17.723,0.092,0.299,0.012,0.681,0.009,-0.01
0.0,8.986,-4.011,9.0,-4.0,0.864,0.107,6.639,0.006,0.64,1274.698,15.569,0.647,17.716,0.118,0.292,0.01,0.673,0.014,0.011
0.0,8.977,13.005,9.0,13.0,0.845,0.112,6.628,0.006,0.626,1396.785,14.91,0.631,17.307,0.102,0.222,0.008,0.651,0.023,-0.005
0.0,8.978,3.983,9.0,4.0,0.863,0.107,6.638,0.006,0.64,1265.755,15.578,0.643,17.628,0.098,0.271,0.01,0.673,0.022,0.017
0.0,8.986,6.001,9.0,6.0,0.859,0.109,6.634,0.006,0.632,1315.748,15.308,0.635,17.589,0.123,0.266,0.01,0.667,0.014,-0.001
0.0,8.989,7.994,9.0,8.0,0.864,0.105,6.633,0.006,0.628,1225.498,15.541,0.631,17.622,0.103,0.243,0.008,0.661,0.011,0.006
0.0,0.0,0.0,0.0,0.0,1.0,0.124,6.899,0.009,0.645,3314.771,14.353,0.655,100.0,1.0,1.0,1.0,1.0,0.0,0.0
0.0,0.006,-4.0,0.0,-4.0,0.977,0.124,6.896,0.01,0.643,3381.715,14.262,0.651,16.616,0.115,0.383,0.022,0.718,-0.006,-0.0
0.0,-0.001,-4.996,0.0,-5.0,0.974,0.124,6.896,0.01,0.643,3376.52,14.269,0.651,16.538,0.111,0.359,0.016,0.708,0.001,-0.004
0.0,-0.006,-7.006,0.0,-7.0,0.97,0.123,6.895,0.009,0.648,3296.93,14.444,0.659,16.473,0.104,0.328,0.011,0.7,0.006,0.006
0.0,-0.006,-8.999,0.0,-9.0,0.965,0.124,6.893,0.009,0.645,3359.018,14.349,0.659,16.336,0.094,0.295,0.01,0.693,0.006,-0.001
0.0,0.006,10.988,0.0,11.0,0.953,0.125,6.904,0.01,0.642,3337.547,14.198,0.651,16.246,0.094,0.283,0.009,0.689,-0.006,0.012
0.0,-0.002,0.99,0.0,1.0,0.984,0.123,6.899,0.009,0.647,3286.114,14.401,0.659,19.662,0.522,0.848,0.147,0.826,0.002,0.01
0.0,-10.001,-14.008,-10.0,-14.0,0.931,0.123,6.882,0.009,0.646,3309.081,14.418,0.659,15.986,0.074,0.187,0.005,0.679,0.001,0.008
0.0,-9.996,4.991,-10.0,5.0,0.961,0.126,6.894,0.01,0.645,3409.504,14.157,0.655,15.942,0.065,0.209,0.006,0.674,-0.004,0.009
0.0,-11.0,-11.003,-11.0,-11.0,0.937,0.123,6.882,0.009,0.646,3319.193,14.422,0.659,15.958,0.073,0.18,0.005,0.678,-0.0,0.003
0.0,-11.005,-12.998,-11.0,-13.0,0.934,0.123,6.882,0.009,0.645,3353.875,14.367,0.659,15.936,0.075,0.183,0.005,0.677,0.005,-0.002
0.0,-10.99,9.982,-11.0,10.0,0.944,0.124,6.895,0.009,0.642,3293.192,14.263,0.651,15.88,0.067,0.171,0.005,0.668,-0.01,0.018
0.0,-10.999,2.993,-11.0,3.0,0.961,0.124,6.891,0.009,0.643,3315.778,14.294,0.651,16.002,0.075,0.207,0.006,0.675,-0.001,0.007
0.0,-10.991,8.987,-11.0,9.0,0.946,0.124,6.895,0.009,0.642,3299.349,14.264,0.651,15.916,0.069,0.181,0.005,0.669,-0.009,0.013
0.0,-12.0,-0.006,-12.0,0.0,0.964,0.123,6.888,0.009,0.645,3289.272,14.371,0.655,16.034,0.085,0.206,0.006,0.676,-0.0,0.006
0.0,-12.0,-13.006,-12.0,-13.0,0.933,0.124,6.88,0.009,0.643,3375.971,14.318,0.655,15.881,0.073,0.175,0.005,0.677,-0.0,0.006
0.0,-11.995,-4.006,-12.0,-4.0,0.958,0.124,6.886,0.009,0.644,3326.707,14.333,0.659,15.944,0.078,0.191,0.006,0.679,-0.005,0.006
0.0,-12.003,-7.006,-12.0,-7.0,0.95,0.124,6.884,0.009,0.643,3362.417,14.293,0.655,15.941,0.078,0.193,0.005,0.677,0.003,0.006
0.0,-11.993,9.978,-12.0,10.0,0.941,0.124,6.894,0.009,0.644,3259.021,14.328,0.655,15.885,0.068,0.166,0.005,0.666,-0.007,0.022
0.0,-11.991,3.987,-12.0,4.0,0.958,0.124,6.891,0.009,0.643,3301.762,14.297,0.651,15.981,0.078,0.194,0.006,0.673,-0.009,0.013
0.0,-13.011,-11.002,-13.0,-11.0,0.936,0.125,6.88,0.01,0.64,3435.385,14.21,0.651,15.811,0.071,0.163,0.005,0.676,0.011,0.002
0.0,-13.006,-3.006,-13.0,-3.0,0.956,0.125,6.886,0.01,0.639,3414.987,14.162,0.651,15.857,0.076,0.185,0.006,0.676,0.006,0.006
0.0,-12.994,9.985,-13.0,10.0,0.94,0.124,6.893,0.009,0.647,3278.621,14.333,0.659,15.836,0.064,0.158,0.005,0.665,-0.006,0.015
0.0,-13.002,4.988,-13.0,5.0,0.953,0.126,6.891,0.01,0.638,3394.584,14.121,0.647,15.866,0.077,0.183,0.005,0.668,0.002,0.012
0.0,-13.997,-0.009,-14.0,0.0,0.959,0.125,6.886,0.01,0.641,3341.705,14.217,0.651,15.884,0.078,0.183,0.005,0.672,-0.003,0.009
0.0,-13.995,12.991,-14.0,13.0,0.931,0.124,6.893,0.009,0.643,3266.692,14.277,0.651,15.765,0.062,0.148,0.004,0.661,-0.005,0.009
0.0,-1.004,-0.009,-1.0,0.0,0.983,0.124,6.898,0.009,0.645,3310.557,14.355,0.655,21.191,0.649,0.884,0.18,0.849,0.004,0.009
0.0,-0.999,-12.999,-1.0,-13.0,0.949,0.125,6.89,0.01,0.642,3417.786,14.251,0.655,16.196,0.087,0.269,0.009,0.689,-0.001,-0.001
0.0,-0.993,2.993,-1.0,3.0,0.977,0.125,6.9,0.01,0.641,3385.027,14.172,0.651,16.533,0.087,0.415,0.03,0.729,-0.007,0.007
0.0,-1.006,5.992,-1.0,6.0,0.971,0.126,6.903,0.01,0.643,3394.964,14.152,0.655,16.395,0.09,0.335,0.012,0.7,0.006,0.008
0.0,-0.996,8.98,-1.0,9.0,0.962,0.124,6.905,0.009,0.645,3294.585,14.306,0.655,16.336,0.084,0.285,0.009,0.691,-0.004,0.02
0.0,-2.002,-2.0,-2.0,-2.0,0.98,0.124,6.895,0.009,0.643,3328.801,14.262,0.651,15.926,-0.054,0.0,0.026,0.744,0.002,-0.0
0.0,-1.994,12.988,-2.0,13.0,0.95,0.127,6.903,0.01,0.644,3434.488,14.084,0.655,16.057,0.072,0.239,0.007,0.683,-0.006,0.012
0.0,-3.003,-11.992,-3.0,-12.0,0.949,0.124,6.889,0.01,0.644,3388.079,14.313,0.659,16.215,0.081,0.26,0.008,0.691,0.003,-0.008
0.0,-3.004,-14.006,-3.0,-14.0,0.945,0.124,6.888,0.01,0.644,3383.192,14.324,0.659,16.187,0.08,0.247,0.008,0.688,0.004,0.006
0.0,-3.002,-3.996,-3.0,-4.0,0.972,0.124,6.895,0.01,0.643,3370.34,14.27,0.651,16.195,0.048,0.243,0.01,0.705,0.002,-0.004
0.0,-2.999,1.988,-3.0,2.0,0.977,0.125,6.898,0.01,0.642,3344.958,14.244,0.651,16.439,0.056,0.378,0.023,0.715,-0.001,0.012
0.0,-3.992,12.984,-4.0,13.0,0.946,0.126,6.903,0.01,0.639,3384.983,14.094,0.651,16.049,0.07,0.217,0.006,0.68,-0.008,0.016
0.0,-4.002,0.992,-4.0,1.0,0.978,0.125,6.896,0.01,0.641,3380.337,14.195,0.651,16.552,0.095,0.384,0.018,0.709,0.002,0.008
0.0,-3.992,3.989,-4.0,4.0,0.973,0.125,6.899,0.009,0.642,3333.381,14.241,0.651,16.37,0.073,0.304,0.011,0.694,-0.008,0.011
0.0,-4.001,5.99,-4.0,6.0,0.967,0.125,6.9,0.009,0.642,3331.622,14.228,0.651,16.272,0.069,0.281,0.008,0.689,0.001,0.01
0.0,-5.01,-11.0,-5.0,-11.0,0.95,0.125,6.888,0.01,0.64,3464.892,14.155,0.651,16.08,0.073,0.236,0.007,0.689,0.01,-0.0
0.0,-5.001,5.996,-5.0,6.0,0.964,0.126,6.899,0.01,0.639,3380.302,14.121,0.651,16.208,0.074,0.273,0.008,0.685,0.001,0.004
0.0,-4.993,8.988,-5.0,9.0,0.958,0.125,6.9,0.01,0.64,3353.26,14.162,0.651,16.127,0.076,0.245,0.007,0.682,-0.007,0.012
0.0,-5.995,-0.007,-6.0,0.0,0.977,0.125,6.894,0.01,0.64,3376.07,14.16,0.651,16.339,0.095,0.31,0.009,0.693,-0.005,0.007
0.0,-6.006,-10.001,-6.0,-10.0,0.953,0.124,6.886,0.009,0.644,3323.634,14.33,0.659,16.093,0.07,0.232,0.006,0.686,0.006,0.001
0.0,-6.007,-3.001,-6.0,-3.0,0.972,0.124,6.892,0.009,0.643,3326.469,14.288,0.651,16.155,0.065,0.235,0.006,0.692,0.007,0.001
0.0,-5.982,10.991,-6.0,11.0,0.952,0.124,6.9,0.009,0.643,3258.16,14.283,0.655,16.079,0.071,0.218,0.006,0.676,-0.018,0.009
0.0,-6.997,-1.002,-7.0,-1.0,0.974,0.125,6.893,0.01,0.642,3368.017,14.223,0.651,16.245,0.086,0.273,0.007,0.689,-0.003,0.002
0.0,-7.002,-2.01,-7.0,-2.0,0.972,0.125,6.892,0.01,0.64,3383.783,14.173,0.651,16.168,0.077,0.252,0.006,0.69,0.002,0.01
0.0,-7.0,2.989,-7.0,3.0,0.971,0.124,6.896,0.009,0.644,3303.093,14.317,0.655,16.226,0.074,0.264,0.008,0.685,-0.0,0.011
0.0,-8.007,-9.996,-8.0,-10.0,0.948,0.124,6.886,0.009,0.644,3350.943,14.334,0.659,16.038,0.07,0.205,0.005,0.682,0.007,-0.004
0.0,-8.003,-12.996,-8.0,-13.0,0.938,0.124,6.885,0.009,0.644,3360.96,14.344,0.659,16.039,0.076,0.209,0.006,0.683,0.003,-0.004
0.0,-8.003,-1.005,-8.0,-1.0,0.972,0.124,6.892,0.009,0.645,3308.21,14.344,0.655,16.22,0.085,0.254,0.007,0.685,0.003,0.005
0.0,-8.001,-3.008,-8.0,-3.0,0.967,0.125,6.891,0.01,0.642,3369.515,14.237,0.651,16.088,0.071,0.221,0.006,0.684,0.001,0.008
0.0,-8.003,-8.0,-8.0,-8.0,0.97,0.123,6.888,0.009,0.647,3306.692,14.432,0.659,16.096,0.074,0.213,0.005,0.683,0.003,-0.0
0.0,-7.988,3.99,-8.0,4.0,0.966,0.124,6.895,0.009,0.643,3326.279,14.261,0.651,16.133,0.068,0.232,0.006,0.681,-0.012,0.01
0.0,-7.997,4.986,-8.0,5.0,0.963,0.125,6.897,0.01,0.641,3350.332,14.195,0.651,16.126,0.073,0.232,0.006,0.679,-0.003,0.014
0.0,-7.995,7.991,-8.0,8.0,0.971,0.124,6.898,0.009,0.645,3265.405,14.351,0.655,16.085,0.07,0.214,0.005,0.675,-0.005,0.009
0.0,-9.008,-9.996,-9.0,-10.0,0.947,0.125,6.885,0.01,0.645,3398.411,14.285,0.659,15.965,0.066,0.193,0.005,0.681,0.008,-0.004
0.0,-9.003,-14.001,-9.0,-14.0,0.935,0.123,6.884,0.009,0.644,3360.705,14.353,0.659,16.006,0.075,0.197,0.006,0.68,0.003,0.001
0.0,-9.0,-6.004,-9.0,-6.0,0.958,0.124,6.888,0.009,0.644,3337.01,14.32,0.659,16.016,0.069,0.204,0.005,0.682,-0.0,0.004
0.0,-8.984,10.988,-9.0,11.0,0.946,0.125,6.898,0.01,0.641,3336.649,14.186,0.651,15.884,0.063,0.183,0.005,0.669,-0.016,0.012
0.0,-8.998,1.991,-9.0,2.0,0.967,0.124,6.893,0.009,0.643,3318.66,14.279,0.651,16.094,0.071,0.231,0.006,0.68,-0.002,0.009
0.0,9.991,-2.001,10.0,-2.0,0.966,0.125,6.899,0.01,0.643,3329.591,14.241,0.651,15.993,0.066,0.212,0.006,0.678,0.009,0.001
0.0,9.99,-2.994,10.0,-3.0,0.967,0.125,6.899,0.01,0.643,3351.674,14.241,0.651,16.002,0.073,0.215,0.006,0.678,0.01,-0.006
0.0,9.998,3.996,10.0,4.0,0.96,0.125,6.905,0.01,0.642,3334.411,14.203,0.651,15.953,0.062,0.192,0.005,0.679,0.002,0.004
0.0,10.992,-1.989,11.0,-2.0,0.965,0.126,6.901,0.01,0.64,3419.563,14.119,0.651,15.889,0.063,0.198,0.005,0.677,0.008,-0.011
0.0,10.996,-6.995,11.0,-7.0,0.956,0.125,6.898,0.01,0.642,3411.603,14.197,0.655,15.934,0.076,0.197,0.005,0.67,0.004,-0.005
0.0,10.993,-7.995,11.0,-8.0,0.954,0.124,6.897,0.01,0.645,3354.578,14.319,0.659,15.956,0.073,0.19,0.005,0.67,0.007,-0.005
0.0,10.996,11.991,11.0,12.0,0.934,0.127,6.908,0.01,0.638,3398.201,14.057,0.651,15.823,0.072,0.18,0.005,0.675,0.004,0.009
0.0,10.991,1.996,11.0,2.0,0.965,0.125,6.903,0.01,0.646,3349.221,14.264,0.659,16.011,0.077,0.203,0.006,0.678,0.009,0.004
0.0,10.997,6.992,11.0,7.0,0.948,0.125,6.907,0.01,0.642,3356.479,14.181,0.651,15.943,0.079,0.202,0.005,0.677,0.003,0.008
0.0,10.995,7.991,11.0,8.0,0.947,0.125,6.908,0.009,0.643,3322.375,14.232,0.655,15.93,0.069,0.194,0.005,0.677,0.005,0.009
0.0,11.998,7.992,12.0,8.0,0.946,0.125,6.908,0.009,0.643,3322.248,14.228,0.655,15.887,0.071,0.188,0.005,0.676,0.002,0.008
0.0,12.994,0.001,13.0,0.0,0.96,0.125,6.903,0.01,0.642,3365.69,14.216,0.651,15.926,0.084,0.198,0.005,0.675,0.006,-0.001
0.0,12.998,-10.996,13.0,-11.0,0.944,0.124,6.896,0.009,0.645,3359.867,14.333,0.659,15.805,0.062,0.161,0.004,0.667,0.002,-0.004
0.0,12.99,-12.995,13.0,-13.0,0.941,0.124,6.895,0.01,0.644,3391.519,14.281,0.659,15.777,0.066,0.162,0.004,0.666,0.01,-0.005
0.0,12.996,-7.997,13.0,-8.0,0.949,0.125,6.898,0.01,0.643,3384.498,14.259,0.659,15.876,0.072,0.179,0.005,0.668,0.004,-0.003
0.0,12.994,10.993,13.0,11.0,0.935,0.126,6.91,0.01,0.641,3347.052,14.166,0.651,15.802,0.073,0.173,0.005,0.674,0.006,0.007
0.0,12.999,12.988,13.0,13.0,0.927,0.125,6.909,0.009,0.643,3315.817,14.22,0.655,15.798,0.07,0.174,0.005,0.672,0.001,0.012
0.0,12.993,6.992,13.0,7.0,0.945,0.126,6.908,0.01,0.64,3377.626,14.116,0.651,15.792,0.07,0.181,0.005,0.674,0.007,0.008
0.0,1.008,12.985,1.0,13.0,0.947,0.125,6.906,0.009,0.643,3316.152,14.247,0.655,16.212,0.088,0.27,0.009,0.687,-0.008,0.015
0.0,1.001,0.997,1.0,1.0,0.982,0.122,6.9,0.009,0.651,3210.67,14.559,0.663,17.928,0.279,0.715,0.083,0.783,-0.001,0.003
0.0,1.005,1.994,1.0,2.0,0.981,0.123,6.9,0.009,0.647,3262.818,14.397,0.659,16.369,0.027,0.423,0.042,0.763,-0.005,0.006
0.0,2.002,-3.997,2.0,-4.0,0.972,0.125,6.897,0.01,0.643,3354.78,14.257,0.651,16.43,0.071,0.345,0.017,0.706,-0.002,-0.003
0.0,1.999,9.989,2.0,10.0,0.96,0.126,6.902,0.01,0.638,3278.303,14.094,0.651,16.2,0.087,0.278,0.009,0.691,0.001,0.011
0.0,2.002,3.993,2.0,4.0,0.973,0.125,6.902,0.01,0.642,3334.401,14.217,0.651,16.345,0.068,0.296,0.013,0.708,-0.002,0.007
0.0,2.997,-5.0,3.0,-5.0,0.972,0.125,6.898,0.01,0.643,3380.881,14.256,0.651,16.342,0.066,0.304,0.011,0.696,0.003,-0.0
0.0,2.995,-6.998,3.0,-7.0,0.967,0.125,6.896,0.01,0.642,3420.472,14.206,0.651,16.249,0.072,0.286,0.008,0.692,0.005,-0.002
0.0,3.001,8.988,3.0,9.0,0.956,0.126,6.907,0.01,0.64,3385.934,14.122,0.651,16.193,0.08,0.271,0.009,0.693,-0.001,0.012
0.0,3.998,-11.997,4.0,-12.0,0.953,0.124,6.893,0.01,0.644,3404.105,14.291,0.659,16.142,0.074,0.223,0.006,0.682,0.002,-0.003
0.0,3.993,-6.007,4.0,-6.0,0.967,0.124,6.897,0.009,0.645,3353.734,14.319,0.659,16.275,0.068,0.281,0.008,0.69,0.007,0.007
0.0,3.993,-7.996,4.0,-8.0,0.964,0.124,6.896,0.009,0.645,3368.663,14.327,0.659,16.25,0.081,0.265,0.007,0.688,0.007,-0.004
0.0,4.005,10.983,4.0,11.0,0.946,0.126,6.907,0.01,0.64,3385.692,14.12,0.651,16.12,0.077,0.245,0.008,0.689,-0.005,0.017
0.0,4.008,11.989,4.0,12.0,0.943,0.125,6.908,0.01,0.641,3354.178,14.178,0.651,16.13,0.078,0.246,0.008,0.687,-0.008,0.011
0.0,4.99,-4.996,5.0,-5.0,0.969,0.125,6.899,0.01,0.643,3394.442,14.251,0.651,16.282,0.076,0.28,0.008,0.688,0.01,-0.004
0.0,4.993,-6.003,5.0,-6.0,0.966,0.125,6.898,0.01,0.643,3388.161,14.261,0.651,16.233,0.073,0.27,0.008,0.686,0.007,0.003
0.0,4.998,3.998,5.0,4.0,0.967,0.125,6.905,0.01,0.642,3372.416,14.203,0.651,16.075,0.053,0.217,0.006,0.695,0.002,0.002
0.0,4.999,5.994,5.0,6.0,0.963,0.124,6.907,0.009,0.645,3308.844,14.298,0.655,16.147,0.068,0.238,0.006,0.692,0.001,0.006
0.0,4.995,6.991,5.0,7.0,0.959,0.126,6.907,0.01,0.64,3391.502,14.127,0.651,16.121,0.074,0.244,0.006,0.69,0.005,0.009
0.0,5.991,-9.994,6.0,-10.0,0.954,0.124,6.894,0.01,0.644,3363.972,14.282,0.659,16.049,0.068,0.219,0.006,0.679,0.009,-0.006
0.0,5.999,-1.005,6.0,-1.0,0.974,0.124,6.901,0.009,0.644,3340.204,14.287,0.655,16.328,0.082,0.3,0.009,0.692,0.001,0.005
0.0,6.001,9.984,6.0,10.0,0.945,0.125,6.907,0.009,0.643,3303.922,14.231,0.655,16.064,0.068,0.225,0.006,0.685,-0.001,0.016
0.0,6.995,-10.993,7.0,-11.0,0.951,0.125,6.895,0.01,0.641,3458.8,14.17,0.655,15.965,0.068,0.201,0.005,0.675,0.005,-0.007
0.0,6.99,-1.997,7.0,-2.0,0.972,0.126,6.901,0.01,0.644,3424.61,14.176,0.655,16.151,0.072,0.261,0.008,0.686,0.01,-0.003
0.0,6.99,-4.001,7.0,-4.0,0.97,0.125,6.9,0.01,0.641,3414.424,14.181,0.651,16.156,0.071,0.245,0.007,0.685,0.01,0.001
0.0,6.989,-8.004,7.0,-8.0,0.96,0.123,6.897,0.009,0.646,3345.304,14.376,0.659,16.137,0.073,0.227,0.006,0.678,0.011,0.004
0.0,6.992,3.99,7.0,4.0,0.967,0.126,6.905,0.01,0.64,3394.529,14.139,0.651,16.042,0.068,0.218,0.005,0.686,0.008,0.01
0.0,6.992,6.989,7.0,7.0,0.954,0.125,6.908,0.01,0.642,3372.522,14.179,0.651,16.056,0.076,0.222,0.005,0.686,0.008,0.011
0.0,7.994,-0.998,8.0,-1.0,0.971,0.124,6.901,0.009,0.644,3348.351,14.284,0.655,16.157,0.074,0.25,0.007,0.684,0.006,-0.002
0.0,7.992,-7.001,8.0,-7.0,0.96,0.123,6.898,0.009,0.648,3307.105,14.422,0.659,16.125,0.072,0.222,0.005,0.677,0.008,0.001
0.0,7.991,-8.996,8.0,-9.0,0.956,0.124,6.896,0.01,0.645,3367.572,14.327,0.659,16.003,0.065,0.205,0.005,0.674,0.009,-0.004
0.0,7.999,1.99,8.0,2.0,0.97,0.125,6.904,0.01,0.642,3363.371,14.208,0.651,16.126,0.077,0.233,0.006,0.685,0.001,0.01
0.0,8.991,0.005,9.0,0.0,0.968,0.125,6.902,0.01,0.642,3369.136,14.22,0.651,16.085,0.077,0.234,0.006,0.682,0.009,-0.005
0.0,8.997,-13.997,9.0,-14.0,0.94,0.123,6.893,0.009,0.648,3301.642,14.459,0.663,15.962,0.067,0.184,0.005,0.673,0.003,-0.003
0.0,8.993,-2.002,9.0,-2.0,0.969,0.126,6.901,0.01,0.64,3416.324,14.12,0.651,16.015,0.069,0.226,0.006,0.68,0.007,0.002
0.0,8.995,-8.993,9.0,-9.0,0.953,0.125,6.896,0.01,0.642,3421.023,14.212,0.655,15.908,0.062,0.19,0.005,0.672,0.005,-0.007
0.0,9.003,9.992,9.0,10.0,0.944,0.124,6.909,0.009,0.646,3253.504,14.338,0.659,15.999,0.067,0.193,0.005,0.68,-0.003,0.008
0.0,9.0,11.994,9.0,12.0,0.937,0.124,6.909,0.009,0.644,3296.573,14.279,0.655,15.952,0.069,0.197,0.005,0.677,0.0,0.006
0.0,8.994,7.997,9.0,8.0,0.949,0.125,6.908,0.01,0.641,3356.788,14.176,0.651,15.976,0.069,0.202,0.005,0.68,0.006,0.003
0.0,0.0,0.0,0.0,0.0,1.0,0.088,6.378,0.005,0.621,1288.804,16.994,0.631,100.0,1.0,1.0,1.0,1.0,0.0,0.0
0.0,0.005,-3.986,0.0,-4.0,0.948,0.09,6.388,0.005,0.627,1338.13,16.85,0.639,18.469,0.035,0.189,0.008,0.683,-0.005,-0.014
0.0,-0.012,-4.978,0.0,-5.0,0.941,0.09,6.39,0.005,0.623,1331.953,16.776,0.635,18.363,0.033,0.14,0.005,0.674,0.012,-0.022
0.0,0.002,-5.984,0.0,-6.0,0.935,0.089,6.394,0.005,0.617,1295.358,16.81,0.627,18.361,0.046,0.122,0.004,0.672,-0.002,-0.016
0.0,-0.01,11.011,0.0,11.0,0.928,0.091,6.379,0.005,0.632,1436.508,16.795,0.643,18.344,0.138,0.261,0.01,0.669,0.01,-0.011
0.0,0.006,12.006,0.0,12.0,0.93,0.092,6.381,0.005,0.643,1464.631,16.897,0.655,18.091,0.115,0.253,0.01,0.668,-0.006,-0.006
0.0,0.006,0.995,0.0,1.0,0.955,0.089,6.377,0.005,0.636,1329.445,17.061,0.647,22.409,0.578,0.849,0.152,0.809,-0.006,0.005
0.0,-0.002,2.007,0.0,2.0,0.944,0.089,6.377,0.005,0.625,1319.578,16.958,0.635,19.188,0.115,0.532,0.04,0.743,0.002,-0.007
0.0,-0.001,4.997,0.0,5.0,0.943,0.089,6.377,0.005,0.607,1341.907,16.68,0.62,18.341,0.034,0.134,0.005,0.674,0.001,0.003
0.0,-0.006,6.001,0.0,6.0,0.942,0.09,6.377,0.005,0.626,1390.582,16.8,0.635,18.263,0.045,0.111,0.004,0.67,0.006,-0.001
0.0,-0.008,7.0,0.0,7.0,0.939,0.093,6.376,0.005,0.632,1477.189,16.633,0.643,18.03,0.048,0.114,0.003,0.667,0.008,0.0
0.0,-9.983,-11.989,-10.0,-12.0,0.886,0.091,6.424,0.005,0.608,1308.989,16.469,0.62,18.026,0.093,0.198,0.007,0.655,-0.017,-0.011
0.0,-9.996,-0.99,-10.0,-1.0,0.911,0.09,6.384,0.005,0.626,1355.171,16.838,0.639,18.798,0.105,0.317,0.017,0.681,-0.004,-0.01
0.0,-9.985,-3.987,-10.0,-4.0,0.909,0.09,6.392,0.005,0.618,1346.27,16.712,0.631,18.287,0.058,0.174,0.005,0.662,-0.015,-0.013
0.0,-9.994,-8.985,-10.0,-9.0,0.893,0.09,6.414,0.005,0.61,1294.574,16.615,0.624,18.462,0.153,0.287,0.011,0.665,-0.006,-0.015
0.0,-9.982,3.0,-10.0,3.0,0.909,0.089,6.38,0.005,0.629,1336.817,17.006,0.639,19.555,0.236,0.472,0.033,0.698,-0.018,0.0
0.0,-9.994,7.001,-10.0,7.0,0.902,0.094,6.379,0.006,0.637,1516.836,16.62,0.651,18.066,0.055,0.164,0.005,0.667,-0.006,-0.001
0.0,-9.999,8.999,-10.0,9.0,0.901,0.092,6.38,0.005,0.626,1472.421,16.619,0.639,18.182,0.079,0.156,0.006,0.665,-0.001,0.001
0.0,-10.98,0.012,-11.0,0.0,0.905,0.091,6.383,0.005,0.622,1381.404,16.726,0.635,18.901,0.126,0.361,0.023,0.688,-0.02,-0.012
0.0,-10.998,-3.995,-11.0,-4.0,0.902,0.091,6.393,0.005,0.624,1370.523,16.705,0.635,18.228,0.058,0.172,0.005,0.661,-0.002,-0.005
0.0,-10.985,-4.988,-11.0,-5.0,0.9,0.091,6.395,0.005,0.627,1347.316,16.8,0.639,18.19,0.06,0.167,0.005,0.659,-0.015,-0.012
0.0,-10.982,3.004,-11.0,3.0,0.907,0.089,6.38,0.005,0.627,1348.026,16.94,0.639,19.575,0.243,0.473,0.035,0.699,-0.018,-0.004
0.0,-10.98,8.006,-11.0,8.0,0.894,0.093,6.38,0.005,0.635,1471.118,16.731,0.647,18.164,0.069,0.159,0.005,0.665,-0.02,-0.006
0.0,-11.988,-0.002,-12.0,0.0,0.899,0.089,6.384,0.005,0.626,1325.223,16.959,0.639,18.902,0.117,0.345,0.022,0.686,-0.012,0.002
0.0,-11.994,10.988,-12.0,11.0,0.889,0.092,6.381,0.005,0.626,1459.985,16.663,0.635,18.035,0.068,0.136,0.005,0.659,-0.006,0.012
0.0,-11.994,2.005,-12.0,2.0,0.899,0.091,6.38,0.005,0.621,1387.35,16.697,0.631,19.263,0.2,0.445,0.026,0.692,-0.006,-0.005
0.0,-13.005,-9.989,-13.0,-10.0,0.877,0.089,6.418,0.005,0.615,1267.426,16.749,0.627,18.38,0.131,0.265,0.012,0.664,0.005,-0.011
0.0,-12.983,-11.98,-13.0,-12.0,0.868,0.091,6.425,0.005,0.61,1303.398,16.516,0.624,18.0,0.086,0.182,0.006,0.652,-0.017,-0.02
0.0,-13.0,12.989,-13.0,13.0,0.88,0.093,6.382,0.005,0.64,1505.546,16.773,0.651,18.02,0.103,0.178,0.007,0.659,-0.0,0.011
0.0,-12.979,2.001,-13.0,2.0,0.898,0.091,6.381,0.005,0.625,1390.002,16.751,0.635,19.126,0.179,0.421,0.022,0.688,-0.021,-0.001
0.0,-13.997,-9.986,-14.0,-10.0,0.873,0.09,6.418,0.005,0.613,1279.027,16.679,0.624,18.325,0.128,0.255,0.012,0.663,-0.003,-0.014
0.0,-13.997,-0.995,-14.0,-1.0,0.891,0.089,6.384,0.005,0.628,1334.269,16.936,0.639,18.686,0.102,0.275,0.014,0.673,-0.003,-0.005
0.0,-13.996,-5.993,-14.0,-6.0,0.902,0.089,6.394,0.005,0.612,1261.978,16.736,0.624,18.333,0.101,0.206,0.007,0.66,-0.004,-0.007
0.0,-13.991,5.999,-14.0,6.0,0.886,0.09,6.381,0.005,0.622,1369.339,16.829,0.635,18.571,0.083,0.275,0.01,0.674,-0.009,0.001
0.0,-0.989,-4.986,-1.0,-5.0,0.938,0.09,6.391,0.005,0.627,1333.712,16.83,0.639,18.34,0.035,0.136,0.005,0.671,-0.011,-0.014
0.0,-0.977,-8.977,-1.0,-9.0,0.928,0.089,6.409,0.005,0.613,1262.764,16.752,0.624,18.472,0.129,0.235,0.008,0.671,-0.023,-0.023
0.0,-0.983,4.005,-1.0,4.0,0.947,0.088,6.377,0.005,0.618,1318.608,16.913,0.631,18.503,0.029,0.177,0.008,0.685,-0.017,-0.005
0.0,-0.988,4.996,-1.0,5.0,0.942,0.089,6.378,0.005,0.628,1339.384,16.969,0.639,18.373,0.031,0.127,0.005,0.676,-0.012,0.004
0.0,-0.977,7.015,-1.0,7.0,0.936,0.09,6.377,0.005,0.64,1382.665,17.034,0.651,18.12,0.051,0.122,0.003,0.67,-0.023,-0.015
0.0,-1.996,-0.99,-2.0,-1.0,0.943,0.09,6.38,0.005,0.626,1345.139,16.859,0.639,19.94,0.255,0.65,0.062,0.747,-0.004,-0.01
0.0,-1.996,-6.986,-2.0,-7.0,0.933,0.089,6.401,0.005,0.612,1272.553,16.772,0.624,18.247,0.057,0.146,0.003,0.666,-0.004,-0.014
0.0,-1.996,1.002,-2.0,1.0,0.947,0.09,6.378,0.005,0.62,1357.425,16.769,0.631,20.309,0.304,0.685,0.085,0.775,-0.004,-0.002
0.0,-1.983,2.002,-2.0,2.0,0.946,0.092,6.378,0.005,0.621,1416.147,16.601,0.631,18.858,0.081,0.463,0.034,0.725,-0.017,-0.002
0.0,-3.006,-10.987,-3.0,-11.0,0.911,0.09,6.418,0.005,0.612,1279.603,16.634,0.624,18.399,0.145,0.278,0.011,0.666,0.006,-0.013
0.0,-2.992,-11.993,-3.0,-12.0,0.909,0.091,6.422,0.005,0.609,1299.533,16.487,0.62,18.21,0.124,0.25,0.011,0.664,-0.008,-0.007
0.0,-3.007,-2.993,-3.0,-3.0,0.935,0.09,6.386,0.005,0.63,1348.136,16.867,0.643,18.411,0.025,0.217,0.009,0.681,0.007,-0.007
0.0,-3.986,-13.986,-4.0,-14.0,0.899,0.092,6.43,0.005,0.609,1304.339,16.416,0.62,17.93,0.083,0.182,0.006,0.654,-0.014,-0.014
0.0,-3.989,-6.998,-4.0,-7.0,0.924,0.09,6.402,0.005,0.608,1294.276,16.646,0.62,18.179,0.059,0.162,0.004,0.665,-0.011,-0.002
0.0,-3.989,-8.0,-4.0,-8.0,0.916,0.089,6.407,0.005,0.613,1267.239,16.777,0.624,18.367,0.102,0.215,0.005,0.666,-0.011,-0.0
0.0,-3.992,2.001,-4.0,2.0,0.934,0.091,6.378,0.005,0.621,1377.029,16.717,0.631,19.438,0.197,0.501,0.033,0.709,-0.008,-0.001
0.0,-3.988,2.994,-4.0,3.0,0.932,0.091,6.378,0.005,0.622,1404.194,16.666,0.635,18.737,0.086,0.36,0.015,0.691,-0.012,0.006
0.0,-3.972,4.0,-4.0,4.0,0.929,0.091,6.379,0.005,0.621,1393.582,16.725,0.631,18.471,0.043,0.235,0.007,0.681,-0.028,0.0
0.0,-3.977,7.0,-4.0,7.0,0.929,0.091,6.378,0.005,0.629,1404.801,16.803,0.639,18.191,0.049,0.128,0.003,0.668,-0.023,0.0
0.0,-4.981,-11.976,-5.0,-12.0,0.897,0.091,6.422,0.005,0.61,1291.157,16.537,0.624,18.21,0.118,0.24,0.009,0.662,-0.019,-0.024
0.0,-4.998,-4.996,-5.0,-5.0,0.924,0.09,6.393,0.005,0.627,1337.724,16.814,0.639,18.267,0.043,0.137,0.004,0.661,-0.002,-0.004
0.0,-4.978,-5.992,-5.0,-6.0,0.922,0.09,6.397,0.005,0.615,1306.478,16.739,0.627,18.263,0.053,0.142,0.004,0.663,-0.022,-0.008
0.0,-5.977,-10.991,-6.0,-11.0,0.898,0.091,6.42,0.005,0.609,1297.162,16.506,0.62,18.29,0.137,0.267,0.01,0.663,-0.023,-0.009
0.0,-5.974,-2.996,-6.0,-3.0,0.921,0.091,6.388,0.005,0.626,1367.737,16.737,0.639,18.348,0.042,0.197,0.006,0.671,-0.026,-0.004
0.0,-5.998,-4.992,-6.0,-5.0,0.923,0.09,6.394,0.005,0.631,1332.323,16.869,0.643,18.216,0.045,0.135,0.004,0.661,-0.002,-0.008
0.0,-5.99,7.989,-6.0,8.0,0.919,0.091,6.379,0.005,0.626,1395.593,16.797,0.635,18.294,0.079,0.162,0.004,0.668,-0.01,0.011
0.0,-6.992,0.001,-7.0,0.0,0.922,0.091,6.381,0.005,0.628,1393.24,16.742,0.639,19.27,0.189,0.463,0.032,0.699,-0.008,-0.001
0.0,-6.998,-1.0,-7.0,-1.0,0.923,0.091,6.383,0.005,0.627,1376.867,16.777,0.639,18.838,0.111,0.364,0.019,0.687,-0.002,-0.0
0.0,-7.001,5.996,-7.0,6.0,0.914,0.089,6.38,0.005,0.618,1362.032,16.785,0.627,18.362,0.051,0.174,0.004,0.675,0.001,0.004
0.0,-7.999,-0.002,-8.0,0.0,0.966,0.088,6.382,0.005,0.621,1299.791,16.969,0.631,19.293,0.167,0.433,0.029,0.696,-0.001,0.002
0.0,-7.992,-11.986,-8.0,-12.0,0.896,0.091,6.424,0.005,0.612,1291.254,16.586,0.624,18.11,0.096,0.211,0.008,0.656,-0.008,-0.014
0.0,-8.002,-1.992,-8.0,-2.0,0.92,0.09,6.386,0.005,0.617,1354.075,16.7,0.627,18.538,0.064,0.257,0.009,0.675,0.002,-0.008
0.0,-7.989,12.003,-8.0,12.0,0.904,0.092,6.382,0.005,0.643,1470.52,16.894,0.655,18.082,0.111,0.204,0.007,0.664,-0.011,-0.003
0.0,-7.992,8.992,-8.0,9.0,0.908,0.092,6.38,0.005,0.637,1455.509,16.795,0.647,18.14,0.086,0.169,0.006,0.666,-0.008,0.008
0.0,-8.988,-4.986,-9.0,-5.0,0.909,0.091,6.394,0.005,0.627,1345.135,16.808,0.639,18.206,0.057,0.161,0.005,0.66,-0.012,-0.014
0.0,-9.004,-7.0,-9.0,-7.0,0.904,0.088,6.403,0.005,0.616,1245.738,16.936,0.627,18.462,0.106,0.224,0.007,0.664,0.004,-0.0
0.0,10.0,3.01,10.0,3.0,0.914,0.089,6.369,0.005,0.618,1316.436,16.839,0.627,18.429,0.063,0.197,0.005,0.665,0.0,-0.01
0.0,10.004,7.011,10.0,7.0,0.903,0.092,6.37,0.005,0.641,1413.25,16.907,0.651,18.134,0.105,0.218,0.007,0.664,-0.004,-0.011
0.0,11.002,-1.978,11.0,-2.0,0.906,0.089,6.373,0.005,0.633,1293.46,17.066,0.643,19.46,0.224,0.469,0.03,0.698,-0.002,-0.022
0.0,12.011,0.009,12.0,0.0,0.906,0.088,6.368,0.005,0.627,1283.0,17.056,0.639,18.936,0.119,0.348,0.022,0.686,-0.011,-0.009
0.0,12.006,-13.982,12.0,-14.0,0.872,0.091,6.417,0.005,0.609,1274.765,16.486,0.62,18.188,0.126,0.214,0.008,0.658,-0.006,-0.018
0.0,12.01,13.01,12.0,13.0,0.888,0.091,6.377,0.005,0.634,1431.441,16.863,0.643,17.936,0.074,0.163,0.005,0.654,-0.01,-0.01
0.0,12.011,8.002,12.0,8.0,0.896,0.09,6.371,0.005,0.639,1373.832,17.02,0.651,18.316,0.132,0.265,0.009,0.666,-0.011,-0.002
0.0,13.017,0.019,13.0,0.0,0.899,0.09,6.367,0.005,0.623,1335.788,16.824,0.635,18.794,0.112,0.332,0.02,0.683,-0.017,-0.019
0.0,13.001,12.008,13.0,12.0,0.889,0.092,6.375,0.005,0.645,1464.59,16.873,0.655,17.847,0.086,0.188,0.006,0.654,-0.001,-0.008
0.0,13.024,3.015,13.0,3.0,0.905,0.089,6.367,0.005,0.628,1307.599,17.023,0.639,18.364,0.067,0.19,0.005,0.662,-0.024,-0.015
0.0,13.006,9.004,13.0,9.0,0.895,0.09,6.37,0.005,0.645,1362.587,17.133,0.655,18.273,0.14,0.282,0.012,0.667,-0.006,-0.004
0.0,1.006,0.004,1.0,0.0,0.949,0.091,6.377,0.005,0.628,1380.247,16.772,0.639,25.104,0.769,0.926,0.278,0.88,-0.006,-0.004
0.0,0.999,-12.987,1.0,-13.0,0.91,0.09,6.422,0.005,0.613,1261.343,16.642,0.624,18.267,0.118,0.238,0.01,0.665,0.001,-0.013
0.0,1.014,10.002,1.0,10.0,0.933,0.09,6.377,0.005,0.638,1377.955,17.036,0.647,18.454,0.155,0.267,0.011,0.671,-0.014,-0.002
0.0,1.002,11.997,1.0,12.0,0.927,0.091,6.38,0.005,0.631,1418.429,16.845,0.643,18.271,0.119,0.256,0.011,0.669,-0.002,0.003
0.0,1.003,3.997,1.0,4.0,0.944,0.088,6.376,0.005,0.614,1313.771,16.864,0.627,18.515,0.035,0.189,0.007,0.679,-0.003,0.003
0.0,2.007,-0.001,2.0,0.0,0.95,0.089,6.375,0.005,0.618,1327.417,16.782,0.627,21.428,0.458,0.777,0.129,0.807,-0.007,0.001
0.0,2.019,-10.988,2.0,-11.0,0.913,0.091,6.413,0.005,0.609,1283.415,16.544,0.62,18.382,0.142,0.254,0.009,0.668,-0.019,-0.012
0.0,1.999,-11.98,2.0,-12.0,0.912,0.089,6.417,0.005,0.618,1231.851,16.826,0.631,18.408,0.129,0.25,0.009,0.666,0.001,-0.02
0.0,2.009,-7.992,2.0,-8.0,0.929,0.089,6.402,0.005,0.612,1258.74,16.76,0.624,18.321,0.074,0.166,0.004,0.671,-0.009,-0.008
0.0,2.018,12.997,2.0,13.0,0.919,0.091,6.38,0.005,0.626,1424.744,16.784,0.635,18.203,0.11,0.238,0.01,0.663,-0.018,0.003
0.0,1.993,1.002,2.0,1.0,0.95,0.09,6.375,0.005,0.633,1342.561,16.964,0.643,19.89,0.255,0.648,0.062,0.747,0.007,-0.002
0.0,2.006,7.992,2.0,8.0,0.935,0.09,6.375,0.005,0.626,1381.127,16.824,0.635,18.225,0.082,0.184,0.004,0.666,-0.006,0.008
0.0,2.996,0.018,3.0,0.0,0.942,0.09,6.375,0.005,0.627,1354.021,16.836,0.639,20.416,0.333,0.663,0.081,0.761,0.004,-0.018
0.0,2.998,-10.992,3.0,-11.0,0.912,0.09,6.412,0.005,0.61,1277.026,16.602,0.624,18.395,0.137,0.248,0.009,0.668,0.002,-0.008
0.0,3.014,4.013,3.0,4.0,0.934,0.09,6.374,0.005,0.623,1367.523,16.812,0.635,18.339,0.026,0.157,0.006,0.669,-0.014,-0.013
0.0,2.995,4.999,3.0,5.0,0.934,0.09,6.375,0.005,0.621,1355.174,16.813,0.631,18.319,0.038,0.134,0.004,0.664,0.005,0.001
0.0,3.01,8.999,3.0,9.0,0.93,0.09,6.375,0.005,0.63,1387.52,16.877,0.643,18.43,0.141,0.256,0.009,0.67,-0.01,0.001
0.0,4.005,0.003,4.0,0.0,0.938,0.088,6.375,0.005,0.626,1300.382,17.014,0.639,20.217,0.299,0.599,0.06,0.73,-0.005,-0.003
0.0,4.009,-10.987,4.0,-11.0,0.909,0.09,6.412,0.005,0.612,1267.011,16.665,0.624,18.403,0.132,0.24,0.009,0.668,-0.009,-0.013
0.0,4.007,-0.986,4.0,-1.0,0.943,0.09,6.375,0.005,0.63,1330.782,16.942,0.643,20.243,0.316,0.602,0.064,0.736,-0.007,-0.014
0.0,4.003,10.998,4.0,11.0,0.921,0.092,6.377,0.005,0.626,1441.815,16.686,0.635,18.329,0.139,0.276,0.011,0.667,-0.003,0.002
0.0,4.003,3.003,4.0,3.0,0.935,0.091,6.373,0.005,0.623,1390.931,16.694,0.635,18.387,0.034,0.21,0.007,0.673,-0.003,-0.003
0.0,5.015,-12.983,5.0,-13.0,0.899,0.09,6.419,0.005,0.612,1264.298,16.605,0.624,18.281,0.126,0.238,0.009,0.663,-0.015,-0.017
0.0,4.995,-3.991,5.0,-4.0,0.927,0.091,6.382,0.005,0.624,1340.072,16.766,0.635,18.54,0.055,0.265,0.008,0.683,0.005,-0.009
0.0,4.998,10.008,5.0,10.0,0.919,0.09,6.376,0.005,0.638,1372.234,17.042,0.647,18.451,0.156,0.29,0.012,0.67,0.002,-0.008
0.0,4.983,13.007,5.0,13.0,0.914,0.09,6.379,0.005,0.634,1401.901,16.955,0.643,18.128,0.098,0.216,0.007,0.659,0.017,-0.007
0.0,5.013,3.011,5.0,3.0,0.934,0.089,6.373,0.005,0.628,1321.047,16.983,0.639,18.476,0.042,0.211,0.007,0.672,-0.013,-0.011
0.0,4.996,4.0,5.0,4.0,0.93,0.088,6.373,0.005,0.615,1304.773,16.878,0.627,18.395,0.036,0.162,0.005,0.665,0.004,0.0
0.0,5.99,0.009,6.0,0.0,0.929,0.088,6.373,0.005,0.631,1291.988,17.083,0.643,19.614,0.222,0.505,0.038,0.706,0.01,-0.009
0.0,6.006,-10.987,6.0,-11.0,0.902,0.09,6.41,0.005,0.61,1269.129,16.616,0.624,18.333,0.12,0.216,0.008,0.667,-0.006,-0.013
0.0,6.004,2.012,6.0,2.0,0.931,0.091,6.372,0.005,0.621,1396.817,16.633,0.631,18.521,0.063,0.278,0.01,0.676,-0.004,-0.012
0.0,5.995,9.009,6.0,9.0,0.92,0.092,6.374,0.005,0.627,1441.939,16.649,0.639,18.368,0.142,0.267,0.01,0.667,0.005,-0.009
0.0,7.006,-3.988,7.0,-4.0,0.922,0.089,6.38,0.005,0.636,1282.486,17.124,0.647,18.709,0.087,0.319,0.011,0.685,-0.006,-0.012
0.0,7.004,-5.976,7.0,-6.0,0.916,0.088,6.386,0.005,0.616,1255.974,16.912,0.627,18.431,0.051,0.176,0.005,0.675,-0.004,-0.024
0.0,7.014,-8.974,7.0,-9.0,0.907,0.089,6.401,0.005,0.614,1245.113,16.796,0.624,18.406,0.096,0.183,0.006,0.668,-0.014,-0.026
0.0,7.985,-1.983,8.0,-2.0,0.919,0.09,6.373,0.005,0.618,1323.43,16.774,0.627,19.743,0.26,0.505,0.039,0.709,0.015,-0.017
0.0,9.002,0.012,9.0,0.0,0.915,0.091,6.369,0.005,0.628,1361.882,16.814,0.639,19.029,0.146,0.403,0.025,0.694,-0.002,-0.012
0.0,8.998,-3.991,9.0,-4.0,0.909,0.091,6.378,0.005,0.63,1353.126,16.795,0.643,18.838,0.128,0.362,0.016,0.686,0.002,-0.009
0.0,9.013,10.012,9.0,10.0,0.904,0.089,6.372,0.005,0.638,1364.694,17.063,0.647,18.388,0.143,0.284,0.013,0.667,-0.013,-0.012
0.0,9.0,12.008,9.0,12.0,0.9,0.09,6.376,0.005,0.631,1407.371,16.865,0.643,18.133,0.097,0.211,0.007,0.658,0.0,-0.008
0.0,0.0,0.0,0.0,0.0,1.0,0.175,7.269,0.007,0.441,1368.538,8.013,0.471,100.0,1.0,1.0,1.0,1.0,0.0,0.0
0.0,0.008,-10.003,0.0,-10.0,0.959,0.174,7.259,0.006,0.447,1332.785,8.205,0.475,13.883,0.087,0.208,0.014,0.66,-0.008,0.003
0.0,0.006,-12.012,0.0,-12.0,0.946,0.177,7.255,0.007,0.442,1374.349,7.97,0.471,13.463,0.069,0.15,0.012,0.654,-0.006,0.012
0.0,0.008,-13.006,0.0,-13.0,0.945,0.176,7.255,0.007,0.436,1366.79,7.891,0.463,13.336,0.064,0.126,0.011,0.653,-0.008,0.006
0.0,0.012,-14.014,0.0,-14.0,0.939,0.179,7.254,0.007,0.439,1424.676,7.808,0.467,13.135,0.058,0.103,0.01,0.65,-0.012,0.014
0.0,0.003,-1.017,0.0,-1.0,0.982,0.176,7.267,0.007,0.439,1374.113,7.936,0.467,22.672,0.72,0.925,0.259,0.863,-0.003,0.017
0.0,0.001,-2.009,0.0,-2.0,0.98,0.175,7.266,0.006,0.446,1355.027,8.119,0.475,18.715,0.399,0.773,0.12,0.774,-0.001,0.009
0.0,0.001,-5.01,0.0,-5.0,0.975,0.177,7.263,0.007,0.435,1387.813,7.801,0.463,15.393,0.126,0.431,0.033,0.693,-0.001,0.01
0.0,0.008,-6.018,0.0,-6.0,0.972,0.18,7.263,0.007,0.438,1444.184,7.72,0.467,14.846,0.108,0.365,0.025,0.681,-0.008,0.018
0.0,0.008,-7.002,0.0,-7.0,0.966,0.178,7.262,0.007,0.437,1401.309,7.826,0.463,14.549,0.101,0.316,0.02,0.672,-0.008,0.002
0.0,0.001,1.979,0.0,2.0,0.982,0.181,7.27,0.007,0.437,1473.076,7.645,0.463,18.551,0.397,0.773,0.119,0.772,-0.001,0.021
0.0,-0.007,3.985,0.0,4.0,0.973,0.179,7.271,0.007,0.44,1423.282,7.821,0.471,15.996,0.166,0.521,0.046,0.708,0.007,0.015
0.0,-9.993,-4.009,-10.0,-4.0,0.961,0.18,7.268,0.007,0.441,1450.936,7.771,0.471,13.524,0.058,0.153,0.011,0.65,-0.007,0.009
0.0,-10.0,-7.015,-10.0,-7.0,0.947,0.176,7.266,0.007,0.449,1385.771,8.153,0.475,13.299,0.051,0.109,0.008,0.646,-0.0,0.015
0.0,-10.997,-0.022,-11.0,0.0,0.958,0.179,7.274,0.007,0.436,1455.139,7.717,0.463,13.636,0.083,0.186,0.013,0.656,-0.003,0.022
0.0,-10.997,1.972,-11.0,2.0,0.955,0.179,7.276,0.007,0.443,1453.313,7.88,0.471,13.545,0.072,0.171,0.012,0.654,-0.003,0.028
0.0,-10.998,3.982,-11.0,4.0,0.953,0.18,7.277,0.007,0.445,1464.877,7.875,0.475,13.353,0.058,0.145,0.011,0.654,-0.002,0.018
0.0,-11.003,7.977,-11.0,8.0,0.943,0.18,7.28,0.007,0.436,1484.559,7.676,0.459,13.048,0.065,0.125,0.01,0.652,0.003,0.023
0.0,-11.997,11.98,-12.0,12.0,0.926,0.178,7.284,0.007,0.438,1448.017,7.812,0.463,12.795,0.059,0.096,0.009,0.648,-0.003,0.02
0.0,-12.011,12.986,-12.0,13.0,0.927,0.18,7.284,0.007,0.441,1471.519,7.806,0.467,12.702,0.056,0.093,0.009,0.648,0.011,0.014
0.0,-12.004,0.986,-12.0,1.0,0.956,0.178,7.276,0.007,0.441,1438.008,7.88,0.471,13.478,0.074,0.163,0.012,0.654,0.004,0.014
0.0,-12.003,2.98,-12.0,3.0,0.955,0.181,7.277,0.007,0.438,1478.374,7.698,0.467,13.293,0.063,0.145,0.011,0.65,0.003,0.02
0.0,-12.996,-0.011,-13.0,0.0,0.951,0.178,7.276,0.007,0.441,1429.011,7.882,0.471,13.384,0.077,0.152,0.012,0.655,-0.004,0.011
0.0,-12.992,-10.012,-13.0,-10.0,0.93,0.175,7.264,0.006,0.443,1364.844,8.089,0.471,12.926,0.053,0.068,0.008,0.644,-0.008,0.012
0.0,-13.016,12.985,-13.0,13.0,0.922,0.181,7.285,0.007,0.443,1475.297,7.798,0.471,12.6,0.053,0.08,0.009,0.647,0.016,0.015
0.0,-13.012,4.982,-13.0,5.0,0.944,0.18,7.279,0.007,0.445,1454.593,7.859,0.475,13.069,0.06,0.116,0.01,0.649,0.012,0.018
0.0,-13.999,-0.023,-14.0,0.0,0.946,0.181,7.277,0.007,0.434,1465.531,7.612,0.463,13.215,0.074,0.14,0.012,0.651,-0.001,0.023
0.0,-14.0,-1.018,-14.0,-1.0,0.948,0.178,7.275,0.007,0.45,1422.349,8.058,0.478,13.285,0.074,0.141,0.012,0.651,-0.0,0.018
0.0,-14.005,3.969,-14.0,4.0,0.944,0.18,7.28,0.007,0.445,1460.344,7.855,0.475,13.045,0.061,0.116,0.01,0.648,0.005,0.031
0.0,-14.005,8.99,-14.0,9.0,0.934,0.177,7.284,0.007,0.45,1428.907,8.077,0.475,12.82,0.057,0.083,0.009,0.648,0.005,0.01
0.0,-0.983,-12.009,-1.0,-12.0,0.949,0.176,7.256,0.007,0.436,1378.7,7.889,0.463,13.416,0.062,0.136,0.011,0.652,-0.017,0.009
0.0,-1.001,2.978,-1.0,3.0,0.976,0.177,7.271,0.007,0.437,1408.876,7.829,0.467,16.819,0.228,0.612,0.067,0.728,0.001,0.022
0.0,-1.0,3.982,-1.0,4.0,0.975,0.178,7.271,0.007,0.434,1429.516,7.74,0.463,15.923,0.161,0.51,0.045,0.707,-0.0,0.018
0.0,-1.0,6.99,-1.0,7.0,0.968,0.177,7.272,0.007,0.435,1407.68,7.821,0.463,14.545,0.102,0.319,0.021,0.674,-0.0,0.01
0.0,-2.002,-0.029,-2.0,0.0,0.981,0.177,7.268,0.007,0.441,1404.046,7.937,0.471,18.961,0.447,0.79,0.13,0.78,0.002,0.029
0.0,-1.985,-10.015,-2.0,-10.0,0.96,0.175,7.258,0.007,0.438,1370.325,7.958,0.467,13.682,0.067,0.173,0.012,0.654,-0.015,0.015
0.0,-1.986,-13.002,-2.0,-13.0,0.946,0.175,7.254,0.006,0.443,1365.752,8.077,0.471,13.229,0.054,0.098,0.01,0.649,-0.014,0.002
0.0,-1.982,-9.006,-2.0,-9.0,0.96,0.18,7.26,0.007,0.435,1440.714,7.677,0.463,13.778,0.072,0.201,0.013,0.656,-0.018,0.006
0.0,-2.003,9.992,-2.0,10.0,0.954,0.179,7.275,0.007,0.44,1460.823,7.806,0.463,13.735,0.088,0.218,0.014,0.659,0.003,0.008
0.0,-2.005,0.986,-2.0,1.0,0.978,0.176,7.269,0.007,0.448,1399.661,8.102,0.475,18.185,0.346,0.74,0.107,0.762,0.005,0.014
0.0,-2.003,2.987,-2.0,3.0,0.977,0.177,7.27,0.007,0.441,1416.21,7.922,0.471,16.32,0.189,0.56,0.056,0.717,0.003,0.013
0.0,-1.998,3.993,-2.0,4.0,0.978,0.18,7.27,0.007,0.44,1467.027,7.747,0.471,15.579,0.144,0.476,0.041,0.702,-0.002,0.007
0.0,-2.996,1.972,-3.0,2.0,0.975,0.182,7.27,0.007,0.431,1497.674,7.483,0.459,16.139,0.182,0.561,0.054,0.714,-0.004,0.028
0.0,-4.003,5.987,-4.0,6.0,0.965,0.175,7.271,0.007,0.449,1385.697,8.173,0.475,14.38,0.085,0.298,0.021,0.676,0.003,0.013
0.0,-4.009,8.989,-4.0,9.0,0.958,0.178,7.274,0.007,0.441,1442.164,7.898,0.471,13.823,0.093,0.236,0.016,0.657,0.009,0.011
0.0,-4.996,-11.012,-5.0,-11.0,0.949,0.175,7.256,0.007,0.443,1359.935,8.052,0.471,13.21,0.046,0.088,0.008,0.647,-0.004,0.012
0.0,-5.004,-3.015,-5.0,-3.0,0.973,0.178,7.265,0.007,0.446,1410.687,7.96,0.475,14.77,0.081,0.336,0.021,0.672,0.004,0.015
0.0,-5.009,10.969,-5.0,11.0,0.946,0.174,7.275,0.007,0.448,1385.635,8.215,0.471,13.582,0.092,0.2,0.014,0.654,0.009,0.031
0.0,-4.999,11.988,-5.0,12.0,0.942,0.179,7.277,0.007,0.442,1451.702,7.869,0.467,13.35,0.083,0.181,0.012,0.653,-0.001,0.012
0.0,-5.001,2.969,-5.0,3.0,0.968,0.174,7.27,0.006,0.449,1364.174,8.253,0.475,14.897,0.1,0.371,0.026,0.684,0.001,0.031
0.0,-5.001,5.991,-5.0,6.0,0.961,0.176,7.272,0.007,0.442,1403.116,7.996,0.471,14.133,0.071,0.263,0.018,0.672,0.001,0.009
0.0,-5.005,8.983,-5.0,9.0,0.955,0.177,7.274,0.007,0.443,1430.539,7.976,0.471,13.733,0.089,0.223,0.015,0.658,0.005,0.017
0.0,-5.98,-14.017,-6.0,-14.0,0.934,0.175,7.254,0.007,0.443,1378.085,8.074,0.471,12.865,0.049,0.018,0.007,0.645,-0.02,0.017
0.0,-5.995,-2.018,-6.0,-2.0,0.971,0.179,7.267,0.007,0.441,1419.726,7.855,0.471,14.688,0.092,0.329,0.021,0.675,-0.005,0.018
0.0,-5.987,-9.014,-6.0,-9.0,0.954,0.175,7.26,0.007,0.45,1372.715,8.191,0.475,13.392,0.055,0.117,0.009,0.647,-0.013,0.014
0.0,-6.01,11.975,-6.0,12.0,0.942,0.18,7.278,0.007,0.444,1467.973,7.859,0.471,13.268,0.083,0.176,0.013,0.653,0.01,0.025
0.0,-6.009,12.983,-6.0,13.0,0.939,0.18,7.277,0.007,0.435,1452.622,7.678,0.459,13.154,0.074,0.158,0.012,0.652,0.009,0.017
0.0,-6.985,-12.021,-7.0,-12.0,0.944,0.176,7.256,0.007,0.441,1361.988,7.967,0.467,12.94,0.04,0.045,0.007,0.644,-0.015,0.021
0.0,-6.973,-14.019,-7.0,-14.0,0.93,0.172,7.254,0.006,0.452,1316.496,8.409,0.478,12.88,0.049,0.0,0.007,0.645,-0.027,0.019
0.0,-6.999,-3.015,-7.0,-3.0,0.976,0.177,7.265,0.007,0.442,1356.87,7.95,0.471,14.256,0.07,0.25,0.015,0.663,-0.001,0.015
0.0,-6.986,-9.011,-7.0,-9.0,0.952,0.175,7.261,0.006,0.445,1355.301,8.102,0.471,13.309,0.058,0.109,0.009,0.645,-0.014,0.011
0.0,-6.988,1.976,-7.0,2.0,0.967,0.175,7.272,0.006,0.451,1362.736,8.243,0.478,14.446,0.094,0.299,0.019,0.672,-0.012,0.024
0.0,-7.007,5.981,-7.0,6.0,0.962,0.177,7.274,0.007,0.444,1398.966,7.981,0.471,13.721,0.057,0.193,0.014,0.667,0.007,0.019
0.0,-8.002,-0.007,-8.0,0.0,0.985,0.176,7.271,0.007,0.442,1385.318,7.998,0.471,14.331,0.102,0.278,0.018,0.669,0.002,0.007
0.0,-7.989,-13.013,-8.0,-13.0,0.936,0.176,7.257,0.007,0.436,1380.759,7.884,0.463,12.815,0.042,0.0,0.007,0.644,-0.011,0.013
0.0,-7.998,-1.02,-8.0,-1.0,0.968,0.177,7.27,0.007,0.439,1389.063,7.921,0.467,14.284,0.093,0.267,0.017,0.667,-0.002,0.02
0.0,-8.0,-4.021,-8.0,-4.0,0.961,0.178,7.266,0.007,0.441,1408.029,7.866,0.471,13.851,0.058,0.189,0.012,0.655,-0.0,0.021
0.0,-8.002,9.977,-8.0,10.0,0.945,0.182,7.279,0.007,0.437,1517.459,7.588,0.463,13.151,0.067,0.159,0.012,0.654,0.002,0.023
0.0,-7.997,1.974,-8.0,2.0,0.965,0.182,7.273,0.007,0.438,1491.391,7.631,0.467,14.011,0.084,0.254,0.015,0.665,-0.003,0.026
0.0,-8.007,4.989,-8.0,5.0,0.961,0.18,7.274,0.007,0.438,1444.627,7.719,0.467,13.599,0.051,0.177,0.013,0.664,0.007,0.011
0.0,-8.99,-11.013,-9.0,-11.0,0.942,0.176,7.259,0.007,0.443,1362.092,8.037,0.471,12.95,0.047,0.056,0.007,0.643,-0.01,0.013
0.0,-8.999,-3.014,-9.0,-3.0,0.965,0.177,7.268,0.007,0.442,1387.08,7.941,0.471,13.863,0.066,0.193,0.013,0.655,-0.001,0.014
0.0,-9.012,12.987,-9.0,13.0,0.934,0.178,7.281,0.007,0.44,1435.689,7.83,0.467,12.966,0.061,0.127,0.011,0.651,0.012,0.013
0.0,-9.0,1.976,-9.0,2.0,0.962,0.181,7.274,0.007,0.436,1475.72,7.632,0.463,13.82,0.077,0.218,0.013,0.66,-0.0,0.024
0.0,-8.998,6.987,-9.0,7.0,0.952,0.177,7.277,0.007,0.435,1423.009,7.79,0.463,13.348,0.055,0.144,0.011,0.659,-0.002,0.013
0.0,9.987,11.982,10.0,12.0,0.938,0.181,7.283,0.007,0.441,1438.535,7.759,0.471,12.731,0.044,0.041,0.007,0.645,0.013,0.018
0.0,9.991,7.989,10.0,8.0,0.947,0.181,7.281,0.007,0.43,1450.162,7.508,0.459,13.042,0.051,0.095,0.008,0.647,0.009,0.011
0.0,11.006,-13.009,11.0,-13.0,0.922,0.173,7.268,0.006,0.446,1295.728,8.22,0.471,12.989,0.059,0.099,0.009,0.651,-0.006,0.009
0.0,10.995,6.997,11.0,7.0,0.949,0.179,7.281,0.007,0.437,1412.975,7.758,0.467,13.132,0.051,0.104,0.008,0.648,0.005,0.003
0.0,12.0,-0.011,12.0,0.0,0.95,0.18,7.279,0.007,0.443,1404.56,7.833,0.471,13.461,0.077,0.166,0.013,0.656,0.0,0.011
0.0,12.002,-8.008,12.0,-8.0,0.937,0.178,7.275,0.007,0.442,1368.488,7.901,0.471,13.038,0.061,0.118,0.01,0.652,-0.002,0.008
0.0,12.007,-9.011,12.0,-9.0,0.936,0.18,7.274,0.007,0.43,1397.737,7.558,0.459,12.921,0.061,0.111,0.01,0.651,-0.007,0.011
0.0,13.013,-12.002,13.0,-12.0,0.921,0.182,7.272,0.007,0.434,1415.274,7.557,0.463,12.671,0.051,0.081,0.009,0.649,-0.013,0.002
0.0,13.01,-14.01,13.0,-14.0,0.913,0.182,7.271,0.007,0.427,1432.006,7.391,0.455,12.573,0.051,0.072,0.008,0.648,-0.01,0.01
0.0,13.003,-7.004,13.0,-7.0,0.936,0.181,7.277,0.007,0.434,1409.219,7.608,0.463,12.952,0.061,0.114,0.01,0.651,-0.003,0.004
0.0,13.0,4.999,13.0,5.0,0.948,0.179,7.282,0.007,0.441,1400.788,7.806,0.471,13.152,0.054,0.119,0.009,0.648,0.0,0.001
0.0,1.004,-5.015,1.0,-5.0,0.972,0.177,7.263,0.007,0.435,1373.92,7.796,0.463,15.34,0.124,0.427,0.032,0.693,-0.004,0.015
0.0,1.012,-9.003,1.0,-9.0,0.962,0.175,7.26,0.006,0.445,1342.115,8.101,0.471,14.083,0.094,0.245,0.016,0.664,-0.012,0.003
0.0,1.011,1.983,1.0,2.0,0.979,0.174,7.271,0.006,0.45,1346.266,8.245,0.478,18.108,0.342,0.736,0.098,0.749,-0.011,0.017
0.0,0.997,3.983,1.0,4.0,0.98,0.179,7.271,0.007,0.44,1409.651,7.815,0.463,15.827,0.153,0.501,0.04,0.697,0.003,0.017
0.0,0.992,5.985,1.0,6.0,0.973,0.177,7.272,0.007,0.443,1381.242,7.984,0.467,14.843,0.103,0.356,0.023,0.677,0.008,0.015
0.0,2.001,-0.013,2.0,0.0,0.978,0.18,7.27,0.007,0.433,1433.523,7.642,0.459,18.878,0.447,0.789,0.13,0.779,-0.001,0.013
0.0,2.011,-10.007,2.0,-10.0,0.956,0.177,7.26,0.007,0.441,1381.461,7.926,0.471,13.804,0.086,0.214,0.014,0.66,-0.011,0.007
0.0,2.007,-1.011,2.0,-1.0,0.979,0.177,7.269,0.007,0.449,1393.267,8.087,0.475,18.166,0.347,0.74,0.107,0.762,-0.007,0.011
0.0,3.008,-0.003,3.0,0.0,0.977,0.177,7.271,0.007,0.44,1395.828,7.89,0.467,17.196,0.289,0.655,0.076,0.736,-0.008,0.003
0.0,3.009,-14.002,3.0,-14.0,0.937,0.174,7.256,0.006,0.447,1337.356,8.21,0.471,13.338,0.074,0.127,0.01,0.652,-0.009,0.002
0.0,2.997,1.99,3.0,2.0,0.978,0.176,7.273,0.007,0.445,1380.031,8.05,0.471,16.279,0.187,0.554,0.048,0.702,0.003,0.01
0.0,4.013,-11.003,4.0,-11.0,0.951,0.177,7.261,0.007,0.443,1370.03,7.994,0.467,13.61,0.085,0.191,0.012,0.655,-0.013,0.003
0.0,4.002,-2.005,4.0,-2.0,0.973,0.175,7.269,0.006,0.447,1347.54,8.156,0.471,15.678,0.146,0.483,0.04,0.7,-0.002,0.005
0.0,4.003,-5.011,4.0,-5.0,0.971,0.178,7.266,0.007,0.434,1394.967,7.751,0.459,14.574,0.088,0.331,0.024,0.684,-0.003,0.011
0.0,3.993,9.993,4.0,10.0,0.953,0.18,7.278,0.007,0.439,1453.241,7.755,0.463,13.333,0.05,0.12,0.009,0.649,0.007,0.007
0.0,3.986,12.992,4.0,13.0,0.944,0.179,7.279,0.007,0.441,1439.357,7.826,0.467,12.958,0.045,0.064,0.008,0.646,0.014,0.008
0.0,3.995,4.989,4.0,5.0,0.972,0.179,7.274,0.007,0.442,1419.578,7.859,0.467,14.412,0.055,0.281,0.016,0.663,0.005,0.011
0.0,3.987,8.994,4.0,9.0,0.961,0.178,7.277,0.007,0.44,1428.919,7.846,0.467,13.539,0.052,0.149,0.01,0.651,0.013,0.006
0.0,5.002,-0.013,5.0,0.0,0.973,0.179,7.273,0.007,0.434,1427.19,7.683,0.459,15.429,0.159,0.458,0.035,0.693,-0.002,0.013
0.0,5.014,-10.999,5.0,-11.0,0.954,0.176,7.262,0.007,0.445,1360.636,8.062,0.471,13.57,0.089,0.19,0.013,0.655,-0.014,-0.001
0.0,4.989,10.989,5.0,11.0,0.95,0.181,7.279,0.007,0.436,1475.113,7.649,0.463,13.063,0.043,0.078,0.008,0.646,0.011,0.011
0.0,5.004,4.995,5.0,5.0,0.973,0.178,7.275,0.007,0.444,1411.543,7.93,0.471,14.181,0.047,0.24,0.013,0.659,-0.004,0.005
0.0,6.01,-11.002,6.0,-11.0,0.948,0.176,7.263,0.007,0.436,1348.791,7.871,0.459,13.487,0.087,0.182,0.013,0.656,-0.01,0.002
0.0,6.015,-13.999,6.0,-14.0,0.929,0.177,7.26,0.007,0.44,1383.467,7.899,0.463,13.17,0.069,0.128,0.011,0.653,-0.015,-0.001
0.0,6.0,5.985,6.0,6.0,0.967,0.181,7.277,0.007,0.441,1450.851,7.743,0.467,13.721,0.044,0.176,0.01,0.654,0.0,0.015
0.0,7.009,-14.007,7.0,-14.0,0.929,0.181,7.261,0.007,0.43,1431.218,7.526,0.455,13.02,0.067,0.121,0.011,0.653,-0.009,0.007
0.0,7.009,-7.011,7.0,-7.0,0.958,0.177,7.269,0.007,0.44,1376.168,7.901,0.467,13.639,0.059,0.185,0.014,0.666,-0.009,0.011
0.0,6.999,3.987,7.0,4.0,0.966,0.179,7.278,0.007,0.432,1421.129,7.641,0.459,13.957,0.053,0.215,0.013,0.659,0.001,0.013
0.0,7.996,-4.008,8.0,-4.0,0.958,0.179,7.272,0.007,0.439,1391.171,7.768,0.463,13.777,0.059,0.206,0.014,0.665,0.004,0.008
0.0,7.999,-5.006,8.0,-5.0,0.96,0.178,7.272,0.007,0.432,1385.107,7.687,0.459,13.651,0.051,0.183,0.013,0.666,0.001,0.006
0.0,8.007,-7.99,8.0,-8.0,0.969,0.176,7.27,0.006,0.44,1343.235,7.983,0.467,13.466,0.063,0.163,0.012,0.662,-0.007,-0.01
0.0,7.985,8.997,8.0,9.0,0.95,0.18,7.281,0.007,0.434,1447.133,7.622,0.459,13.097,0.055,0.1,0.008,0.646,0.015,0.003
0.0,9.0,-2.007,9.0,-2.0,0.963,0.177,7.275,0.007,0.441,1345.621,7.908,0.467,13.91,0.078,0.223,0.014,0.661,0.0,0.007
0.0,9.009,-7.005,9.0,-7.0,0.953,0.178,7.271,0.007,0.441,1370.742,7.867,0.467,13.346,0.053,0.149,0.011,0.66,-0.009,0.005
0.0,8.995,2.988,9.0,3.0,0.96,0.182,7.278,0.007,0.437,1429.155,7.615,0.463,13.71,0.062,0.192,0.012,0.655,0.005,0.012
-3.0,0.625,4.179,0.0,8.0,0.427,0.157,7.245,0.005,0.457,1238.675,9.286,0.447,15.5,0.155,0.332,0.025,0.67,-0.625,3.821
-2.95,0.595,4.213,0.0,8.0,0.429,0.159,7.245,0.006,0.463,1267.263,9.285,0.451,15.423,0.153,0.33,0.024,0.67,-0.595,3.787
-2.9,6.784,2.803,6.0,6.0,0.448,0.159,7.256,0.006,0.461,1261.131,9.246,0.451,14.914,0.162,0.308,0.03,0.666,-0.784,3.197
-2.85,-7.371,4.08,-8.0,8.0,0.415,0.156,7.227,0.005,0.459,1247.551,9.383,0.447,15.006,0.119,0.197,0.015,0.657,-0.629,3.92
-2.8,-8.369,3.114,-9.0,7.0,0.412,0.156,7.221,0.005,0.46,1251.019,9.413,0.451,14.953,0.125,0.196,0.016,0.658,-0.631,3.886
-2.75,-5.305,-2.738,-6.0,1.0,0.414,0.153,7.211,0.005,0.456,1236.516,9.468,0.443,15.655,0.169,0.384,0.038,0.673,-0.695,-1.738
-2.7,0.747,1.86,0.0,5.0,0.451,0.155,7.238,0.005,0.453,1249.39,9.326,0.443,16.555,0.224,0.47,0.05,0.691,-0.747,3.14
-2.65,-3.192,-3.198,-4.0,0.0,0.449,0.152,7.215,0.005,0.45,1200.105,9.447,0.435,16.009,0.193,0.47,0.047,0.684,-0.808,3.198
-2.6,-5.703,0.839,-6.0,4.0,0.454,0.155,7.219,0.005,0.458,1243.657,9.423,0.443,15.736,0.159,0.337,0.032,0.676,-0.297,3.161
-2.55,-1.13,-8.005,-2.0,-5.0,0.454,0.152,7.208,0.005,0.453,1197.049,9.462,0.439,15.484,0.2,0.43,0.046,0.682,-0.87,3.005
-2.5,-5.134,-9.072,-6.0,-6.0,0.453,0.152,7.196,0.005,0.456,1233.48,9.51,0.443,15.146,0.176,0.341,0.031,0.675,-0.866,3.072
-2.45,0.67,-0.934,0.0,2.0,0.478,0.156,7.228,0.006,0.458,1274.798,9.371,0.447,16.673,0.24,0.559,0.065,0.699,-0.67,1.066
-2.4,3.715,-5.756,3.0,-3.0,0.473,0.155,7.224,0.005,0.456,1251.984,9.387,0.443,15.33,0.203,0.444,0.048,0.672,-0.715,2.756
-2.35,7.698,-7.587,7.0,-5.0,0.474,0.157,7.231,0.005,0.46,1258.619,9.364,0.451,14.407,0.113,0.233,0.017,0.648,-0.698,2.587
-2.3,-6.303,-3.904,-7.0,-1.0,0.483,0.152,7.203,0.005,0.453,1212.397,9.495,0.439,15.589,0.16,0.359,0.026,0.666,-0.697,2.904
-2.25,-8.314,-4.91,-9.0,-2.0,0.491,0.152,7.195,0.005,0.454,1184.159,9.529,0.443,15.038,0.122,0.265,0.015,0.653,-0.686,2.91
-2.2,-3.325,-5.749,-4.0,-3.0,0.496,0.152,7.206,0.005,0.453,1172.652,9.479,0.439,16.282,0.236,0.493,0.057,0.695,-0.675,2.749
-2.15,4.185,1.862,4.0,4.0,0.561,0.156,7.244,0.005,0.455,1225.726,9.296,0.443,15.786,0.203,0.438,0.046,0.681,-0.185,2.138
-2.1,-3.279,-10.627,-4.0,-8.0,0.498,0.152,7.194,0.005,0.455,1205.273,9.511,0.439,14.822,0.145,0.296,0.023,0.667,-0.721,2.627
-2.05,5.641,-8.428,5.0,-6.0,0.506,0.155,7.224,0.005,0.458,1236.635,9.396,0.443,14.615,0.119,0.237,0.018,0.652,-0.641,2.428
-2.0,4.212,-0.951,4.0,1.0,0.575,0.154,7.236,0.005,0.451,1241.208,9.332,0.443,16.083,0.221,0.502,0.054,0.688,-0.212,0.049
-1.95,-0.394,-2.503,-1.0,0.0,0.529,0.154,7.222,0.005,0.456,1266.076,9.399,0.443,16.8,0.271,0.624,0.08,0.706,-0.606,2.503
-1.9,0.167,-1.85,0.0,0.0,0.592,0.155,7.223,0.005,0.458,1258.283,9.39,0.443,16.811,0.278,0.639,0.083,0.709,-0.167,1.85
-1.85,-4.013,6.132,-4.0,8.0,0.603,0.158,7.236,0.005,0.462,1227.84,9.325,0.451,15.148,0.116,0.237,0.016,0.658,0.013,1.868
-1.8,2.138,-1.721,2.0,0.0,0.617,0.156,7.225,0.006,0.46,1235.032,9.38,0.447,16.64,0.272,0.615,0.078,0.706,-0.138,1.721
-1.75,0.136,-3.659,0.0,-2.0,0.624,0.154,7.216,0.005,0.456,1211.98,9.418,0.443,16.455,0.248,0.6,0.073,0.699,-0.136,1.659
-1.7,-3.972,0.374,-4.0,2.0,0.636,0.152,7.218,0.005,0.45,1197.717,9.42,0.435,16.704,0.218,0.494,0.056,0.696,-0.028,1.626
-1.65,-0.013,5.432,0.0,7.0,0.636,0.158,7.244,0.006,0.46,1297.517,9.267,0.451,15.576,0.158,0.355,0.027,0.677,0.013,1.568
-1.6,-1.953,-0.515,-2.0,1.0,0.654,0.154,7.22,0.005,0.456,1280.912,9.396,0.443,17.483,0.298,0.641,0.091,0.721,-0.047,0.485
-1.55,4.565,-9.503,4.0,-8.0,0.646,0.152,7.213,0.005,0.451,1183.905,9.43,0.439,14.563,0.104,0.18,0.013,0.652,-0.565,1.503
-1.5,-1.049,5.543,-1.0,7.0,0.68,0.157,7.241,0.005,0.456,1243.166,9.285,0.447,15.658,0.156,0.341,0.026,0.677,0.049,1.457
-1.45,1.068,-2.341,1.0,-1.0,0.692,0.153,7.222,0.005,0.452,1192.998,9.394,0.439,17.119,0.317,0.68,0.098,0.715,-0.068,1.341
-1.4,-3.569,-8.398,-4.0,-7.0,0.667,0.152,7.195,0.005,0.455,1176.655,9.512,0.439,15.166,0.165,0.34,0.029,0.678,-0.431,1.398
-1.35,0.966,6.711,1.0,8.0,0.718,0.159,7.247,0.006,0.46,1255.969,9.237,0.451,15.21,0.153,0.32,0.023,0.668,0.034,1.289
-1.3,1.012,1.787,1.0,3.0,0.735,0.157,7.233,0.006,0.46,1262.867,9.332,0.451,17.395,0.31,0.625,0.088,0.723,-0.012,1.213
-1.25,-3.972,-3.149,-4.0,-2.0,0.741,0.154,7.206,0.005,0.459,1258.989,9.462,0.447,16.674,0.236,0.531,0.055,0.7,-0.028,1.149
-1.2,-0.956,-9.737,-1.0,-9.0,0.856,0.153,7.199,0.005,0.455,1222.407,9.485,0.443,14.742,0.13,0.251,0.015,0.658,-0.044,0.737
-1.15,1.054,-7.683,1.0,-7.0,0.87,0.153,7.208,0.005,0.455,1212.21,9.444,0.443,14.988,0.123,0.289,0.018,0.664,-0.054,0.683
-1.1,4.046,-6.619,4.0,-6.0,0.885,0.155,7.216,0.005,0.457,1206.876,9.413,0.443,14.917,0.108,0.251,0.015,0.654,-0.046,0.619
-1.05,-2.978,-4.666,-3.0,-4.0,0.889,0.154,7.201,0.005,0.458,1197.14,9.481,0.447,16.227,0.231,0.509,0.052,0.698,-0.022,0.666
-1.0,6.96,4.458,7.0,5.0,0.893,0.159,7.251,0.006,0.46,1241.467,9.232,0.451,14.751,0.121,0.264,0.015,0.654,0.04,0.542
-0.95,-1.897,-8.569,-2.0,-8.0,0.903,0.151,7.2,0.005,0.45,1189.728,9.487,0.435,15.06,0.145,0.306,0.021,0.665,-0.103,0.569
-0.9,-4.946,-2.555,-5.0,-2.0,0.904,0.154,7.207,0.005,0.458,1275.939,9.468,0.447,15.979,0.169,0.444,0.031,0.675,-0.054,0.555
-0.85,-3.913,-7.497,-4.0,-7.0,0.911,0.153,7.199,0.005,0.457,1263.358,9.502,0.443,15.175,0.164,0.342,0.027,0.677,-0.087,0.497
-0.8,8.036,6.655,8.0,7.0,0.92,0.159,7.262,0.006,0.457,1271.514,9.166,0.447,14.382,0.111,0.204,0.013,0.646,-0.036,0.345
-0.75,0.067,0.683,0.0,1.0,0.941,0.156,7.223,0.005,0.459,1241.705,9.371,0.447,20.284,0.53,0.847,0.208,0.808,-0.067,0.317
-0.7,-1.917,-2.308,-2.0,-2.0,0.941,0.153,7.209,0.005,0.455,1170.166,9.448,0.443,17.929,0.35,0.687,0.102,0.737,-0.083,0.308
-0.65,8.059,2.748,8.0,3.0,0.942,0.158,7.249,0.006,0.458,1218.266,9.245,0.447,14.775,0.108,0.25,0.013,0.652,-0.059,0.252
-0.6,-5.927,-0.273,-6.0,0.0,0.953,0.152,7.203,0.005,0.452,1216.53,9.453,0.439,15.873,0.141,0.387,0.024,0.668,-0.073,0.273
-0.55,-8.924,-0.26,-9.0,0.0,0.949,0.154,7.198,0.006,0.459,1314.161,9.467,0.447,14.882,0.112,0.243,0.013,0.649,-0.076,0.26
-0.5,-4.894,-7.217,-5.0,-7.0,0.958,0.153,7.194,0.005,0.455,1309.92,9.497,0.439,15.038,0.151,0.311,0.021,0.67,-0.106,0.217
-0.45,0.075,-2.18,0.0,-2.0,0.972,0.154,7.222,0.005,0.455,1322.26,9.384,0.443,18.313,0.384,0.758,0.118,0.747,-0.075,0.18
-0.4,-4.966,6.816,-5.0,7.0,0.966,0.156,7.23,0.005,0.457,1263.949,9.325,0.443,14.9,0.1,0.205,0.01,0.648,-0.034,0.184
-0.35,-4.952,-0.153,-5.0,0.0,0.972,0.151,7.202,0.005,0.451,1083.626,9.485,0.439,16.369,0.166,0.458,0.032,0.679,-0.048,0.153
-0.3,-2.941,-6.126,-3.0,-6.0,0.975,0.153,7.188,0.005,0.46,1053.193,9.553,0.443,15.599,0.186,0.403,0.032,0.68,-0.059,0.126
-0.25,2.018,5.886,2.0,6.0,0.978,0.158,7.236,0.005,0.459,1103.683,9.292,0.447,15.642,0.189,0.414,0.035,0.679,-0.018,0.114
-0.2,1.031,-3.078,1.0,-3.0,0.984,0.153,7.213,0.005,0.453,1177.945,9.431,0.439,17.06,0.231,0.597,0.059,0.703,-0.031,0.078
-0.15,-2.98,-0.066,-3.0,0.0,0.981,0.155,7.222,0.006,0.456,1420.854,9.371,0.443,17.675,0.281,0.654,0.071,0.709,-0.02,0.066
-0.1,-6.988,-6.039,-7.0,-6.0,0.968,0.153,7.209,0.006,0.451,1701.511,9.411,0.435,14.792,0.116,0.253,0.014,0.655,-0.012,0.039
-0.05,-0.993,-4.02,-1.0,-4.0,0.981,0.156,7.244,0.006,0.449,2180.931,9.2,0.435,16.47,0.229,0.55,0.056,0.705,-0.007,0.02
0.0,0.0,0.0,0.0,0.0,1.0,0.16,7.258,0.007,0.449,2846.011,8.984,0.443,100.0,1.0,1.0,1.0,1.0,0.0,0.0
0.0,-8.003,2.994,-8.0,3.0,0.97,0.16,7.245,0.007,0.452,2886.189,9.037,0.443,14.893,0.117,0.264,0.016,0.655,0.003,0.006
0.05,3.985,5.012,4.0,5.0,0.976,0.16,7.278,0.007,0.452,2249.942,8.991,0.443,15.386,0.162,0.397,0.028,0.67,0.015,-0.012
0.1,-7.026,1.053,-7.0,1.0,0.976,0.153,7.226,0.006,0.448,1699.759,9.313,0.435,15.462,0.137,0.334,0.022,0.668,0.026,-0.053
0.15,5.963,1.049,6.0,1.0,0.979,0.157,7.246,0.006,0.456,1435.582,9.243,0.447,15.553,0.129,0.375,0.021,0.664,0.037,-0.049
0.2,-3.049,-6.905,-3.0,-7.0,0.976,0.151,7.191,0.005,0.454,1167.744,9.529,0.439,15.396,0.167,0.357,0.026,0.671,0.049,-0.095
0.25,-0.042,-2.897,0.0,-3.0,0.983,0.153,7.203,0.005,0.456,1076.633,9.471,0.443,17.608,0.286,0.647,0.08,0.727,0.042,-0.103
0.3,-7.029,8.122,-7.0,8.0,0.97,0.153,7.214,0.005,0.452,1032.696,9.392,0.439,14.483,0.099,0.141,0.008,0.64,0.029,-0.122
0.35,1.972,8.131,2.0,8.0,0.979,0.157,7.242,0.005,0.455,1119.194,9.246,0.447,15.088,0.167,0.325,0.027,0.669,0.028,-0.131
0.4,3.924,-4.854,4.0,-5.0,0.976,0.154,7.219,0.005,0.455,1249.433,9.404,0.443,15.52,0.109,0.315,0.017,0.66,0.076,-0.146
0.45,-5.066,0.191,-5.0,0.0,0.972,0.152,7.213,0.005,0.448,1288.995,9.405,0.435,16.203,0.171,0.46,0.034,0.679,0.066,-0.191
0.5,-2.082,-3.783,-2.0,-4.0,0.965,0.155,7.209,0.005,0.458,1342.708,9.43,0.447,16.497,0.227,0.537,0.052,0.699,0.082,-0.217
0.55,-8.105,-6.753,-8.0,-7.0,0.952,0.151,7.181,0.005,0.452,1246.839,9.554,0.439,14.604,0.111,0.205,0.012,0.65,0.105,-0.247
0.6,-9.044,6.255,-9.0,6.0,0.948,0.155,7.213,0.005,0.455,1242.046,9.371,0.443,14.461,0.103,0.171,0.01,0.641,0.044,-0.255
0.65,2.922,0.255,3.0,0.0,0.955,0.156,7.227,0.005,0.457,1199.157,9.328,0.443,17.775,0.286,0.65,0.076,0.718,0.078,-0.255
0.7,-3.083,0.295,-3.0,0.0,0.947,0.153,7.211,0.005,0.452,1163.164,9.414,0.439,17.394,0.3,0.651,0.078,0.707,0.083,-0.295
0.75,2.898,-2.706,3.0,-3.0,0.945,0.154,7.22,0.005,0.453,1184.411,9.39,0.439,16.84,0.189,0.502,0.043,0.694,0.102,-0.294
0.8,5.861,-5.696,6.0,-6.0,0.933,0.155,7.222,0.005,0.457,1243.008,9.398,0.443,15.063,0.106,0.232,0.012,0.652,0.139,-0.304
0.85,1.886,-7.545,2.0,-8.0,0.922,0.152,7.208,0.005,0.453,1221.361,9.463,0.439,15.226,0.125,0.259,0.017,0.664,0.114,-0.455
0.9,5.948,0.464,6.0,0.0,0.906,0.157,7.239,0.006,0.457,1261.658,9.284,0.443,15.834,0.145,0.387,0.025,0.669,0.052,-0.464
0.95,6.957,1.497,7.0,1.0,0.898,0.156,7.243,0.005,0.453,1219.291,9.259,0.439,15.402,0.131,0.331,0.018,0.657,0.043,-0.497
1.0,-0.018,-0.405,0.0,-1.0,0.894,0.155,7.216,0.005,0.456,1218.646,9.377,0.443,19.38,0.454,0.799,0.166,0.779,0.018,-0.595
1.05,7.962,0.557,8.0,0.0,0.883,0.159,7.241,0.006,0.461,1243.216,9.27,0.447,15.123,0.123,0.287,0.016,0.654,0.038,-0.557
1.1,4.943,-4.392,5.0,-5.0,0.88,0.153,7.216,0.005,0.451,1184.334,9.399,0.439,15.615,0.123,0.304,0.018,0.664,0.057,-0.608
1.15,7.996,0.635,8.0,0.0,0.868,0.158,7.242,0.006,0.459,1280.847,9.255,0.451,15.15,0.124,0.289,0.016,0.654,0.004,-0.635
1.2,-8.895,8.147,-9.0,7.0,0.744,0.154,7.212,0.005,0.453,1242.13,9.369,0.443,14.255,0.092,0.146,0.009,0.641,-0.105,-1.147
1.25,-1.969,6.147,-2.0,5.0,0.737,0.157,7.227,0.005,0.458,1274.164,9.296,0.447,15.4,0.15,0.377,0.028,0.671,-0.031,-1.147
1.3,5.906,2.141,6.0,1.0,0.717,0.156,7.241,0.005,0.453,1229.328,9.258,0.439,15.847,0.158,0.395,0.026,0.667,0.094,-1.141
1.35,7.93,5.177,8.0,4.0,0.693,0.159,7.253,0.006,0.457,1244.448,9.179,0.447,14.769,0.119,0.261,0.015,0.653,0.07,-1.177
1.4,-0.145,-5.728,0.0,-7.0,0.709,0.152,7.198,0.005,0.454,1178.111,9.495,0.439,15.719,0.159,0.357,0.027,0.677,0.145,-1.272
1.45,-3.07,-1.659,-3.0,-3.0,0.703,0.153,7.201,0.005,0.455,1196.267,9.454,0.439,16.534,0.244,0.543,0.065,0.701,0.07,-1.341
1.5,0.007,4.375,0.0,3.0,0.68,0.155,7.228,0.005,0.452,1212.621,9.302,0.439,16.516,0.26,0.582,0.075,0.696,-0.007,-1.375
1.55,5.813,-5.65,6.0,-7.0,0.657,0.154,7.217,0.005,0.455,1228.902,9.418,0.443,15.1,0.109,0.22,0.012,0.654,0.187,-1.35
1.6,-8.096,-5.467,-8.0,-7.0,0.673,0.151,7.177,0.005,0.454,1218.761,9.575,0.439,14.583,0.111,0.208,0.013,0.652,0.096,-1.533
1.65,-5.922,7.631,-6.0,6.0,0.648,0.155,7.22,0.005,0.453,1255.71,9.337,0.443,14.6,0.104,0.208,0.013,0.645,-0.078,-1.631
1.7,7.385,-4.403,8.0,-6.0,0.63,0.155,7.224,0.005,0.457,1236.719,9.379,0.443,15.029,0.122,0.22,0.014,0.656,0.615,-1.597
1.75,0.006,6.694,0.0,5.0,0.63,0.155,7.232,0.005,0.452,1207.349,9.276,0.439,15.543,0.187,0.434,0.035,0.671,-0.006,-1.694
1.8,0.929,1.706,1.0,0.0,0.623,0.154,7.22,0.005,0.452,1184.108,9.346,0.439,17.114,0.29,0.65,0.087,0.711,0.071,-1.706
1.85,0.865,-1.24,1.0,-3.0,0.612,0.152,7.211,0.005,0.45,1176.192,9.403,0.439,17.697,0.278,0.591,0.083,0.723,0.135,-1.76
1.9,-7.2,-0.599,-7.0,-3.0,0.518,0.153,7.189,0.005,0.456,1211.734,9.492,0.443,15.162,0.143,0.314,0.022,0.666,0.2,-2.401
1.95,3.824,-0.139,4.0,-2.0,0.599,0.154,7.225,0.005,0.452,1231.294,9.332,0.439,16.641,0.225,0.499,0.06,0.696,0.176,-1.861
2.0,-2.182,1.435,-2.0,-1.0,0.519,0.155,7.21,0.005,0.457,1270.11,9.39,0.443,16.69,0.251,0.592,0.069,0.702,0.182,0.435
2.05,5.944,6.963,6.0,5.0,0.587,0.158,7.25,0.005,0.454,1258.29,9.182,0.443,15.212,0.175,0.361,0.03,0.672,0.056,-1.963
2.1,-9.716,-5.27,-9.0,-8.0,0.519,0.148,7.17,0.005,0.448,1172.039,9.609,0.435,14.488,0.108,0.177,0.011,0.65,0.716,-2.73
2.15,5.799,2.047,6.0,0.0,0.573,0.156,7.235,0.005,0.454,1223.351,9.27,0.443,15.766,0.164,0.397,0.033,0.672,0.201,-2.047
2.2,7.769,2.05,8.0,0.0,0.568,0.158,7.241,0.005,0.456,1228.464,9.236,0.443,15.162,0.129,0.3,0.019,0.655,0.231,-2.05
2.25,-9.222,2.801,-9.0,0.0,0.508,0.151,7.192,0.005,0.449,1177.232,9.463,0.435,14.821,0.121,0.252,0.015,0.649,0.222,-2.801
2.3,2.044,10.637,2.0,8.0,0.502,0.158,7.241,0.006,0.458,1257.411,9.215,0.447,14.546,0.135,0.293,0.02,0.66,-0.044,-2.637
2.35,-0.09,6.705,0.0,4.0,0.498,0.156,7.228,0.005,0.455,1240.173,9.28,0.443,15.47,0.194,0.455,0.044,0.674,0.09,-2.705
2.4,4.963,8.647,5.0,6.0,0.491,0.16,7.247,0.006,0.46,1281.573,9.187,0.447,15.026,0.184,0.369,0.034,0.675,0.037,-2.647
2.45,4.952,8.704,5.0,6.0,0.489,0.159,7.248,0.006,0.458,1258.563,9.19,0.447,15.049,0.186,0.369,0.034,0.674,0.048,-2.704
2.5,-3.849,-5.013,-3.0,-8.0,0.466,0.151,7.188,0.005,0.453,1211.95,9.545,0.439,15.369,0.161,0.33,0.025,0.664,0.849,-2.987
2.55,-1.176,6.933,-1.0,4.0,0.473,0.155,7.224,0.005,0.453,1229.253,9.298,0.443,15.257,0.177,0.423,0.038,0.667,0.176,-2.933
2.6,-7.286,2.138,-7.0,-1.0,0.461,0.15,7.195,0.005,0.446,1182.852,9.444,0.431,15.182,0.153,0.337,0.024,0.659,0.286,1.138
2.65,5.21,-1.096,6.0,-4.0,0.466,0.156,7.223,0.005,0.458,1234.918,9.357,0.447,15.818,0.165,0.347,0.034,0.68,0.79,-2.904
2.7,1.225,0.085,2.0,-3.0,0.454,0.154,7.214,0.005,0.454,1203.763,9.388,0.443,16.729,0.224,0.51,0.055,0.696,0.775,-2.915
2.75,-7.962,-4.698,-7.0,-8.0,0.438,0.151,7.177,0.005,0.454,1231.316,9.578,0.439,14.766,0.131,0.246,0.018,0.656,0.962,-3.302
2.8,-4.498,7.694,-4.0,4.0,0.422,0.154,7.216,0.005,0.453,1216.277,9.341,0.443,14.909,0.172,0.359,0.037,0.663,0.498,-3.694
2.85,6.297,5.044,7.0,2.0,0.449,0.156,7.246,0.005,0.45,1222.694,9.192,0.439,15.405,0.174,0.362,0.033,0.671,0.703,-3.044
2.9,-1.55,5.695,-1.0,2.0,0.423,0.155,7.22,0.005,0.455,1229.892,9.323,0.443,15.412,0.176,0.457,0.042,0.674,0.55,-3.695
2.95,-0.035,-4.732,1.0,-8.0,0.43,0.152,7.197,0.005,0.454,1206.25,9.511,0.443,15.634,0.148,0.324,0.024,0.672,0.965,-3.268
3.0,-0.674,3.781,0.0,0.0,0.424,0.156,7.216,0.005,0.456,1233.812,9.35,0.447,15.786,0.198,0.5,0.05,0.682,0.674,-3.781
-3.0,-1.585,-1.396,0.0,1.0,0.201,0.053,4.264,0.001,0.71,441.867,22.458,0.71,23.099,0.314,0.584,0.031,0.747,1.585,-0.396
-2.95,-5.588,-11.284,-5.0,-9.0,0.198,0.048,4.284,0.001,0.687,367.795,23.131,0.686,24.878,0.326,0.569,0.02,0.74,0.588,2.284
-2.9,3.611,6.949,2.0,7.0,0.281,0.053,4.26,0.001,0.642,436.068,21.626,0.643,23.835,0.304,0.569,0.026,0.746,-1.611,0.051
-2.85,-7.51,-2.307,-6.0,0.0,0.227,0.048,4.286,0.001,0.67,353.727,22.964,0.671,25.343,0.341,0.565,0.028,0.751,1.51,2.307
-2.8,6.656,-1.723,4.0,-2.0,0.262,0.043,4.262,0.001,0.689,303.792,24.111,0.69,25.44,0.37,0.638,0.036,0.761,-2.656,-0.277
-2.75,2.563,-1.865,0.0,-2.0,0.284,0.043,4.272,0.001,0.707,296.246,24.326,0.71,24.031,0.357,0.641,0.038,0.76,-2.563,-0.135
-2.7,4.79,-0.268,3.0,2.0,0.252,0.049,4.261,0.001,0.641,382.845,22.314,0.643,24.205,0.341,0.615,0.037,0.758,-1.79,1.732
-2.65,-0.365,-9.056,-3.0,-8.0,0.261,0.059,4.275,0.002,0.67,546.186,21.096,0.671,24.084,0.282,0.537,0.021,0.724,-2.635,1.056
-2.6,2.189,4.087,2.0,5.0,0.367,0.047,4.262,0.001,0.649,343.584,22.835,0.651,24.801,0.336,0.616,0.035,0.761,-0.189,0.913
-2.55,-0.807,3.058,-1.0,4.0,0.387,0.051,4.267,0.001,0.627,400.67,21.736,0.627,22.946,0.319,0.601,0.034,0.755,-0.193,0.942
-2.5,-6.255,5.968,-8.0,7.0,0.316,0.054,4.29,0.001,0.606,438.075,21.068,0.604,21.123,0.282,0.485,0.009,0.731,-1.745,1.032
-2.45,-8.743,4.514,-9.0,6.0,0.366,0.057,4.292,0.001,0.677,493.114,21.44,0.675,24.078,0.282,0.476,0.01,0.726,-0.257,1.486
-2.4,3.272,3.2,3.0,4.0,0.418,0.049,4.26,0.001,0.594,377.833,21.756,0.596,20.6,0.345,0.622,0.039,0.761,-0.272,0.8
-2.35,-5.8,-8.821,-6.0,-8.0,0.38,0.048,4.29,0.001,0.694,362.709,23.172,0.694,24.532,0.336,0.557,0.018,0.741,-0.2,0.821
-2.3,-7.382,2.872,-9.0,3.0,0.381,0.052,4.291,0.001,0.711,407.03,22.656,0.71,22.897,0.297,0.495,0.01,0.735,-1.618,0.128
-2.25,-5.716,-6.812,-6.0,-6.0,0.407,0.05,4.287,0.001,0.671,380.895,22.499,0.671,24.991,0.32,0.538,0.017,0.74,-0.284,0.812
-2.2,-1.44,-0.045,-3.0,0.0,0.411,0.054,4.277,0.001,0.666,440.245,21.868,0.667,24.885,0.344,0.608,0.04,0.75,-1.56,0.045
-2.15,6.29,0.299,6.0,1.0,0.493,0.048,4.252,0.001,0.627,363.194,22.376,0.631,23.133,0.318,0.548,0.016,0.748,-0.29,0.701
-2.1,5.761,-8.684,5.0,-8.0,0.456,0.056,4.26,0.001,0.675,516.957,21.664,0.678,24.318,0.279,0.502,0.014,0.725,-0.761,0.684
-2.05,-0.765,0.274,-1.0,1.0,0.522,0.054,4.273,0.001,0.632,453.839,21.401,0.635,23.278,0.32,0.626,0.046,0.761,-0.235,0.726
-2.0,9.56,-2.147,8.0,-2.0,0.427,0.054,4.258,0.001,0.67,488.567,21.85,0.675,24.245,0.264,0.455,0.007,0.722,-1.56,0.147
-1.95,2.309,-5.661,2.0,-5.0,0.528,0.05,4.268,0.001,0.71,400.91,23.078,0.71,23.497,0.348,0.63,0.039,0.754,-0.309,0.661
-1.9,-6.244,-8.782,-7.0,-8.0,0.508,0.057,4.288,0.001,0.684,502.883,21.528,0.682,23.803,0.254,0.457,0.007,0.718,-0.756,0.782
-1.85,-3.78,-1.742,-4.0,-1.0,0.582,0.052,4.282,0.001,0.734,411.584,23.026,0.733,21.483,0.354,0.593,0.041,0.754,-0.22,0.742
-1.8,-6.85,6.292,-7.0,7.0,0.567,0.056,4.284,0.001,0.714,463.501,22.143,0.714,22.372,0.26,0.458,0.007,0.725,-0.15,0.708
-1.75,7.129,4.367,7.0,5.0,0.618,0.054,4.25,0.001,0.727,467.581,22.619,0.729,21.663,0.273,0.48,0.008,0.727,-0.129,0.633
-1.7,-8.762,-4.714,-9.0,-4.0,0.595,0.048,4.295,0.001,0.671,352.252,22.938,0.671,24.978,0.308,0.503,0.008,0.74,-0.238,0.714
-1.65,8.701,-8.476,8.0,-8.0,0.566,0.053,4.261,0.001,0.612,468.811,21.254,0.616,21.466,0.272,0.457,0.006,0.72,-0.701,0.476
-1.6,-0.974,6.377,-1.0,7.0,0.648,0.052,4.275,0.001,0.701,427.04,22.643,0.702,24.037,0.344,0.626,0.031,0.748,-0.026,0.623
-1.55,-4.89,-0.664,-5.0,0.0,0.693,0.05,4.288,0.001,0.65,389.513,22.196,0.651,24.277,0.288,0.528,0.012,0.742,-0.11,0.664
-1.5,-4.978,6.403,-5.0,7.0,0.689,0.049,4.28,0.001,0.647,359.52,22.429,0.647,24.202,0.29,0.514,0.008,0.734,-0.022,0.597
-1.45,-3.865,-7.607,-4.0,-7.0,0.7,0.062,4.277,0.002,0.68,564.123,20.782,0.678,23.806,0.283,0.515,0.02,0.723,-0.135,0.607
-1.4,5.623,-6.16,5.0,-6.0,0.677,0.049,4.249,0.001,0.698,386.942,23.019,0.702,24.051,0.303,0.532,0.01,0.737,-0.623,0.16
-1.35,-9.033,5.425,-9.0,6.0,0.736,0.065,4.292,0.002,0.709,610.716,20.756,0.706,22.091,0.252,0.417,0.007,0.71,0.033,0.575
-1.3,-0.005,3.487,0.0,4.0,0.789,0.05,4.273,0.001,0.71,405.491,23.038,0.71,23.657,0.38,0.698,0.056,0.773,0.005,0.513
-1.25,2.033,-4.402,2.0,-4.0,0.793,0.045,4.269,0.001,0.6,337.462,22.516,0.6,21.238,0.362,0.655,0.049,0.769,-0.033,0.402
-1.2,5.971,-3.101,6.0,-3.0,0.815,0.051,4.262,0.001,0.607,437.817,21.576,0.612,21.387,0.308,0.518,0.009,0.731,0.029,0.101
-1.15,-1.661,-5.354,-2.0,-5.0,0.754,0.049,4.28,0.001,0.63,384.972,22.245,0.631,23.678,0.39,0.678,0.047,0.765,-0.339,0.354
-1.1,-7.674,-8.385,-8.0,-8.0,0.747,0.053,4.286,0.001,0.643,410.202,21.704,0.643,23.628,0.298,0.483,0.006,0.727,-0.326,0.385
-1.05,0.947,5.626,1.0,6.0,0.855,0.05,4.262,0.001,0.619,394.696,21.78,0.62,22.797,0.412,0.712,0.054,0.761,0.053,0.374
-1.0,0.952,3.855,1.0,4.0,0.873,0.05,4.265,0.001,0.582,384.424,21.293,0.584,19.798,0.418,0.726,0.066,0.777,0.048,0.145
-0.95,7.208,-1.044,7.0,-1.0,0.849,0.05,4.254,0.001,0.684,407.84,22.702,0.686,24.703,0.34,0.525,0.01,0.731,-0.208,0.044
-0.9,-2.944,-7.145,-3.0,-7.0,0.866,0.051,4.289,0.001,0.691,408.643,22.715,0.69,24.793,0.339,0.619,0.028,0.751,-0.056,0.145
-0.85,1.047,-9.095,1.0,-9.0,0.86,0.047,4.276,0.001,0.662,369.209,23.0,0.663,25.472,0.337,0.635,0.034,0.749,-0.047,0.095
-0.8,-8.038,7.86,-8.0,8.0,0.881,0.051,4.29,0.001,0.616,393.251,21.666,0.616,22.021,0.325,0.502,0.009,0.733,0.038,0.14
-0.75,-4.01,1.862,-4.0,2.0,0.92,0.052,4.281,0.001,0.681,404.035,22.388,0.682,24.276,0.219,0.485,0.007,0.744,0.01,0.138
-0.7,6.975,6.961,7.0,7.0,0.875,0.052,4.239,0.001,0.711,407.749,22.725,0.714,22.942,0.302,0.49,0.007,0.725,0.025,0.039
-0.65,7.034,-0.024,7.0,0.0,0.929,0.053,4.244,0.001,0.652,428.524,21.827,0.655,24.33,0.346,0.516,0.011,0.727,-0.034,0.024
-0.6,-5.971,0.891,-6.0,1.0,0.93,0.051,4.283,0.001,0.664,397.226,22.243,0.663,24.586,0.298,0.502,0.006,0.735,-0.029,0.109
-0.55,-7.937,-6.163,-8.0,-6.0,0.88,0.047,4.292,0.001,0.63,340.674,22.61,0.627,23.421,0.373,0.55,0.009,0.735,-0.063,0.163
-0.5,8.015,-0.004,8.0,0.0,0.941,0.045,4.264,0.001,0.642,356.71,23.031,0.643,24.434,0.394,0.558,0.013,0.737,-0.015,0.004
-0.45,-7.967,0.913,-8.0,1.0,0.926,0.05,4.301,0.001,0.678,399.954,22.692,0.678,25.091,0.381,0.546,0.012,0.733,-0.033,0.087
-0.4,-0.988,1.893,-1.0,2.0,0.944,0.044,4.28,0.001,0.705,315.75,24.151,0.706,25.124,0.505,0.807,0.099,0.816,-0.012,0.107
-0.35,5.002,-2.035,5.0,-2.0,0.928,0.057,4.242,0.002,0.671,493.967,21.435,0.675,23.896,0.22,0.444,0.003,0.721,-0.002,0.035
-0.3,7.004,5.965,7.0,6.0,0.892,0.059,4.224,0.002,0.654,500.737,20.845,0.659,23.606,0.284,0.45,0.006,0.709,-0.004,0.035
-0.25,5.963,5.939,6.0,6.0,0.902,0.058,4.226,0.002,0.659,484.66,21.041,0.663,23.508,0.207,0.408,0.002,0.712,0.037,0.061
-0.2,8.023,-6.045,8.0,-6.0,0.899,0.058,4.246,0.002,0.654,523.156,21.039,0.659,23.758,0.311,0.461,0.009,0.713,-0.023,0.045
-0.15,-2.991,0.985,-3.0,1.0,0.963,0.057,4.299,0.002,0.632,525.31,20.929,0.631,22.566,0.175,0.481,0.01,0.753,-0.009,0.015
-0.1,1.026,3.872,1.0,4.0,0.948,0.056,4.318,0.002,0.654,596.236,21.378,0.655,25.906,0.543,0.793,0.091,0.781,-0.026,0.128
-0.05,-6.039,7.975,-6.0,8.0,0.918,0.048,4.373,0.001,0.652,486.221,22.706,0.651,24.83,0.377,0.565,0.012,0.731,0.039,0.025
0.0,0.0,0.0,0.0,0.0,1.0,0.041,4.413,0.001,0.67,450.886,24.221,0.671,100.0,1.0,1.0,1.0,1.0,0.0,0.0
0.0,-7.007,-8.034,-7.0,-8.0,0.908,0.046,4.422,0.001,0.64,530.995,22.913,0.639,23.914,0.309,0.536,0.004,0.729,0.007,0.034
0.05,-0.011,-3.019,0.0,-3.0,0.944,0.048,4.373,0.001,0.622,520.669,22.271,0.624,24.088,0.636,0.863,0.144,0.829,0.011,0.019
0.1,-2.014,2.912,-2.0,3.0,0.941,0.049,4.331,0.001,0.64,462.278,22.309,0.639,23.807,0.241,0.594,0.018,0.758,0.014,0.088
0.15,-6.993,-6.962,-7.0,-7.0,0.908,0.052,4.304,0.001,0.661,439.323,22.003,0.659,24.418,0.299,0.494,0.005,0.725,-0.007,-0.038
0.2,2.934,-0.992,3.0,-1.0,0.95,0.053,4.255,0.001,0.646,410.016,21.803,0.647,23.725,0.193,0.502,0.011,0.757,0.066,-0.008
0.25,-5.026,7.029,-5.0,7.0,0.909,0.051,4.26,0.001,0.667,350.129,22.327,0.667,24.746,0.294,0.503,0.005,0.73,0.026,-0.029
0.3,2.966,7.016,3.0,7.0,0.913,0.055,4.235,0.001,0.653,409.865,21.567,0.655,24.224,0.26,0.569,0.014,0.734,0.034,-0.016
0.35,-4.041,-2.935,-4.0,-3.0,0.923,0.051,4.273,0.001,0.713,388.751,22.826,0.714,22.602,0.182,0.457,0.005,0.746,0.041,-0.065
0.4,-2.049,-5.019,-2.0,-5.0,0.92,0.045,4.285,0.001,0.696,333.339,23.802,0.698,25.302,0.426,0.722,0.047,0.768,0.049,0.019
0.45,3.923,-4.008,4.0,-4.0,0.907,0.044,4.277,0.001,0.682,337.713,23.83,0.686,24.877,0.241,0.508,0.005,0.744,0.077,0.008
0.5,-4.047,-4.966,-4.0,-5.0,0.906,0.052,4.291,0.001,0.632,435.893,21.765,0.631,22.829,0.191,0.475,0.006,0.742,0.047,-0.034
0.55,-0.064,-5.962,0.0,-6.0,0.907,0.049,4.278,0.001,0.603,385.37,21.884,0.604,21.714,0.496,0.771,0.072,0.775,0.064,-0.038
0.6,-6.042,-5.903,-6.0,-6.0,0.887,0.044,4.282,0.001,0.649,291.208,23.443,0.647,24.742,0.292,0.519,0.004,0.742,0.042,-0.097
0.65,8.003,1.977,8.0,2.0,0.91,0.053,4.244,0.001,0.67,443.173,21.964,0.675,24.638,0.346,0.502,0.01,0.724,-0.003,0.023
0.7,-4.995,8.094,-5.0,8.0,0.873,0.053,4.269,0.001,0.638,393.979,21.66,0.639,23.516,0.301,0.505,0.008,0.728,-0.005,-0.094
0.75,-6.029,-0.888,-6.0,-1.0,0.901,0.058,4.282,0.002,0.699,512.125,21.561,0.698,23.178,0.268,0.465,0.006,0.724,0.029,-0.112
0.8,-6.994,-0.868,-7.0,-1.0,0.889,0.05,4.295,0.001,0.698,385.343,22.982,0.698,24.155,0.353,0.536,0.01,0.737,-0.006,-0.132
0.85,-9.069,-4.842,-9.0,-5.0,0.861,0.051,4.302,0.001,0.651,411.629,22.139,0.651,24.357,0.34,0.508,0.009,0.73,0.069,-0.158
0.9,-5.021,-3.832,-5.0,-4.0,0.855,0.052,4.291,0.001,0.681,432.811,22.325,0.682,24.303,0.234,0.477,0.005,0.738,0.021,-0.168
0.95,-4.004,1.313,-4.0,1.0,0.897,0.053,4.282,0.001,0.616,436.874,21.235,0.616,21.746,0.223,0.494,0.008,0.747,0.004,-0.313
1.0,-0.999,-1.616,-1.0,-2.0,0.885,0.054,4.272,0.001,0.594,445.912,20.806,0.596,20.712,0.428,0.741,0.095,0.791,-0.001,-0.384
1.05,-8.953,2.194,-9.0,2.0,0.858,0.049,4.289,0.001,0.588,358.309,21.547,0.584,19.936,0.308,0.491,0.007,0.733,-0.047,-0.194
1.1,5.678,4.044,6.0,4.0,0.776,0.057,4.254,0.002,0.604,518.327,20.56,0.608,20.711,0.238,0.441,0.005,0.715,0.322,-0.044
1.15,-0.918,7.422,-1.0,7.0,0.826,0.05,4.271,0.001,0.7,397.961,22.948,0.702,24.255,0.357,0.65,0.041,0.751,-0.082,-0.422
1.2,-3.973,3.421,-4.0,3.0,0.809,0.048,4.285,0.001,0.667,377.294,22.867,0.667,25.056,0.283,0.549,0.012,0.749,-0.027,-0.421
1.25,6.538,-3.878,7.0,-4.0,0.72,0.049,4.266,0.001,0.714,411.785,23.301,0.718,22.892,0.311,0.51,0.007,0.735,0.462,-0.122
1.3,5.511,-4.882,6.0,-5.0,0.699,0.046,4.267,0.001,0.686,349.229,23.56,0.69,24.868,0.31,0.523,0.007,0.739,0.489,-0.118
1.35,7.497,-1.878,8.0,-2.0,0.698,0.047,4.259,0.001,0.656,362.881,22.935,0.659,24.832,0.322,0.513,0.008,0.738,0.503,-0.122
1.4,5.913,-6.55,6.0,-7.0,0.722,0.043,4.258,0.001,0.646,304.824,23.486,0.647,24.577,0.318,0.53,0.007,0.742,0.087,-0.45
1.45,0.861,-6.457,1.0,-7.0,0.707,0.049,4.264,0.001,0.621,368.038,22.039,0.624,22.841,0.36,0.643,0.034,0.754,0.139,-0.543
1.5,7.345,-0.56,7.0,-1.0,0.632,0.051,4.253,0.001,0.642,414.839,21.956,0.647,23.612,0.278,0.48,0.006,0.731,-0.345,-0.44
1.55,-0.116,-2.375,0.0,-3.0,0.702,0.052,4.272,0.001,0.615,416.255,21.545,0.616,22.248,0.352,0.675,0.059,0.774,0.116,-0.625
1.6,-5.14,-4.285,-5.0,-5.0,0.673,0.051,4.287,0.001,0.653,419.25,22.063,0.651,24.499,0.309,0.544,0.016,0.746,0.14,-0.715
1.65,4.784,-7.441,5.0,-8.0,0.624,0.049,4.269,0.001,0.644,399.566,22.388,0.647,23.968,0.286,0.503,0.007,0.732,0.216,-0.559
1.7,-3.153,-2.283,-3.0,-3.0,0.653,0.052,4.281,0.001,0.616,434.169,21.497,0.616,22.247,0.347,0.623,0.049,0.768,0.153,-0.717
1.75,-3.166,-3.289,-3.0,-4.0,0.63,0.05,4.28,0.001,0.66,402.369,22.354,0.659,25.144,0.35,0.628,0.044,0.767,0.166,-0.711
1.8,-7.153,3.742,-7.0,3.0,0.573,0.05,4.286,0.001,0.764,381.905,23.66,0.765,19.175,0.289,0.5,0.008,0.734,0.153,-0.742
1.85,-2.287,-6.277,-2.0,-7.0,0.562,0.049,4.274,0.001,0.693,373.806,22.947,0.694,24.56,0.33,0.622,0.035,0.754,0.287,-0.723
1.9,-2.145,3.718,-2.0,3.0,0.571,0.049,4.272,0.001,0.666,361.673,22.728,0.667,25.47,0.36,0.65,0.052,0.765,0.145,-0.718
1.95,0.678,-5.275,1.0,-6.0,0.527,0.049,4.271,0.001,0.723,385.599,23.323,0.725,22.457,0.338,0.627,0.032,0.752,0.322,-0.725
2.0,-6.272,-1.175,-6.0,-2.0,0.514,0.052,4.288,0.001,0.689,425.516,22.386,0.686,24.36,0.302,0.523,0.013,0.743,0.272,-0.825
2.05,-5.215,1.724,-5.0,1.0,0.52,0.052,4.28,0.001,0.624,410.232,21.582,0.624,22.768,0.331,0.564,0.028,0.749,0.215,-0.724
2.1,-6.795,-2.147,-6.0,-3.0,0.492,0.057,4.284,0.001,0.624,494.083,20.753,0.624,22.333,0.288,0.502,0.015,0.736,0.795,-0.853
2.15,4.759,0.689,5.0,0.0,0.472,0.045,4.262,0.001,0.692,319.238,23.814,0.694,24.994,0.358,0.587,0.033,0.756,0.241,-0.689
2.2,0.781,7.685,1.0,7.0,0.453,0.063,4.262,0.002,0.669,612.165,20.507,0.671,23.664,0.255,0.535,0.027,0.719,0.219,-0.685
2.25,5.149,-7.348,6.0,-8.0,0.416,0.053,4.263,0.001,0.634,450.257,21.579,0.639,23.077,0.265,0.469,0.009,0.73,0.851,-0.652
2.3,-9.074,5.849,-9.0,5.0,0.421,0.055,4.29,0.001,0.699,449.832,22.097,0.698,23.434,0.282,0.471,0.008,0.723,0.074,-0.849
2.35,4.758,3.642,5.0,3.0,0.411,0.062,4.265,0.002,0.689,600.356,20.968,0.694,23.529,0.296,0.514,0.028,0.723,0.242,-0.642
2.4,0.825,8.752,1.0,8.0,0.402,0.046,4.268,0.001,0.701,342.899,23.6,0.702,24.258,0.327,0.612,0.029,0.745,0.175,-0.752
2.45,5.697,1.599,6.0,1.0,0.389,0.057,4.264,0.002,0.702,504.13,21.887,0.706,23.2,0.285,0.492,0.02,0.73,0.303,-0.599
2.5,-0.109,3.804,0.0,3.0,0.383,0.045,4.266,0.001,0.659,321.307,23.26,0.659,25.417,0.34,0.633,0.04,0.758,0.109,-0.804
2.55,3.786,0.09,3.0,0.0,0.357,0.046,4.267,0.001,0.69,330.703,23.482,0.694,25.031,0.361,0.631,0.037,0.756,-0.786,-0.09
2.6,6.753,0.658,7.0,0.0,0.36,0.051,4.26,0.001,0.712,409.314,22.948,0.718,22.944,0.297,0.505,0.014,0.739,0.247,-0.658
2.65,7.7,7.637,8.0,7.0,0.328,0.06,4.254,0.002,0.695,566.295,21.339,0.698,23.192,0.256,0.439,0.01,0.717,0.3,-0.637
2.7,0.918,3.823,1.0,3.0,0.344,0.048,4.268,0.001,0.662,360.535,22.86,0.663,25.248,0.333,0.615,0.036,0.752,0.082,-0.823
2.75,1.915,-1.076,2.0,-2.0,0.327,0.045,4.271,0.001,0.656,326.277,23.302,0.659,25.371,0.354,0.633,0.035,0.76,0.085,-0.924
2.8,-10.131,-6.525,-9.0,-8.0,0.284,0.052,4.298,0.001,0.672,427.388,22.171,0.671,24.603,0.295,0.489,0.009,0.731,1.131,-1.475
2.85,-3.518,2.898,-1.0,3.0,0.245,0.045,4.269,0.001,0.678,317.409,23.5,0.678,25.498,0.343,0.626,0.036,0.758,2.518,0.102
2.9,8.495,1.385,7.0,0.0,0.245,0.052,4.263,0.001,0.649,443.754,21.882,0.651,24.19,0.313,0.515,0.021,0.739,-1.495,-1.385
2.95,-6.173,-2.475,-5.0,-4.0,0.316,0.065,4.281,0.002,0.667,650.327,20.258,0.667,23.554,0.273,0.512,0.025,0.723,1.173,-1.525
3.0,-1.436,8.434,-3.0,6.0,0.193,0.053,4.269,0.001,0.544,435.603,20.151,0.545,17.121,0.304,0.575,0.028,0.738,-1.564,-2.434
-3.0,-1.208,-2.296,-2.0,-4.0,0.23,0.112,6.351,0.006,0.624,3439.743,14.949,0.624,17.101,0.067,0.369,0.021,0.74,-0.792,-1.704
-2.95,6.104,2.095,8.0,2.0,0.251,0.107,6.37,0.006,0.609,3132.153,15.107,0.612,17.215,0.061,0.367,0.016,0.734,1.896,-0.095
-2.9,-0.044,-6.036,2.0,-6.0,0.273,0.111,6.353,0.006,0.603,3467.454,14.691,0.604,17.022,0.065,0.334,0.019,0.74,1.956,0.036
-2.85,-4.379,-7.047,0.0,-8.0,0.15,0.111,6.354,0.006,0.607,3476.852,14.753,0.608,16.86,0.053,0.258,0.01,0.736,4.379,-0.953
-2.8,3.106,0.047,5.0,0.0,0.285,0.111,6.368,0.006,0.595,3450.374,14.62,0.6,17.111,0.066,0.39,0.024,0.744,1.894,-0.047
-2.75,-3.498,-0.944,-5.0,0.0,0.257,0.108,6.367,0.006,0.625,3236.931,15.262,0.627,17.261,0.07,0.389,0.022,0.74,-1.502,0.944
-2.7,-0.91,-6.998,1.0,-7.0,0.308,0.106,6.355,0.005,0.59,3148.552,14.909,0.592,17.021,0.063,0.304,0.013,0.737,0.09,-0.002
-2.65,-10.838,-4.054,-9.0,-4.0,0.288,0.11,6.352,0.006,0.589,3391.708,14.536,0.588,16.948,0.059,0.325,0.012,0.74,1.838,0.054
-2.6,-1.838,0.088,0.0,0.0,0.32,0.109,6.36,0.006,0.594,3216.124,14.761,0.596,17.236,0.07,0.414,0.028,0.742,1.838,-0.088
-2.55,0.198,4.049,2.0,4.0,0.323,0.111,6.369,0.006,0.602,3319.841,14.718,0.604,17.143,0.066,0.385,0.026,0.739,1.802,-0.049
-2.5,5.287,6.398,6.0,8.0,0.311,0.111,6.377,0.006,0.598,3335.608,14.608,0.6,16.788,0.052,0.259,0.008,0.726,0.713,1.602
-2.45,5.331,-1.592,6.0,0.0,0.305,0.112,6.365,0.006,0.617,3468.679,14.814,0.62,17.192,0.068,0.383,0.023,0.744,0.669,1.592
-2.4,8.672,7.945,8.0,8.0,0.369,0.115,6.383,0.006,0.592,3621.334,14.259,0.592,16.593,0.05,0.25,0.007,0.725,-0.672,0.055
-2.35,-2.32,4.87,-3.0,5.0,0.382,0.106,6.377,0.005,0.635,3099.186,15.521,0.635,17.246,0.08,0.365,0.023,0.74,-0.68,0.13
-2.3,-0.679,-6.92,1.0,-7.0,0.385,0.11,6.356,0.006,0.62,3341.49,15.053,0.62,16.944,0.045,0.272,0.011,0.738,0.321,-0.08
-2.25,7.695,0.935,7.0,1.0,0.42,0.114,6.362,0.006,0.616,3546.028,14.677,0.62,17.132,0.066,0.381,0.018,0.741,-0.695,0.065
-2.2,6.691,-3.068,6.0,-3.0,0.439,0.115,6.352,0.006,0.631,3618.908,14.794,0.635,16.959,0.054,0.347,0.016,0.743,-0.691,0.068
-2.15,4.104,-5.723,4.0,-5.0,0.458,0.112,6.354,0.006,0.622,3505.527,14.856,0.62,17.089,0.071,0.347,0.018,0.741,-0.104,0.723
-2.1,-8.417,5.787,-9.0,6.0,0.426,0.112,6.376,0.006,0.611,3390.111,14.774,0.612,16.935,0.065,0.279,0.008,0.731,-0.583,0.213
-2.05,3.588,3.873,3.0,4.0,0.474,0.11,6.375,0.006,0.61,3386.935,14.854,0.612,17.292,0.081,0.4,0.029,0.744,-0.588,0.127
-2.0,0.171,-7.34,0.0,-6.0,0.423,0.111,6.362,0.006,0.607,3459.603,14.795,0.608,16.931,0.036,0.292,0.013,0.737,-0.171,1.34
-1.95,0.541,4.865,0.0,5.0,0.492,0.108,6.375,0.006,0.616,3253.117,15.09,0.62,17.24,0.066,0.354,0.021,0.736,-0.541,0.135
-1.9,4.616,-5.083,4.0,-5.0,0.519,0.111,6.357,0.006,0.628,3418.279,15.068,0.635,17.068,0.061,0.334,0.015,0.738,-0.616,0.083
-1.85,2.642,-8.1,2.0,-8.0,0.536,0.112,6.352,0.006,0.614,3461.239,14.763,0.616,16.815,0.052,0.248,0.008,0.735,-0.642,0.1
-1.8,-4.525,4.793,-5.0,5.0,0.519,0.11,6.368,0.006,0.616,3222.843,14.977,0.616,17.026,0.047,0.302,0.012,0.732,-0.475,0.207
-1.75,-1.46,-0.164,-2.0,0.0,0.555,0.111,6.36,0.006,0.619,3375.442,14.913,0.624,17.445,0.078,0.473,0.043,0.752,-0.54,0.164
-1.7,2.458,4.837,2.0,5.0,0.565,0.11,6.374,0.006,0.605,3331.716,14.789,0.608,17.045,0.04,0.324,0.016,0.733,-0.458,0.163
-1.65,-7.914,-0.648,-8.0,0.0,0.607,0.114,6.365,0.006,0.616,3631.48,14.651,0.62,17.235,0.075,0.395,0.017,0.744,-0.086,0.648
-1.6,-4.548,-0.191,-5.0,0.0,0.594,0.116,6.366,0.006,0.615,3791.393,14.477,0.62,17.213,0.071,0.421,0.026,0.748,-0.452,0.191
-1.55,-6.951,6.37,-7.0,7.0,0.639,0.109,6.377,0.006,0.593,3235.648,14.688,0.596,16.782,0.052,0.255,0.006,0.727,-0.049,0.63
-1.5,3.453,-3.126,3.0,-3.0,0.644,0.108,6.355,0.006,0.601,3169.397,14.942,0.604,17.47,0.093,0.438,0.033,0.747,-0.453,0.126
-1.45,-5.615,-0.157,-6.0,0.0,0.648,0.115,6.352,0.006,0.615,3538.519,14.563,0.62,17.32,0.078,0.418,0.022,0.745,-0.385,0.157
-1.4,-5.635,-0.145,-6.0,0.0,0.667,0.112,6.355,0.006,0.614,3369.148,14.795,0.62,17.45,0.082,0.426,0.022,0.745,-0.365,0.145
-1.35,0.37,-1.12,0.0,-1.0,0.703,0.114,6.362,0.006,0.599,3559.567,14.427,0.604,17.454,0.101,0.535,0.06,0.759,-0.37,0.12
-1.3,-4.728,3.845,-5.0,4.0,0.693,0.108,6.372,0.006,0.584,3273.917,14.629,0.584,16.853,0.035,0.305,0.012,0.735,-0.272,0.155
-1.25,3.29,-0.077,3.0,0.0,0.736,0.113,6.37,0.006,0.598,3632.342,14.469,0.6,17.572,0.109,0.513,0.051,0.754,-0.29,0.077
-1.2,0.239,3.901,0.0,4.0,0.754,0.114,6.376,0.006,0.61,3652.083,14.609,0.612,16.964,0.034,0.349,0.02,0.736,-0.239,0.099
-1.15,3.245,-1.063,3.0,-1.0,0.779,0.114,6.363,0.006,0.616,3616.568,14.666,0.62,17.542,0.097,0.509,0.047,0.755,-0.245,0.063
-1.1,5.899,7.969,6.0,8.0,0.862,0.114,6.371,0.006,0.626,3439.023,14.806,0.627,16.683,0.053,0.25,0.006,0.725,0.101,0.031
-1.05,-0.115,7.908,0.0,8.0,0.887,0.111,6.37,0.006,0.601,3258.397,14.647,0.604,16.77,0.058,0.263,0.006,0.725,0.115,0.092
-1.0,-5.061,-2.11,-5.0,-2.0,0.889,0.112,6.354,0.006,0.609,3383.207,14.717,0.612,17.318,0.063,0.392,0.022,0.746,0.061,0.11
-0.95,-0.014,-4.076,0.0,-4.0,0.906,0.113,6.363,0.006,0.619,3496.602,14.808,0.624,17.122,0.051,0.348,0.019,0.737,0.014,0.076
-0.9,-6.125,7.876,-6.0,8.0,0.892,0.11,6.387,0.006,0.587,3335.978,14.548,0.588,16.582,0.044,0.225,0.006,0.725,0.125,0.124
-0.85,2.971,-4.062,3.0,-4.0,0.914,0.11,6.374,0.006,0.613,3466.498,14.904,0.616,17.076,0.035,0.313,0.013,0.734,0.029,0.062
-0.8,-0.013,-6.07,0.0,-6.0,0.925,0.117,6.369,0.007,0.616,3846.413,14.436,0.616,16.754,0.041,0.277,0.008,0.732,0.013,0.07
-0.75,2.958,-1.055,3.0,-1.0,0.93,0.116,6.355,0.006,0.628,3638.018,14.648,0.631,17.543,0.115,0.534,0.046,0.757,0.042,0.055
-0.7,6.989,-5.04,7.0,-5.0,0.925,0.116,6.348,0.006,0.621,3485.817,14.572,0.627,16.732,0.038,0.256,0.006,0.732,0.011,0.04
-0.65,3.972,-3.058,4.0,-3.0,0.945,0.115,6.35,0.006,0.618,3489.271,14.575,0.624,16.983,0.029,0.321,0.014,0.738,0.028,0.058
-0.6,8.015,-9.04,8.0,-9.0,0.92,0.119,6.351,0.007,0.621,3889.434,14.345,0.624,16.425,0.052,0.21,0.005,0.735,-0.015,0.04
-0.55,-3.006,-6.081,-3.0,-6.0,0.948,0.116,6.371,0.007,0.601,3819.216,14.253,0.6,16.737,0.044,0.272,0.008,0.731,0.006,0.081
-0.5,-0.015,-3.06,0.0,-3.0,0.965,0.114,6.386,0.006,0.588,3778.921,14.279,0.592,16.961,0.037,0.362,0.026,0.741,0.015,0.06
-0.45,-3.039,3.926,-3.0,4.0,0.963,0.113,6.389,0.006,0.598,3808.773,14.453,0.6,16.863,0.043,0.313,0.011,0.732,0.039,0.074
-0.4,-1.025,1.941,-1.0,2.0,0.977,0.116,6.372,0.006,0.59,3821.382,14.147,0.592,16.88,-0.001,0.0,0.042,0.75,0.025,0.059
-0.35,-8.026,-0.064,-8.0,0.0,0.967,0.117,6.341,0.006,0.624,3450.99,14.56,0.627,17.716,0.149,0.478,0.023,0.76,0.026,0.064
-0.3,-9.034,6.941,-9.0,7.0,0.956,0.112,6.34,0.006,0.611,2911.466,14.748,0.612,16.723,0.049,0.225,0.005,0.725,0.034,0.059
-0.25,2.985,6.967,3.0,7.0,0.976,0.113,6.342,0.006,0.627,3032.862,14.89,0.627,16.833,0.067,0.271,0.007,0.726,0.015,0.033
-0.2,-9.028,3.958,-9.0,4.0,0.964,0.109,6.357,0.006,0.615,3158.259,15.015,0.616,16.957,0.04,0.277,0.007,0.73,0.028,0.042
-0.15,6.987,2.99,7.0,3.0,0.97,0.115,6.395,0.007,0.644,4105.541,14.949,0.647,16.737,0.041,0.316,0.012,0.733,0.013,0.01
-0.1,2.987,-1.014,3.0,-1.0,0.988,0.115,6.463,0.007,0.618,4798.936,14.602,0.62,17.307,0.067,0.528,0.039,0.759,0.013,0.014
-0.05,3.996,-3.004,4.0,-3.0,0.984,0.121,6.541,0.008,0.608,6251.35,14.035,0.612,16.619,0.033,0.294,0.013,0.735,0.004,0.004
0.0,0.0,0.0,0.0,0.0,1.0,0.12,6.626,0.009,0.615,7243.727,14.218,0.616,100.0,1.0,1.0,1.0,1.0,0.0,0.0
0.0,1.998,-1.998,2.0,-2.0,0.993,0.121,6.63,0.009,0.615,7325.598,14.101,0.62,16.502,-0.002,0.0,0.03,0.749,0.002,-0.002
0.05,1.003,6.003,1.0,6.0,0.986,0.116,6.543,0.007,0.615,5707.013,14.491,0.616,16.586,0.049,0.297,0.008,0.73,-0.003,-0.003
0.1,6.022,7.003,6.0,7.0,0.968,0.111,6.47,0.006,0.624,4424.249,15.009,0.627,16.744,0.056,0.274,0.007,0.726,-0.022,-0.003
0.15,7.014,2.01,7.0,2.0,0.977,0.106,6.392,0.006,0.641,3499.986,15.631,0.643,17.161,0.037,0.357,0.016,0.739,-0.014,-0.01
0.2,7.022,2.013,7.0,2.0,0.977,0.105,6.347,0.005,0.639,2964.719,15.697,0.639,17.252,0.034,0.354,0.016,0.738,-0.022,-0.013
0.25,-8.956,3.039,-9.0,3.0,0.967,0.109,6.331,0.005,0.642,2846.494,15.409,0.643,16.943,0.036,0.304,0.009,0.733,-0.044,-0.039
0.3,3.02,-1.972,3.0,-2.0,0.99,0.112,6.333,0.006,0.644,2913.666,15.237,0.647,17.04,0.012,0.326,0.026,0.744,-0.02,-0.028
0.35,-7.939,7.054,-8.0,7.0,0.957,0.109,6.354,0.006,0.63,2967.757,15.199,0.631,16.778,0.052,0.244,0.005,0.723,-0.061,-0.054
0.4,-8.935,5.066,-9.0,5.0,0.956,0.108,6.379,0.006,0.596,3298.98,14.822,0.6,16.796,0.04,0.25,0.006,0.728,-0.065,-0.066
0.45,-6.957,-4.917,-7.0,-5.0,0.957,0.113,6.389,0.006,0.6,3713.57,14.486,0.6,16.845,0.04,0.295,0.008,0.732,-0.043,-0.083
0.5,2.076,6.063,2.0,6.0,0.964,0.114,6.388,0.006,0.61,3809.911,14.536,0.612,16.712,0.041,0.271,0.008,0.728,-0.076,-0.063
0.55,-4.975,-7.911,-5.0,-8.0,0.938,0.113,6.365,0.006,0.622,3570.453,14.835,0.624,16.776,0.048,0.252,0.006,0.733,-0.025,-0.089
0.6,3.044,-1.937,3.0,-2.0,0.95,0.113,6.366,0.006,0.626,3389.944,14.878,0.627,17.254,0.038,0.397,0.028,0.748,-0.044,-0.063
0.65,7.049,0.047,7.0,0.0,0.936,0.115,6.347,0.006,0.644,3506.861,14.95,0.647,17.471,0.135,0.487,0.023,0.755,-0.049,-0.047
0.7,-5.907,3.104,-6.0,3.0,0.921,0.115,6.343,0.006,0.637,3365.104,14.871,0.639,16.85,0.036,0.311,0.011,0.735,-0.093,-0.104
0.75,-6.916,0.122,-7.0,0.0,0.915,0.111,6.353,0.006,0.618,3314.482,14.91,0.62,17.564,0.091,0.436,0.021,0.754,-0.084,-0.122
0.8,1.065,-1.924,1.0,-2.0,0.93,0.114,6.378,0.006,0.629,3623.263,14.812,0.631,17.618,0.115,0.528,0.062,0.766,-0.065,-0.076
0.85,-1.982,-7.911,-2.0,-8.0,0.912,0.111,6.371,0.006,0.623,3543.391,14.959,0.624,16.806,0.044,0.265,0.006,0.733,-0.018,-0.089
0.9,3.029,-3.946,3.0,-4.0,0.912,0.113,6.374,0.006,0.621,3554.582,14.82,0.627,17.017,0.036,0.31,0.013,0.732,-0.029,-0.054
0.95,-2.941,-1.905,-3.0,-2.0,0.899,0.115,6.373,0.006,0.627,3563.412,14.765,0.631,17.519,0.099,0.478,0.038,0.758,-0.059,-0.095
1.0,-0.872,6.087,-1.0,6.0,0.887,0.11,6.361,0.006,0.608,3276.841,14.837,0.612,16.895,0.042,0.273,0.009,0.726,-0.128,-0.087
1.05,0.014,-5.938,0.0,-6.0,0.892,0.111,6.354,0.006,0.614,3287.011,14.843,0.62,17.019,0.05,0.296,0.009,0.733,-0.014,-0.062
1.1,-1.911,4.093,-2.0,4.0,0.87,0.111,6.356,0.006,0.628,3347.756,15.027,0.631,17.045,0.047,0.339,0.018,0.734,-0.089,-0.093
1.15,1.053,0.062,1.0,0.0,0.871,0.111,6.362,0.006,0.612,3421.27,14.863,0.612,17.774,0.119,0.577,0.075,0.767,-0.053,-0.062
1.2,-8.881,7.135,-9.0,7.0,0.82,0.11,6.378,0.006,0.59,3366.713,14.592,0.592,16.659,0.053,0.25,0.006,0.725,-0.119,-0.135
1.25,-5.237,0.123,-5.0,0.0,0.721,0.11,6.369,0.006,0.6,3456.552,14.734,0.6,17.57,0.102,0.462,0.029,0.751,0.237,-0.123
1.3,-2.197,8.107,-2.0,8.0,0.687,0.112,6.374,0.006,0.595,3434.044,14.532,0.596,16.656,0.048,0.252,0.007,0.726,0.197,-0.107
1.35,1.64,-5.919,2.0,-6.0,0.706,0.111,6.364,0.006,0.602,3343.329,14.704,0.608,16.977,0.05,0.292,0.009,0.734,0.36,-0.081
1.4,4.646,0.071,5.0,0.0,0.673,0.113,6.357,0.006,0.615,3489.732,14.73,0.616,17.38,0.076,0.43,0.027,0.748,0.354,-0.071
1.45,-4.396,-4.884,-4.0,-5.0,0.653,0.114,6.356,0.006,0.612,3449.556,14.589,0.616,16.974,0.039,0.306,0.012,0.734,0.396,-0.116
1.5,-7.293,7.162,-7.0,7.0,0.603,0.113,6.362,0.006,0.621,3395.435,14.839,0.624,16.732,0.053,0.249,0.006,0.727,0.293,-0.162
1.55,-4.402,1.139,-4.0,1.0,0.611,0.108,6.359,0.006,0.596,3280.276,14.804,0.596,17.435,0.086,0.462,0.035,0.749,0.402,-0.139
1.6,5.531,-0.909,6.0,-1.0,0.604,0.115,6.375,0.006,0.612,3694.256,14.535,0.612,17.162,0.057,0.396,0.019,0.745,0.469,-0.091
1.65,4.512,-0.895,5.0,-1.0,0.586,0.112,6.374,0.006,0.595,3497.303,14.536,0.596,17.218,0.062,0.413,0.024,0.746,0.488,-0.105
1.7,-0.51,0.14,0.0,0.0,0.573,0.114,6.365,0.006,0.612,3622.769,14.604,0.612,17.379,0.081,0.483,0.047,0.752,0.51,-0.14
1.75,7.56,7.116,8.0,7.0,0.529,0.116,6.363,0.007,0.608,3704.153,14.357,0.612,16.61,0.047,0.254,0.007,0.729,0.44,-0.116
1.8,-9.11,-3.73,-9.0,-5.0,0.455,0.115,6.361,0.006,0.627,3525.978,14.729,0.627,16.939,0.051,0.305,0.011,0.737,0.11,-1.27
1.85,3.527,8.166,4.0,8.0,0.507,0.112,6.364,0.006,0.596,3394.763,14.516,0.596,16.692,0.055,0.253,0.007,0.726,0.473,-0.166
1.9,4.35,1.247,5.0,0.0,0.383,0.107,6.364,0.005,0.621,3126.818,15.307,0.624,17.421,0.065,0.407,0.026,0.744,0.65,-1.247
1.95,-4.077,4.318,-4.0,3.0,0.409,0.111,6.362,0.006,0.589,3406.305,14.534,0.592,17.059,0.07,0.408,0.028,0.741,0.077,-1.318
2.0,4.337,1.298,5.0,0.0,0.368,0.108,6.369,0.006,0.633,3282.028,15.349,0.635,17.273,0.062,0.403,0.026,0.744,0.663,-1.298
2.05,-9.099,-5.604,-9.0,-7.0,0.402,0.117,6.365,0.006,0.627,3727.451,14.611,0.627,16.719,0.05,0.266,0.008,0.735,0.099,-1.396
2.1,-5.103,-2.603,-5.0,-4.0,0.385,0.114,6.367,0.006,0.62,3562.625,14.7,0.624,17.157,0.064,0.377,0.021,0.745,0.103,-1.397
2.15,-6.537,8.164,-6.0,8.0,0.403,0.114,6.366,0.006,0.617,3542.624,14.663,0.62,16.692,0.052,0.244,0.007,0.728,0.537,-0.164
2.2,0.362,2.115,1.0,2.0,0.423,0.106,6.359,0.005,0.637,3100.402,15.555,0.639,17.29,0.078,0.44,0.033,0.737,0.638,-0.115
2.25,7.387,8.061,8.0,8.0,0.39,0.114,6.364,0.006,0.623,3538.062,14.76,0.624,16.652,0.048,0.242,0.007,0.728,0.613,-0.061
2.3,1.382,5.087,2.0,5.0,0.389,0.111,6.364,0.006,0.633,3419.98,15.146,0.635,17.022,0.077,0.355,0.022,0.735,0.618,-0.087
2.35,-6.232,7.907,-8.0,8.0,0.345,0.108,6.371,0.006,0.605,3245.867,14.947,0.608,16.847,0.052,0.246,0.006,0.728,-1.768,0.093
2.4,0.381,8.045,1.0,8.0,0.366,0.114,6.369,0.006,0.614,3594.608,14.644,0.616,16.767,0.059,0.261,0.009,0.731,0.619,-0.045
2.45,4.811,-4.135,3.0,-4.0,0.353,0.111,6.367,0.006,0.604,3366.017,14.713,0.608,17.222,0.07,0.39,0.025,0.748,-1.811,0.135
2.5,-1.137,-7.071,-3.0,-7.0,0.35,0.108,6.36,0.006,0.596,3158.194,14.874,0.596,17.023,0.048,0.291,0.011,0.735,-1.863,0.071
2.55,2.093,4.417,2.0,6.0,0.307,0.109,6.358,0.006,0.626,3237.259,15.181,0.627,17.049,0.068,0.314,0.018,0.732,-0.093,1.583
2.6,6.859,-2.159,5.0,-2.0,0.311,0.115,6.364,0.006,0.618,3604.943,14.594,0.62,17.076,0.066,0.373,0.022,0.74,-1.859,0.159
2.65,4.876,-2.155,3.0,-2.0,0.311,0.114,6.365,0.006,0.611,3558.195,14.586,0.612,17.135,0.068,0.394,0.024,0.741,-1.876,0.155
2.7,4.772,3.675,4.0,2.0,0.264,0.112,6.365,0.006,0.613,3497.044,14.752,0.616,17.065,0.068,0.38,0.023,0.733,-0.772,-1.675
2.75,-6.067,-5.065,-8.0,-5.0,0.289,0.113,6.366,0.006,0.596,3467.89,14.462,0.6,16.948,0.055,0.324,0.013,0.741,-1.933,0.065
2.8,5.981,-5.105,4.0,-5.0,0.291,0.115,6.369,0.006,0.618,3661.651,14.607,0.624,17.025,0.067,0.346,0.02,0.747,-1.981,0.105
2.85,6.924,-7.111,7.0,-7.0,0.294,0.117,6.367,0.007,0.622,3771.225,14.523,0.624,16.78,0.067,0.28,0.01,0.739,0.076,0.111
2.9,-2.118,1.94,-4.0,2.0,0.262,0.114,6.36,0.006,0.617,3520.593,14.7,0.62,17.006,0.058,0.372,0.023,0.734,-1.882,0.06
2.95,-3.087,-0.045,-5.0,0.0,0.257,0.109,6.362,0.006,0.615,3246.463,14.996,0.616,17.26,0.071,0.391,0.024,0.737,-1.913,0.045
3.0,3.239,-6.328,5.0,-8.0,0.227,0.108,6.363,0.006,0.604,3222.108,14.937,0.604,16.968,0.056,0.277,0.01,0.737,1.761,-1.672
-3.0,2.162,-1.108,3.0,-2.0,0.301,0.141,7.0,0.016,0.562,7291.709,12.025,0.565,13.414,0.028,0.198,0.011,0.756,0.838,-0.892
-2.95,-3.184,8.863,-4.0,8.0,0.287,0.145,7.009,0.017,0.557,7669.396,11.71,0.561,13.165,0.006,0.106,0.005,0.757,-0.816,-0.863
-2.9,-8.816,-3.846,-8.0,-4.0,0.307,0.145,7.002,0.017,0.539,7791.668,11.381,0.541,13.017,0.014,0.137,0.006,0.755,0.816,-0.154
-2.85,2.205,0.831,3.0,0.0,0.328,0.144,7.007,0.017,0.552,7765.14,11.64,0.557,13.244,0.027,0.195,0.012,0.757,0.795,-0.831
-2.8,-3.211,-4.154,-4.0,-5.0,0.337,0.146,7.006,0.017,0.571,7952.725,11.857,0.573,13.307,0.026,0.191,0.011,0.757,-0.789,-0.846
-2.75,-5.11,5.78,-5.0,5.0,0.35,0.153,7.013,0.019,0.533,8683.747,10.854,0.537,12.915,0.042,0.195,0.011,0.759,0.11,-0.78
-2.7,-1.762,-2.258,-1.0,-3.0,0.357,0.143,7.007,0.017,0.551,7653.161,11.709,0.553,13.265,0.025,0.2,0.012,0.757,0.762,-0.742
-2.65,-1.75,-2.27,-1.0,-3.0,0.365,0.149,7.003,0.018,0.546,8202.774,11.294,0.549,13.085,0.025,0.2,0.013,0.758,0.75,-0.73
-2.6,-1.756,-0.288,-1.0,-1.0,0.371,0.152,7.001,0.019,0.545,8495.764,11.078,0.549,13.034,0.032,0.213,0.014,0.758,0.756,-0.712
-2.55,-7.097,2.74,-7.0,2.0,0.378,0.147,7.005,0.018,0.562,7915.882,11.654,0.565,13.132,0.007,0.127,0.006,0.758,0.097,-0.74
-2.5,-4.254,-6.225,-5.0,-7.0,0.389,0.142,7.004,0.017,0.572,7446.835,12.085,0.576,13.37,0.02,0.105,0.004,0.753,-0.746,-0.775
-2.45,-0.726,0.699,0.0,0.0,0.398,0.149,7.008,0.018,0.553,8223.451,11.413,0.557,13.144,0.019,0.194,0.014,0.757,0.726,-0.699
-2.4,4.247,6.78,5.0,6.0,0.4,0.152,7.014,0.019,0.567,8569.18,11.457,0.569,13.153,0.032,0.138,0.007,0.758,0.753,-0.78
-2.35,1.861,8.787,2.0,8.0,0.422,0.146,7.014,0.017,0.546,7928.424,11.454,0.549,13.029,0.006,0.093,0.004,0.757,0.139,-0.787
-2.3,6.294,-1.223,7.0,-2.0,0.431,0.137,7.006,0.015,0.562,6947.434,12.275,0.565,13.5,0.028,0.185,0.007,0.754,0.706,-0.777
-2.25,0.343,-7.295,1.0,-8.0,0.442,0.144,6.999,0.017,0.561,7582.836,11.831,0.565,13.214,0.008,0.096,0.004,0.755,0.657,-0.705
-2.2,-2.315,-6.284,-3.0,-7.0,0.454,0.142,6.999,0.016,0.544,7382.182,11.687,0.549,13.138,0.007,0.099,0.004,0.755,-0.685,-0.716
-2.15,-4.057,3.679,-4.0,3.0,0.481,0.148,7.004,0.018,0.542,7975.066,11.293,0.545,13.11,0.035,0.222,0.014,0.759,0.057,-0.679
-2.1,5.907,6.79,6.0,6.0,0.488,0.147,7.009,0.018,0.56,7919.314,11.637,0.565,13.127,0.006,0.079,0.004,0.752,0.093,-0.79
-2.05,-7.613,-3.977,-7.0,-4.0,0.507,0.15,7.01,0.019,0.521,8472.295,10.785,0.525,12.746,0.027,0.154,0.006,0.758,0.613,-0.023
-2.0,3.332,1.656,4.0,1.0,0.506,0.144,7.014,0.017,0.554,7793.385,11.675,0.557,13.246,0.021,0.201,0.016,0.759,0.668,-0.656
-1.95,4.912,6.716,5.0,6.0,0.536,0.144,7.014,0.017,0.552,7715.458,11.675,0.553,13.095,-0.006,0.0,0.004,0.753,0.088,-0.716
-1.9,-7.561,-5.992,-7.0,-6.0,0.549,0.144,7.003,0.017,0.563,7585.297,11.874,0.565,13.181,0.001,0.0,0.003,0.753,0.561,-0.008
-1.85,-3.536,-6.499,-3.0,-7.0,0.527,0.144,6.998,0.017,0.556,7521.47,11.766,0.561,13.186,0.01,0.094,0.003,0.755,0.536,-0.501
-1.8,-5.403,-5.948,-6.0,-6.0,0.59,0.148,7.0,0.018,0.539,7970.567,11.244,0.541,12.883,-0.003,0.0,0.003,0.752,-0.597,-0.052
-1.75,6.927,5.633,7.0,5.0,0.602,0.146,7.005,0.017,0.565,7863.194,11.731,0.569,13.234,0.024,0.118,0.004,0.756,0.073,-0.633
-1.7,7.972,1.621,8.0,1.0,0.624,0.145,7.007,0.017,0.555,7850.204,11.641,0.557,13.149,0.008,0.125,0.006,0.757,0.028,-0.621
-1.65,-1.5,-1.959,-1.0,-2.0,0.649,0.141,7.013,0.016,0.55,7512.974,11.81,0.553,13.425,0.043,0.3,0.026,0.762,0.5,-0.041
-1.6,0.019,-4.937,0.0,-5.0,0.709,0.148,7.012,0.018,0.543,8247.822,11.304,0.545,12.996,0.001,0.086,0.006,0.753,-0.019,-0.063
-1.55,-7.058,6.008,-7.0,6.0,0.726,0.143,7.016,0.017,0.565,7588.408,11.945,0.569,13.173,-0.006,0.0,0.002,0.754,0.058,-0.008
-1.5,0.05,-8.954,0.0,-9.0,0.747,0.144,6.998,0.017,0.559,7592.431,11.765,0.561,13.245,0.027,0.15,0.004,0.756,-0.05,-0.046
-1.45,-8.454,6.942,-8.0,7.0,0.705,0.15,7.002,0.018,0.562,8144.289,11.457,0.565,13.08,0.023,0.092,0.003,0.754,0.454,0.058
-1.4,3.96,0.099,4.0,0.0,0.796,0.142,6.999,0.016,0.545,7277.958,11.696,0.549,13.295,0.027,0.252,0.015,0.76,0.04,-0.099
-1.35,8.034,-8.884,8.0,-9.0,0.794,0.145,7.0,0.017,0.534,7753.42,11.32,0.537,13.01,0.03,0.127,0.003,0.754,-0.034,-0.116
-1.3,-2.032,0.038,-2.0,0.0,0.838,0.145,7.01,0.017,0.559,7842.208,11.692,0.561,13.445,0.048,0.34,0.034,0.77,0.032,-0.038
-1.25,2.966,1.083,3.0,1.0,0.848,0.143,7.016,0.017,0.558,7743.783,11.803,0.561,13.535,0.061,0.323,0.026,0.764,0.034,-0.083
-1.2,4.946,3.094,5.0,3.0,0.858,0.145,7.017,0.017,0.55,7915.707,11.58,0.553,13.135,0.007,0.098,0.006,0.757,0.054,-0.094
-1.15,-6.925,-9.036,-7.0,-9.0,0.873,0.148,7.005,0.018,0.554,8157.222,11.442,0.557,13.075,0.024,0.094,0.002,0.754,-0.075,0.036
-1.1,-5.979,-2.026,-6.0,-2.0,0.89,0.143,6.996,0.017,0.561,7480.92,11.852,0.565,13.329,0.028,0.181,0.007,0.755,-0.021,0.026
-1.05,-0.047,6.031,0.0,6.0,0.897,0.144,6.997,0.017,0.555,7488.608,11.701,0.557,13.203,0.02,0.148,0.004,0.755,0.047,-0.031
-1.0,0.949,6.036,1.0,6.0,0.902,0.146,7.004,0.017,0.565,7772.814,11.738,0.569,13.212,0.02,0.131,0.004,0.753,0.051,-0.036
-0.95,1.075,-7.968,1.0,-8.0,0.907,0.147,7.005,0.018,0.562,7987.582,11.653,0.565,13.192,0.026,0.139,0.003,0.755,-0.075,-0.032
-0.9,-3.049,5.998,-3.0,6.0,0.916,0.15,7.023,0.018,0.565,8403.946,11.545,0.569,13.145,0.022,0.133,0.003,0.754,0.049,0.002
-0.85,-7.973,-2.036,-8.0,-2.0,0.923,0.148,7.025,0.018,0.534,8318.334,11.16,0.537,13.024,0.035,0.172,0.006,0.757,-0.027,0.036
-0.8,4.071,-7.96,4.0,-8.0,0.921,0.144,7.015,0.017,0.542,7862.261,11.52,0.545,13.067,0.011,0.063,0.003,0.753,-0.071,-0.04
-0.75,-6.982,-0.03,-7.0,0.0,0.937,0.143,7.003,0.017,0.563,7516.398,11.879,0.565,13.636,0.088,0.304,0.009,0.757,-0.018,0.03
-0.7,-5.027,6.989,-5.0,7.0,0.933,0.134,6.992,0.015,0.575,6386.024,12.629,0.576,13.665,0.048,0.163,0.003,0.752,0.027,0.011
-0.65,-6.954,-5.019,-7.0,-5.0,0.944,0.139,6.987,0.016,0.575,6923.241,12.316,0.58,13.363,0.007,0.044,0.002,0.752,-0.046,0.019
-0.6,-0.951,-6.985,-1.0,-7.0,0.955,0.142,6.997,0.016,0.562,7320.189,11.982,0.565,13.502,0.058,0.185,0.004,0.753,-0.049,-0.015
-0.55,-1.003,2.018,-1.0,2.0,0.967,0.146,7.018,0.017,0.555,8055.799,11.572,0.557,13.323,0.023,0.309,0.027,0.767,0.003,-0.018
-0.5,-3.034,7.0,-3.0,7.0,0.96,0.145,7.037,0.017,0.547,8077.287,11.533,0.549,13.113,0.019,0.123,0.003,0.752,0.034,0.0
-0.45,-5.025,6.992,-5.0,7.0,0.961,0.149,7.044,0.018,0.546,8598.471,11.275,0.549,13.13,0.054,0.166,0.003,0.754,0.025,0.008
-0.4,3.022,-2.967,3.0,-3.0,0.98,0.143,7.021,0.017,0.569,7752.037,11.975,0.573,12.9,-0.093,0.0,0.004,0.753,-0.022,-0.033
-0.35,5.991,5.041,6.0,5.0,0.97,0.149,6.982,0.018,0.56,7677.261,11.501,0.561,13.071,0.012,0.045,0.003,0.754,0.009,-0.041
-0.3,-5.959,-8.003,-6.0,-8.0,0.967,0.148,6.959,0.018,0.565,7272.32,11.647,0.569,13.208,0.034,0.12,0.003,0.758,-0.041,0.003
-0.25,-1.99,0.007,-2.0,0.0,0.994,0.148,6.969,0.018,0.572,7419.132,11.734,0.576,14.405,0.213,0.582,0.049,0.795,-0.01,-0.007
-0.2,8.009,-1.965,8.0,-2.0,0.979,0.149,7.0,0.018,0.564,8148.891,11.54,0.565,12.718,-0.077,0.0,0.002,0.754,-0.009,-0.035
-0.15,-1.984,-4.991,-2.0,-5.0,0.988,0.157,7.052,0.02,0.549,10056.516,10.896,0.553,12.641,-0.038,0.0,0.002,0.751,-0.016,-0.009
-0.1,0.005,0.009,0.0,0.0,0.997,0.161,7.132,0.022,0.555,12093.658,10.764,0.557,25.31,0.969,0.988,0.539,0.972,-0.005,-0.009
-0.05,2.995,8.003,3.0,8.0,0.975,0.159,7.227,0.022,0.573,13524.64,11.129,0.58,12.814,0.003,0.0,0.002,0.756,0.005,-0.003
0.0,0.0,0.0,0.0,0.0,1.0,0.161,7.333,0.023,0.594,15825.849,11.342,0.6,100.0,1.0,1.0,1.0,1.0,0.0,0.0
0.0,-1.997,-0.001,-2.0,0.0,0.996,0.159,7.333,0.022,0.601,15345.31,11.57,0.608,14.049,0.203,0.582,0.047,0.804,-0.003,0.001
0.05,3.996,-7.001,4.0,-7.0,0.976,0.161,7.221,0.022,0.56,13934.943,10.829,0.569,12.791,0.024,0.119,0.002,0.755,0.004,0.001
0.1,-0.998,-0.008,-1.0,0.0,0.997,0.152,7.132,0.019,0.561,10849.412,11.325,0.565,15.71,0.447,0.821,0.111,0.839,-0.002,0.008
0.15,-2.009,-7.002,-2.0,-7.0,0.98,0.151,7.052,0.019,0.552,9317.578,11.273,0.557,12.985,0.019,0.118,0.002,0.753,0.009,0.002
0.2,-8.989,3.988,-9.0,4.0,0.966,0.144,7.004,0.017,0.562,7536.91,11.814,0.565,12.937,-0.051,0.0,0.001,0.751,-0.011,0.012
0.25,-7.988,2.979,-8.0,3.0,0.968,0.14,6.971,0.016,0.561,6572.139,12.08,0.565,12.914,-0.084,0.0,0.001,0.751,-0.012,0.021
0.3,-5.979,5.974,-6.0,6.0,0.963,0.143,6.965,0.016,0.553,6768.933,11.753,0.557,13.501,0.089,0.18,0.004,0.755,-0.021,0.026
0.35,1.002,-0.036,1.0,0.0,0.979,0.146,6.982,0.017,0.559,7404.039,11.651,0.561,15.602,0.406,0.775,0.124,0.825,-0.002,0.036
0.4,7.005,2.945,7.0,3.0,0.956,0.149,7.024,0.018,0.568,8352.895,11.616,0.569,12.868,-0.049,0.0,0.002,0.754,-0.005,0.055
0.45,6.979,-5.051,7.0,-5.0,0.946,0.141,7.033,0.016,0.566,7782.054,12.039,0.569,13.363,0.032,0.099,0.003,0.753,0.021,0.051
0.5,-8.978,5.002,-9.0,5.0,0.931,0.147,7.035,0.018,0.55,8281.533,11.468,0.553,13.029,0.009,0.042,0.002,0.754,-0.022,-0.002
0.55,7.013,3.931,7.0,4.0,0.934,0.146,7.018,0.017,0.555,8040.51,11.578,0.557,12.911,-0.037,0.0,0.002,0.753,-0.013,0.069
0.6,-2.966,5.982,-3.0,6.0,0.929,0.143,7.002,0.017,0.57,7389.713,12.026,0.573,13.312,0.014,0.082,0.003,0.754,-0.034,0.018
0.65,-6.005,-2.996,-6.0,-3.0,0.924,0.135,6.989,0.015,0.586,6453.054,12.769,0.588,13.395,-0.028,0.0,0.003,0.751,0.005,-0.004
0.7,-1.983,-0.012,-2.0,0.0,0.929,0.146,6.99,0.017,0.558,7526.041,11.677,0.561,13.896,0.137,0.51,0.047,0.776,-0.017,0.012
0.75,4.004,-2.042,4.0,-2.0,0.92,0.148,7.001,0.018,0.549,8007.97,11.386,0.553,12.977,-0.016,0.0,0.008,0.755,-0.004,0.042
0.8,8.036,3.924,8.0,4.0,0.904,0.151,7.021,0.019,0.543,8612.263,11.12,0.545,12.763,-0.023,0.0,0.002,0.753,-0.036,0.076
0.85,2.98,-5.041,3.0,-5.0,0.912,0.143,7.02,0.017,0.558,7751.995,11.839,0.561,13.175,-0.004,0.039,0.003,0.755,0.02,0.041
0.9,2.036,3.947,2.0,4.0,0.906,0.148,7.021,0.018,0.56,8222.877,11.56,0.565,13.071,-0.018,0.0,0.005,0.758,-0.036,0.053
0.95,1.063,6.944,1.0,7.0,0.892,0.147,7.013,0.018,0.546,7980.497,11.392,0.549,13.13,0.034,0.149,0.004,0.752,-0.063,0.056
1.0,0.019,1.951,0.0,2.0,0.902,0.145,7.003,0.017,0.558,7686.118,11.674,0.561,13.571,0.076,0.372,0.044,0.774,-0.019,0.049
1.05,-3.038,-6.005,-3.0,-6.0,0.893,0.148,6.991,0.018,0.521,7949.46,10.909,0.525,12.711,0.003,0.077,0.003,0.756,0.038,0.005
1.1,1.015,0.937,1.0,1.0,0.89,0.144,6.998,0.017,0.537,7541.862,11.412,0.537,13.421,0.079,0.426,0.048,0.775,-0.015,0.063
1.15,-1.941,5.952,-2.0,6.0,0.867,0.146,7.011,0.017,0.562,7899.588,11.692,0.565,13.178,0.012,0.088,0.004,0.756,-0.059,0.048
1.2,-0.016,-2.058,0.0,-2.0,0.871,0.145,7.015,0.017,0.566,7942.897,11.804,0.569,13.576,0.073,0.364,0.04,0.771,0.016,0.058
1.25,7.025,0.868,7.0,1.0,0.839,0.14,7.018,0.016,0.557,7377.113,12.007,0.561,13.435,0.039,0.218,0.007,0.755,-0.025,0.132
1.3,7.975,-4.141,8.0,-4.0,0.821,0.141,7.007,0.016,0.551,7392.455,11.864,0.553,13.204,0.008,0.055,0.003,0.753,0.025,0.141
1.35,0.054,5.922,0.0,6.0,0.8,0.134,7.006,0.015,0.589,6514.337,12.856,0.592,13.533,-0.001,0.099,0.004,0.75,-0.054,0.078
1.4,0.932,-9.051,1.0,-9.0,0.787,0.148,6.995,0.018,0.561,7887.699,11.571,0.565,13.147,0.023,0.135,0.004,0.755,0.068,0.051
1.45,-9.029,-4.975,-9.0,-5.0,0.767,0.142,6.994,0.016,0.55,7337.276,11.729,0.553,13.152,0.012,0.079,0.003,0.752,0.029,-0.025
1.5,7.977,-4.46,8.0,-4.0,0.681,0.145,6.996,0.017,0.535,7692.623,11.347,0.537,12.997,0.018,0.092,0.003,0.753,0.023,0.46
1.55,-6.515,2.018,-7.0,2.0,0.666,0.144,7.018,0.017,0.554,7690.079,11.732,0.557,13.297,0.032,0.167,0.006,0.753,-0.485,-0.018
1.6,-5.072,-8.999,-5.0,-9.0,0.699,0.147,7.015,0.018,0.566,8085.047,11.733,0.569,13.181,0.021,0.104,0.003,0.752,0.072,-0.001
1.65,5.534,-1.492,5.0,-1.0,0.587,0.154,7.014,0.019,0.546,8889.354,11.004,0.549,12.882,0.003,0.134,0.009,0.758,-0.534,0.492
1.7,-7.416,8.017,-8.0,8.0,0.613,0.146,7.015,0.017,0.564,7828.313,11.751,0.569,13.196,0.023,0.087,0.003,0.753,-0.584,-0.017
1.75,-8.521,-8.941,-9.0,-9.0,0.584,0.148,7.002,0.018,0.558,8076.22,11.523,0.561,13.119,0.029,0.106,0.003,0.755,-0.479,-0.059
1.8,-3.399,5.953,-4.0,6.0,0.584,0.145,7.005,0.017,0.545,7613.844,11.506,0.549,13.041,0.005,0.079,0.004,0.752,-0.601,0.047
1.85,-0.498,-9.066,-1.0,-9.0,0.557,0.147,6.998,0.018,0.546,7874.298,11.399,0.549,13.059,0.021,0.139,0.004,0.755,-0.502,0.066
1.9,-7.374,-3.446,-8.0,-3.0,0.499,0.14,7.005,0.016,0.551,7200.683,11.866,0.553,13.315,0.031,0.158,0.005,0.753,-0.626,0.446
1.95,3.092,5.366,3.0,6.0,0.526,0.148,7.017,0.018,0.558,8197.171,11.51,0.561,13.12,0.014,0.123,0.005,0.755,-0.092,0.634
2.0,3.686,2.403,3.0,3.0,0.494,0.151,7.017,0.019,0.555,8518.603,11.297,0.557,13.215,0.05,0.262,0.017,0.76,-0.686,0.597
2.05,3.403,-2.717,4.0,-2.0,0.474,0.148,7.012,0.018,0.582,8083.951,11.896,0.584,13.323,0.027,0.205,0.016,0.758,0.597,0.717
2.1,-8.357,-3.947,-9.0,-4.0,0.482,0.141,7.005,0.016,0.573,7299.657,12.212,0.576,13.451,0.035,0.158,0.005,0.754,-0.643,-0.053
2.15,1.689,-2.576,1.0,-2.0,0.454,0.145,7.002,0.017,0.534,7704.25,11.308,0.537,13.008,0.01,0.2,0.017,0.756,-0.689,0.576
2.2,1.665,-4.604,1.0,-4.0,0.444,0.145,6.996,0.017,0.533,7694.196,11.273,0.533,13.106,0.043,0.224,0.016,0.76,-0.665,0.604
2.25,0.685,-0.611,0.0,0.0,0.431,0.148,7.003,0.018,0.538,7929.892,11.231,0.541,13.034,0.015,0.202,0.016,0.758,-0.685,0.611
2.3,0.703,-2.63,0.0,-2.0,0.421,0.147,7.007,0.018,0.551,7915.094,11.5,0.553,13.118,0.009,0.193,0.015,0.757,-0.703,0.63
2.35,-2.295,0.38,-3.0,1.0,0.411,0.14,7.014,0.016,0.568,7292.984,12.154,0.573,13.509,0.032,0.233,0.016,0.758,-0.705,0.62
2.4,-5.87,5.343,-6.0,6.0,0.401,0.143,7.015,0.017,0.563,7645.201,11.871,0.565,13.286,0.018,0.109,0.005,0.757,-0.13,0.657
2.45,6.697,1.229,6.0,2.0,0.393,0.149,7.012,0.018,0.554,8300.564,11.402,0.557,13.176,0.033,0.185,0.01,0.76,-0.697,0.771
2.5,-0.773,-0.722,0.0,0.0,0.38,0.145,7.008,0.017,0.557,7687.662,11.715,0.561,13.285,0.021,0.2,0.014,0.756,0.773,0.722
2.55,5.692,-4.765,5.0,-4.0,0.378,0.149,6.999,0.018,0.54,8264.822,11.174,0.541,13.063,0.039,0.2,0.012,0.759,-0.692,0.765
2.6,4.719,-9.742,4.0,-9.0,0.349,0.144,6.998,0.017,0.561,7623.595,11.84,0.565,13.222,0.015,0.124,0.004,0.756,-0.719,0.742
2.65,-5.912,-0.731,-6.0,0.0,0.352,0.145,7.009,0.017,0.552,7656.559,11.639,0.557,13.277,0.034,0.182,0.011,0.756,-0.088,0.731
2.7,-7.828,0.215,-7.0,1.0,0.34,0.146,7.013,0.018,0.553,7915.154,11.538,0.557,13.252,0.039,0.178,0.008,0.757,0.828,0.785
2.75,3.775,5.168,3.0,6.0,0.335,0.145,7.017,0.017,0.57,7892.213,11.869,0.573,13.328,0.03,0.177,0.01,0.758,-0.775,0.832
2.8,8.032,0.375,8.0,2.0,0.308,0.143,7.013,0.017,0.559,7646.224,11.823,0.561,13.286,0.023,0.15,0.006,0.756,-0.032,1.625
2.85,-1.256,-8.733,-2.0,-8.0,0.303,0.148,7.005,0.018,0.555,8057.416,11.506,0.557,13.099,0.014,0.097,0.005,0.754,-0.744,0.733
2.9,8.468,-7.367,7.0,-7.0,0.239,0.133,7.001,0.015,0.61,6589.614,13.204,0.612,13.661,0.031,0.137,0.006,0.753,-1.468,0.367
2.95,0.656,-10.475,0.0,-9.0,0.253,0.147,7.001,0.018,0.579,7905.517,11.898,0.58,13.191,0.006,0.103,0.004,0.755,-0.656,1.475
3.0,-2.404,2.529,-4.0,4.0,0.23,0.144,7.01,0.017,0.541,7624.55,11.481,0.545,13.088,0.016,0.159,0.011,0.756,-1.596,1.471
-3.0,3.964,0.247,7.0,0.0,0.315,0.131,6.739,0.003,0.51,706.872,11.794,0.502,17.645,0.162,0.31,0.03,0.709,3.036,-0.247
-2.95,-6.32,4.542,-2.0,4.0,0.244,0.132,6.742,0.003,0.506,697.294,11.679,0.498,18.308,0.221,0.513,0.058,0.729,4.32,-0.542
-2.9,3.414,-8.54,7.0,-9.0,0.278,0.133,6.734,0.004,0.517,731.951,11.808,0.51,16.948,0.13,0.234,0.019,0.694,3.586,-0.46
-2.85,-2.962,-5.388,1.0,-6.0,0.206,0.132,6.734,0.004,0.509,724.795,11.749,0.502,17.507,0.172,0.403,0.036,0.706,-1.962,-0.612
-2.8,2.182,6.352,6.0,6.0,0.288,0.133,6.747,0.004,0.513,719.903,11.748,0.506,17.389,0.154,0.309,0.03,0.703,3.818,-0.352
-2.75,-1.996,-3.172,1.0,-4.0,0.322,0.132,6.735,0.004,0.512,733.09,11.745,0.502,17.961,0.201,0.465,0.048,0.72,-0.996,-0.828
-2.7,-1.121,0.698,3.0,0.0,0.222,0.133,6.738,0.004,0.513,719.282,11.76,0.506,18.252,0.172,0.421,0.044,0.727,1.879,-0.698
-2.65,-6.063,-7.719,-4.0,-9.0,0.291,0.132,6.736,0.004,0.507,726.276,11.679,0.502,16.703,0.111,0.235,0.014,0.682,2.063,-1.281
-2.6,-5.38,1.882,-6.0,2.0,0.3,0.13,6.739,0.003,0.498,692.973,11.639,0.494,17.991,0.209,0.449,0.045,0.719,-0.62,0.118
-2.55,-7.989,-0.838,-8.0,0.0,0.359,0.134,6.738,0.004,0.51,728.822,11.622,0.502,17.349,0.137,0.313,0.021,0.7,-0.011,0.838
-2.5,-9.905,-1.528,-7.0,-2.0,0.326,0.134,6.736,0.004,0.513,744.716,11.637,0.502,17.394,0.136,0.333,0.024,0.705,2.905,-0.472
-2.45,5.952,-5.932,6.0,-6.0,0.402,0.13,6.734,0.003,0.507,705.08,11.8,0.498,17.165,0.122,0.25,0.022,0.699,0.048,-0.068
-2.4,-4.028,2.083,-3.0,2.0,0.419,0.134,6.741,0.004,0.513,744.981,11.671,0.506,18.669,0.27,0.587,0.074,0.737,1.028,-0.083
-2.35,1.91,-7.932,2.0,-8.0,0.42,0.132,6.734,0.004,0.512,729.437,11.758,0.502,17.351,0.171,0.376,0.03,0.701,0.09,-0.068
-2.3,-9.763,2.462,-7.0,2.0,0.338,0.135,6.739,0.004,0.513,732.838,11.625,0.502,17.444,0.154,0.36,0.025,0.706,2.763,-0.462
-2.25,0.339,-0.362,3.0,-1.0,0.354,0.13,6.737,0.003,0.505,691.327,11.764,0.498,18.666,0.201,0.468,0.054,0.736,2.661,-0.638
-2.2,-5.135,-0.386,-2.0,-1.0,0.253,0.13,6.737,0.003,0.5,681.329,11.703,0.494,19.02,0.267,0.605,0.076,0.743,3.135,-0.614
-2.15,-9.034,-0.674,-9.0,0.0,0.456,0.131,6.737,0.003,0.499,691.007,11.618,0.49,17.203,0.114,0.254,0.016,0.696,0.034,0.674
-2.1,3.928,-1.944,4.0,-2.0,0.503,0.134,6.737,0.004,0.519,743.082,11.771,0.514,18.047,0.183,0.411,0.048,0.725,0.072,-0.056
-2.05,2.89,3.001,3.0,3.0,0.511,0.134,6.743,0.004,0.516,739.232,11.733,0.51,18.213,0.178,0.426,0.053,0.722,0.11,-0.001
-2.0,6.914,-7.856,7.0,-8.0,0.532,0.134,6.736,0.004,0.52,751.379,11.801,0.514,16.959,0.133,0.235,0.019,0.694,0.086,-0.144
-1.95,7.893,-3.896,8.0,-4.0,0.552,0.132,6.738,0.004,0.515,727.397,11.811,0.506,16.765,0.095,0.178,0.012,0.691,0.107,-0.104
-1.9,-1.128,-1.021,-1.0,-1.0,0.569,0.133,6.737,0.004,0.511,703.769,11.721,0.502,19.416,0.305,0.66,0.092,0.753,0.128,0.021
-1.85,3.89,-6.927,4.0,-7.0,0.583,0.133,6.734,0.004,0.516,714.371,11.789,0.51,17.319,0.151,0.339,0.027,0.706,0.11,-0.073
-1.8,7.865,0.099,8.0,0.0,0.613,0.132,6.74,0.004,0.516,704.165,11.807,0.506,17.311,0.134,0.265,0.019,0.702,0.135,-0.099
-1.75,-0.179,1.977,0.0,2.0,0.623,0.133,6.74,0.004,0.512,708.321,11.719,0.502,19.247,0.28,0.621,0.095,0.753,0.179,0.023
-1.7,-8.174,-0.091,-8.0,0.0,0.637,0.135,6.738,0.004,0.515,734.12,11.626,0.506,17.186,0.113,0.273,0.017,0.697,0.174,0.091
-1.65,-8.19,1.903,-8.0,2.0,0.651,0.134,6.739,0.004,0.51,728.814,11.618,0.502,17.008,0.102,0.253,0.012,0.694,0.19,0.097
-1.6,-6.176,-2.034,-6.0,-2.0,0.686,0.133,6.737,0.004,0.508,731.756,11.657,0.498,17.941,0.154,0.379,0.027,0.713,0.176,0.034
-1.55,-5.203,4.955,-5.0,5.0,0.698,0.133,6.743,0.004,0.509,719.048,11.64,0.502,17.801,0.204,0.446,0.039,0.714,0.203,0.045
-1.5,-7.19,-5.054,-7.0,-5.0,0.733,0.132,6.735,0.004,0.505,708.221,11.658,0.494,17.346,0.142,0.285,0.021,0.698,0.19,0.054
-1.45,-3.221,-1.014,-3.0,-1.0,0.763,0.131,6.736,0.003,0.502,682.571,11.698,0.494,19.422,0.285,0.614,0.086,0.75,0.221,0.014
-1.4,-5.232,6.943,-5.0,7.0,0.768,0.132,6.744,0.003,0.504,692.588,11.634,0.498,17.791,0.225,0.435,0.041,0.711,0.232,0.057
-1.35,7.851,-4.867,8.0,-5.0,0.82,0.134,6.737,0.004,0.521,722.313,11.816,0.514,16.687,0.097,0.17,0.01,0.688,0.149,-0.133
-1.3,-1.201,2.011,-1.0,2.0,0.823,0.134,6.741,0.004,0.516,741.862,11.696,0.506,19.586,0.364,0.704,0.128,0.77,0.201,-0.011
-1.25,2.764,8.06,3.0,8.0,0.836,0.136,6.749,0.004,0.522,751.526,11.705,0.514,16.827,0.115,0.249,0.015,0.691,0.236,-0.06
-1.2,-6.258,7.946,-6.0,8.0,0.839,0.136,6.746,0.004,0.517,756.211,11.609,0.51,17.327,0.179,0.366,0.028,0.702,0.258,0.054
-1.15,-8.211,-1.031,-8.0,-1.0,0.872,0.132,6.737,0.004,0.505,713.006,11.635,0.494,17.461,0.129,0.28,0.02,0.702,0.211,0.031
-1.1,-0.23,4.042,0.0,4.0,0.893,0.135,6.741,0.004,0.52,718.289,11.711,0.51,18.267,0.199,0.536,0.056,0.726,0.23,-0.042
-1.05,2.838,-4.886,3.0,-5.0,0.907,0.13,6.734,0.003,0.503,677.488,11.783,0.498,17.959,0.187,0.446,0.039,0.719,0.162,-0.114
-1.0,3.847,-5.886,4.0,-6.0,0.913,0.13,6.734,0.003,0.506,682.342,11.794,0.498,17.697,0.165,0.381,0.029,0.709,0.153,-0.114
-0.95,5.853,-6.879,6.0,-7.0,0.916,0.132,6.736,0.003,0.512,712.348,11.805,0.506,17.203,0.129,0.271,0.019,0.697,0.147,-0.121
-0.9,-0.139,-8.924,0.0,-9.0,0.913,0.131,6.737,0.003,0.506,717.775,11.725,0.498,17.143,0.12,0.311,0.019,0.693,0.139,-0.076
-0.85,-8.22,3.972,-8.0,4.0,0.908,0.134,6.742,0.004,0.51,753.168,11.602,0.502,16.779,0.093,0.207,0.009,0.686,0.22,0.028
-0.8,6.834,0.101,7.0,0.0,0.932,0.131,6.743,0.003,0.51,719.727,11.784,0.502,17.365,0.109,0.275,0.015,0.704,0.166,-0.101
-0.75,7.827,0.107,8.0,0.0,0.926,0.131,6.741,0.003,0.511,678.098,11.806,0.502,17.104,0.101,0.236,0.012,0.698,0.173,-0.107
-0.7,1.847,-3.926,2.0,-4.0,0.934,0.132,6.734,0.003,0.513,672.899,11.776,0.506,18.382,0.257,0.56,0.064,0.738,0.153,-0.074
-0.65,-1.185,3.008,-1.0,3.0,0.932,0.133,6.74,0.004,0.514,680.553,11.712,0.506,19.147,0.332,0.676,0.103,0.76,0.185,-0.008
-0.6,-2.135,-2.978,-2.0,-3.0,0.941,0.133,6.738,0.004,0.513,711.653,11.715,0.506,18.539,0.183,0.545,0.046,0.726,0.135,-0.022
-0.55,-0.128,-1.961,0.0,-2.0,0.952,0.135,6.74,0.004,0.522,767.478,11.726,0.514,20.345,0.453,0.792,0.145,0.787,0.128,-0.039
-0.5,2.882,-3.94,3.0,-4.0,0.937,0.134,6.74,0.004,0.519,779.374,11.752,0.514,17.933,0.194,0.486,0.044,0.724,0.118,-0.06
-0.45,1.888,-2.978,2.0,-3.0,0.95,0.134,6.741,0.004,0.518,779.756,11.733,0.514,18.621,0.275,0.612,0.073,0.748,0.112,-0.022
-0.4,0.903,-3.972,1.0,-4.0,0.947,0.135,6.738,0.004,0.523,756.012,11.747,0.514,18.426,0.299,0.608,0.082,0.751,0.097,-0.028
-0.35,-7.113,3.976,-7.0,4.0,0.939,0.135,6.736,0.004,0.516,667.557,11.65,0.51,16.847,0.088,0.223,0.01,0.693,0.113,0.024
-0.3,-7.107,0.979,-7.0,1.0,0.945,0.134,6.731,0.003,0.513,619.767,11.678,0.502,16.953,0.072,0.224,0.01,0.692,0.107,0.021
-0.25,-7.09,7.989,-7.0,8.0,0.93,0.134,6.739,0.003,0.511,625.806,11.637,0.506,16.995,0.104,0.254,0.014,0.69,0.09,0.011
-0.2,7.937,8.019,8.0,8.0,0.938,0.134,6.752,0.004,0.519,691.432,11.749,0.514,16.542,0.095,0.188,0.01,0.684,0.063,-0.019
-0.15,-0.038,-2.987,0.0,-3.0,0.962,0.131,6.746,0.004,0.504,779.054,11.694,0.494,19.107,0.289,0.665,0.081,0.748,0.038,-0.013
-0.1,-8.028,-9.003,-8.0,-9.0,0.928,0.132,6.759,0.004,0.498,961.97,11.525,0.486,16.509,0.097,0.167,0.009,0.679,0.028,0.003
-0.05,4.989,-0.011,5.0,0.0,0.964,0.134,6.779,0.004,0.507,1242.357,11.567,0.498,17.839,0.1,0.377,0.021,0.713,0.011,0.011
0.0,0.0,0.0,0.0,0.0,1.0,0.135,6.796,0.005,0.502,1600.735,11.397,0.498,100.0,1.0,1.0,1.0,1.0,0.0,0.0
0.0,4.0,-2.994,4.0,-3.0,0.962,0.134,6.795,0.005,0.499,1580.499,11.449,0.494,17.465,0.107,0.4,0.024,0.709,0.0,-0.006
0.05,-5.987,0.003,-6.0,0.0,0.958,0.133,6.776,0.004,0.499,1224.425,11.447,0.494,17.39,0.087,0.3,0.015,0.704,-0.013,-0.003
0.1,2.025,-4.006,2.0,-4.0,0.957,0.133,6.759,0.004,0.51,991.782,11.652,0.506,18.614,0.313,0.602,0.083,0.754,-0.025,0.006
0.15,-0.969,-7.0,-1.0,-7.0,0.952,0.132,6.745,0.004,0.506,786.51,11.688,0.498,17.206,0.1,0.314,0.018,0.697,-0.031,-0.0
0.2,6.03,6.98,6.0,7.0,0.945,0.133,6.749,0.003,0.513,676.618,11.745,0.506,16.764,0.102,0.212,0.011,0.687,-0.03,0.02
0.25,-2.941,-4.009,-3.0,-4.0,0.953,0.133,6.731,0.003,0.513,627.867,11.738,0.506,17.621,0.093,0.369,0.024,0.708,-0.059,0.009
0.3,6.044,-9.055,6.0,-9.0,0.946,0.132,6.731,0.003,0.517,616.41,11.837,0.51,17.301,0.152,0.342,0.024,0.699,-0.044,0.055
0.35,0.109,7.975,0.0,8.0,0.952,0.134,6.743,0.003,0.515,652.509,11.702,0.51,17.231,0.122,0.337,0.02,0.695,-0.109,0.025
0.4,-2.89,5.976,-3.0,6.0,0.946,0.133,6.745,0.004,0.511,728.11,11.654,0.502,18.141,0.264,0.499,0.052,0.725,-0.11,0.024
0.45,-8.894,-1.997,-9.0,-2.0,0.951,0.134,6.74,0.004,0.51,772.558,11.608,0.502,17.537,0.151,0.286,0.021,0.704,-0.106,-0.003
0.5,-3.9,-6.038,-4.0,-6.0,0.943,0.133,6.741,0.004,0.51,761.432,11.681,0.502,17.024,0.093,0.257,0.014,0.692,-0.1,0.038
0.55,-7.866,0.006,-8.0,0.0,0.943,0.132,6.739,0.004,0.505,724.484,11.633,0.494,16.995,0.092,0.225,0.011,0.696,-0.134,-0.006
0.6,7.105,-8.104,7.0,-8.0,0.936,0.133,6.74,0.003,0.518,709.645,11.809,0.51,17.001,0.11,0.268,0.015,0.691,-0.105,0.104
0.65,-0.848,1.96,-1.0,2.0,0.949,0.13,6.74,0.003,0.501,645.966,11.718,0.494,20.321,0.416,0.756,0.133,0.779,-0.152,0.04
0.7,-3.831,1.979,-4.0,2.0,0.935,0.131,6.738,0.003,0.502,653.63,11.69,0.494,17.869,0.118,0.403,0.026,0.715,-0.169,0.021
0.75,3.154,1.92,3.0,2.0,0.943,0.131,6.741,0.003,0.509,675.006,11.755,0.502,19.407,0.223,0.573,0.065,0.746,-0.154,0.08
0.8,7.118,-7.128,7.0,-7.0,0.932,0.13,6.743,0.003,0.505,705.525,11.789,0.498,17.165,0.117,0.273,0.015,0.69,-0.118,0.128
0.85,-3.825,0.999,-4.0,1.0,0.929,0.134,6.741,0.004,0.515,753.672,11.663,0.506,18.109,0.144,0.438,0.032,0.72,-0.175,0.001
0.9,-6.816,0.01,-7.0,0.0,0.931,0.135,6.738,0.004,0.516,755.036,11.64,0.51,17.188,0.106,0.266,0.015,0.703,-0.184,-0.01
0.95,1.167,3.954,1.0,4.0,0.932,0.132,6.743,0.003,0.508,698.477,11.718,0.502,18.211,0.199,0.534,0.049,0.725,-0.167,0.046
1.0,-3.832,-0.014,-4.0,0.0,0.927,0.131,6.737,0.003,0.505,687.226,11.692,0.498,18.781,0.182,0.47,0.047,0.731,-0.168,0.014
1.05,-0.828,0.975,-1.0,1.0,0.925,0.131,6.738,0.003,0.504,673.752,11.723,0.494,20.878,0.408,0.758,0.147,0.785,-0.172,0.025
1.1,-0.857,-6.062,-1.0,-6.0,0.906,0.132,6.737,0.003,0.512,703.37,11.739,0.502,17.542,0.129,0.364,0.026,0.705,-0.143,0.062
1.15,3.129,-2.079,3.0,-2.0,0.9,0.132,6.74,0.003,0.511,719.45,11.77,0.506,18.888,0.287,0.618,0.087,0.745,-0.129,0.079
1.2,-2.79,7.994,-3.0,8.0,0.869,0.133,6.746,0.003,0.508,716.082,11.652,0.502,17.682,0.228,0.431,0.041,0.712,-0.21,0.006
1.25,2.118,-7.08,2.0,-7.0,0.866,0.132,6.74,0.003,0.511,723.794,11.758,0.506,17.85,0.205,0.457,0.039,0.711,-0.118,0.08
1.3,-6.769,8.044,-7.0,8.0,0.821,0.131,6.744,0.003,0.498,691.752,11.61,0.494,17.156,0.138,0.247,0.018,0.691,-0.231,-0.044
1.35,-5.851,-8.982,-6.0,-9.0,0.814,0.131,6.74,0.003,0.502,698.157,11.667,0.494,16.798,0.119,0.209,0.011,0.68,-0.149,-0.018
1.4,5.145,0.896,5.0,1.0,0.805,0.132,6.743,0.003,0.512,686.75,11.776,0.506,18.383,0.173,0.452,0.037,0.724,-0.145,0.104
1.45,-1.836,-0.018,-2.0,0.0,0.777,0.131,6.739,0.003,0.506,683.849,11.713,0.498,19.751,0.268,0.614,0.088,0.756,-0.164,0.018
1.5,-1.814,6.018,-2.0,6.0,0.74,0.134,6.744,0.004,0.514,706.822,11.678,0.506,17.738,0.207,0.456,0.043,0.714,-0.186,-0.018
1.55,5.159,6.933,5.0,7.0,0.719,0.134,6.751,0.003,0.515,718.234,11.729,0.506,16.779,0.104,0.246,0.012,0.686,-0.159,0.067
1.6,3.168,6.976,3.0,7.0,0.698,0.134,6.75,0.004,0.517,739.579,11.71,0.51,16.907,0.1,0.287,0.015,0.691,-0.168,0.024
1.65,0.132,-4.021,0.0,-4.0,0.688,0.133,6.74,0.004,0.515,742.47,11.735,0.51,18.386,0.206,0.518,0.062,0.73,-0.132,0.021
1.7,0.121,0.968,0.0,1.0,0.655,0.135,6.742,0.004,0.52,738.133,11.719,0.514,19.578,0.324,0.684,0.101,0.761,-0.121,0.032
1.75,-9.464,0.098,-9.0,0.0,0.544,0.132,6.737,0.003,0.505,688.218,11.634,0.494,17.046,0.117,0.228,0.014,0.694,0.464,-0.098
1.8,5.103,0.932,5.0,1.0,0.62,0.134,6.743,0.004,0.52,715.172,11.768,0.514,18.121,0.179,0.458,0.04,0.724,-0.103,0.068
1.85,-1.871,7.024,-2.0,7.0,0.588,0.135,6.745,0.004,0.517,710.567,11.673,0.514,17.451,0.189,0.415,0.036,0.707,-0.129,-0.024
1.9,-0.835,8.051,-1.0,8.0,0.561,0.132,6.747,0.003,0.504,682.886,11.677,0.498,17.448,0.18,0.395,0.034,0.705,-0.165,-0.051
1.95,-2.878,1.02,-3.0,1.0,0.547,0.13,6.741,0.003,0.501,694.693,11.687,0.494,18.873,0.218,0.499,0.061,0.738,-0.122,-0.02
2.0,-4.875,-4.0,-5.0,-4.0,0.524,0.13,6.738,0.003,0.5,698.289,11.685,0.494,17.846,0.16,0.344,0.036,0.713,-0.125,-0.0
2.05,2.13,-0.992,2.0,-1.0,0.516,0.13,6.742,0.003,0.503,699.658,11.746,0.498,19.195,0.292,0.637,0.089,0.747,-0.13,-0.008
2.1,0.979,4.898,0.0,5.0,0.515,0.131,6.745,0.003,0.505,692.03,11.7,0.498,17.914,0.204,0.486,0.049,0.718,-0.979,0.102
2.15,0.977,5.886,0.0,6.0,0.493,0.131,6.746,0.003,0.505,685.859,11.698,0.498,17.626,0.178,0.434,0.04,0.71,-0.977,0.114
2.2,1.04,2.875,0.0,3.0,0.486,0.133,6.743,0.003,0.512,703.104,11.717,0.506,18.646,0.259,0.575,0.068,0.737,-1.04,0.125
2.25,6.097,-1.019,6.0,-1.0,0.463,0.131,6.743,0.003,0.51,692.9,11.785,0.502,17.98,0.189,0.435,0.039,0.719,-0.097,0.019
2.3,-0.03,-6.912,0.0,-8.0,0.298,0.13,6.742,0.003,0.5,687.655,11.731,0.494,17.45,0.142,0.327,0.024,0.695,0.03,-1.088
2.35,-1.951,4.908,-3.0,5.0,0.44,0.136,6.744,0.004,0.521,745.173,11.672,0.514,17.43,0.171,0.392,0.042,0.713,-1.049,0.092
2.4,9.069,3.87,8.0,4.0,0.41,0.133,6.751,0.003,0.514,711.053,11.768,0.51,17.316,0.131,0.285,0.02,0.704,-1.069,0.13
2.45,6.035,5.862,5.0,6.0,0.405,0.135,6.75,0.004,0.521,726.608,11.734,0.518,17.138,0.148,0.329,0.027,0.701,-1.035,0.138
2.5,3.1,-0.172,2.0,0.0,0.408,0.133,6.742,0.003,0.516,713.752,11.751,0.51,18.593,0.243,0.58,0.069,0.737,-1.1,0.172
2.55,5.041,0.856,4.0,1.0,0.39,0.134,6.744,0.004,0.52,715.725,11.759,0.514,18.152,0.215,0.513,0.057,0.731,-1.041,0.144
2.6,0.14,-4.17,-1.0,-4.0,0.386,0.134,6.739,0.004,0.517,715.589,11.734,0.514,18.131,0.188,0.447,0.049,0.721,-0.86,0.17
2.65,-8.008,8.835,-9.0,8.0,0.327,0.131,6.743,0.003,0.497,676.517,11.595,0.494,16.956,0.133,0.208,0.015,0.687,-0.992,-0.835
2.7,3.036,6.897,2.0,7.0,0.335,0.131,6.749,0.003,0.506,689.713,11.709,0.498,17.301,0.16,0.365,0.03,0.702,-1.036,0.103
2.75,8.484,-4.445,5.0,-4.0,0.273,0.134,6.743,0.004,0.52,738.595,11.774,0.514,17.871,0.225,0.486,0.055,0.722,-3.484,0.445
2.8,5.951,1.508,6.0,0.0,0.244,0.133,6.746,0.003,0.516,720.939,11.774,0.506,17.863,0.203,0.444,0.044,0.719,0.049,-1.508
2.85,3.143,2.328,-1.0,3.0,0.223,0.131,6.744,0.003,0.504,695.792,11.703,0.498,18.254,0.205,0.481,0.05,0.725,2.143,0.672
2.9,1.002,-9.767,-2.0,-9.0,0.302,0.134,6.742,0.004,0.517,733.79,11.712,0.506,17.036,0.131,0.267,0.019,0.691,-0.998,0.767
2.95,-3.384,-8.279,-7.0,-8.0,0.283,0.135,6.741,0.004,0.517,726.207,11.656,0.51,16.993,0.141,0.265,0.022,0.691,-3.616,0.279
3.0,4.731,-4.364,1.0,-4.0,0.272,0.133,6.742,0.003,0.513,718.011,11.748,0.506,18.229,0.214,0.49,0.056,0.727,-3.731,0.364
-3.0,6.488,-7.211,5.0,-8.0,0.334,0.077,6.201,0.002,0.685,737.324,18.981,0.686,19.996,0.214,0.439,0.022,0.703,-1.488,-0.789
-2.95,1.271,0.753,0.0,0.0,0.386,0.081,6.24,0.002,0.685,743.903,18.583,0.686,20.988,0.238,0.566,0.042,0.723,-1.271,-0.753
-2.9,-0.642,-2.246,-2.0,-3.0,0.379,0.078,6.224,0.002,0.688,743.509,18.876,0.686,20.878,0.241,0.528,0.039,0.722,-1.358,-0.754
-2.85,3.273,1.72,2.0,1.0,0.404,0.082,6.248,0.002,0.684,764.805,18.457,0.686,20.777,0.24,0.566,0.042,0.725,-1.273,-0.72
-2.8,-5.82,-1.656,-7.0,0.0,0.358,0.081,6.24,0.002,0.682,782.225,18.479,0.678,20.915,0.222,0.49,0.03,0.718,-1.18,1.656
-2.75,8.61,7.724,8.0,7.0,0.388,0.084,6.294,0.002,0.688,726.748,18.266,0.69,19.367,0.195,0.348,0.011,0.693,-0.61,-0.724
-2.7,-5.365,7.619,-6.0,7.0,0.35,0.085,6.282,0.002,0.684,756.048,18.135,0.686,20.612,0.224,0.447,0.03,0.713,-0.635,-0.619
-2.65,-2.547,-8.329,-4.0,-9.0,0.398,0.077,6.197,0.002,0.682,751.51,18.94,0.678,19.733,0.19,0.333,0.011,0.7,-1.453,-0.671
-2.6,-1.617,-3.301,-3.0,-4.0,0.424,0.079,6.22,0.002,0.686,740.924,18.825,0.682,20.822,0.229,0.49,0.039,0.722,-1.383,-0.699
-2.55,1.387,-8.374,0.0,-9.0,0.431,0.076,6.197,0.002,0.686,729.491,19.069,0.682,19.843,0.203,0.388,0.014,0.699,-1.387,-0.626
-2.5,9.197,-7.673,8.0,-7.0,0.449,0.077,6.211,0.002,0.686,733.452,18.945,0.686,20.095,0.211,0.438,0.021,0.703,-1.197,0.673
-2.45,-3.952,-1.533,-5.0,0.0,0.401,0.081,6.241,0.002,0.685,769.344,18.546,0.686,21.339,0.246,0.543,0.044,0.728,-1.048,1.533
-2.4,3.57,4.562,3.0,4.0,0.462,0.084,6.271,0.002,0.685,755.311,18.267,0.686,20.455,0.238,0.524,0.038,0.715,-0.57,-0.562
-2.35,-3.032,0.435,-4.0,1.0,0.429,0.082,6.248,0.002,0.683,776.797,18.427,0.686,21.487,0.247,0.566,0.05,0.735,-0.968,0.565
-2.3,8.404,5.405,8.0,6.0,0.501,0.085,6.288,0.002,0.686,737.762,18.143,0.686,19.445,0.19,0.354,0.011,0.696,-0.404,0.595
-2.25,6.111,-7.58,5.0,-7.0,0.515,0.077,6.21,0.002,0.686,736.517,18.94,0.686,20.164,0.207,0.447,0.021,0.705,-1.111,0.58
-2.2,-4.79,-3.483,-6.0,-4.0,0.488,0.079,6.22,0.002,0.684,761.427,18.722,0.682,20.716,0.21,0.428,0.024,0.718,-1.21,-0.517
-2.15,-7.472,3.421,-8.0,3.0,0.48,0.083,6.254,0.002,0.683,752.511,18.316,0.682,20.9,0.218,0.493,0.029,0.718,-0.528,-0.421
-2.1,0.709,3.48,0.0,4.0,0.551,0.084,6.271,0.002,0.682,764.156,18.144,0.682,21.057,0.252,0.56,0.047,0.726,-0.709,0.52
-2.05,7.779,-0.473,7.0,0.0,0.541,0.081,6.249,0.002,0.685,741.482,18.498,0.686,20.445,0.218,0.511,0.027,0.718,-0.779,0.473
-2.0,4.498,3.469,4.0,3.0,0.59,0.084,6.268,0.002,0.684,761.369,18.254,0.686,20.57,0.244,0.54,0.041,0.719,-0.498,-0.469
-1.95,-4.558,6.407,-5.0,6.0,0.576,0.085,6.281,0.002,0.681,781.024,18.028,0.682,20.767,0.226,0.477,0.029,0.713,-0.442,-0.407
-1.9,-4.15,-5.524,-5.0,-5.0,0.61,0.078,6.216,0.002,0.686,733.841,18.839,0.682,20.592,0.205,0.417,0.02,0.715,-0.85,0.524
-1.85,-4.573,7.396,-5.0,7.0,0.604,0.085,6.284,0.002,0.684,754.465,18.073,0.682,20.528,0.204,0.441,0.022,0.704,-0.427,-0.396
-1.8,-0.57,4.394,-1.0,4.0,0.649,0.084,6.269,0.002,0.684,737.992,18.233,0.686,21.329,0.258,0.567,0.051,0.73,-0.43,-0.394
-1.75,4.714,0.415,4.0,0.0,0.622,0.081,6.247,0.002,0.688,719.069,18.611,0.69,21.118,0.269,0.615,0.056,0.739,-0.714,-0.415
-1.7,-1.547,0.349,-2.0,0.0,0.674,0.082,6.246,0.002,0.682,766.673,18.37,0.682,22.08,0.291,0.656,0.076,0.756,-0.453,-0.349
-1.65,5.744,-4.628,5.0,-5.0,0.659,0.08,6.226,0.002,0.684,767.848,18.698,0.686,20.479,0.226,0.5,0.029,0.714,-0.744,-0.372
-1.6,-6.329,-6.394,-7.0,-6.0,0.676,0.079,6.214,0.002,0.683,754.607,18.79,0.682,20.027,0.189,0.347,0.01,0.701,-0.671,0.394
-1.55,8.686,-5.635,8.0,-6.0,0.693,0.079,6.22,0.002,0.683,757.331,18.703,0.682,20.254,0.224,0.453,0.024,0.709,-0.686,-0.365
-1.5,8.398,-0.649,8.0,-1.0,0.743,0.082,6.247,0.002,0.684,744.374,18.473,0.686,20.48,0.224,0.505,0.026,0.717,-0.398,-0.351
-1.45,-5.386,-8.31,-6.0,-8.0,0.724,0.077,6.2,0.002,0.685,707.517,18.977,0.682,19.855,0.181,0.314,0.008,0.698,-0.614,0.31
-1.4,-2.448,-5.255,-3.0,-5.0,0.741,0.079,6.218,0.002,0.682,729.623,18.675,0.678,20.713,0.209,0.45,0.02,0.712,-0.552,0.255
-1.35,-3.748,3.932,-4.0,4.0,0.851,0.084,6.269,0.002,0.685,756.423,18.235,0.686,21.396,0.254,0.548,0.045,0.732,-0.252,0.068
-1.3,-1.77,4.961,-2.0,5.0,0.87,0.083,6.281,0.002,0.687,751.933,18.312,0.69,21.089,0.219,0.513,0.028,0.714,-0.23,0.039
-1.25,0.159,7.988,0.0,8.0,0.888,0.086,6.303,0.002,0.686,786.384,18.03,0.69,20.098,0.204,0.387,0.013,0.7,-0.159,0.012
-1.2,2.41,-2.019,2.0,-2.0,0.87,0.081,6.242,0.002,0.685,770.875,18.528,0.686,21.71,0.318,0.686,0.089,0.753,-0.41,0.019
-1.15,8.341,0.063,8.0,0.0,0.853,0.082,6.256,0.002,0.688,752.811,18.528,0.69,20.499,0.232,0.505,0.028,0.72,-0.341,-0.063
-1.1,8.368,-3.946,8.0,-4.0,0.863,0.081,6.23,0.002,0.682,749.341,18.513,0.682,20.491,0.231,0.495,0.026,0.714,-0.368,-0.054
-1.05,2.213,0.009,2.0,0.0,0.923,0.083,6.251,0.002,0.681,748.584,18.286,0.682,22.156,0.36,0.745,0.11,0.772,-0.213,-0.009
-1.0,0.235,-3.009,0.0,-3.0,0.924,0.081,6.234,0.002,0.682,745.823,18.507,0.682,21.634,0.259,0.618,0.058,0.741,-0.235,0.009
-0.95,1.123,4.991,1.0,5.0,0.933,0.086,6.286,0.002,0.683,774.831,18.04,0.686,20.751,0.215,0.492,0.023,0.707,-0.123,0.009
-0.9,-5.849,4.942,-6.0,5.0,0.93,0.086,6.283,0.002,0.681,814.003,17.994,0.682,20.794,0.229,0.5,0.029,0.715,-0.151,0.058
-0.85,-8.789,-2.085,-9.0,-2.0,0.931,0.082,6.243,0.002,0.683,810.762,18.453,0.682,20.129,0.194,0.419,0.013,0.708,-0.211,0.085
-0.8,-4.766,-5.056,-5.0,-5.0,0.931,0.08,6.226,0.002,0.682,800.073,18.562,0.678,20.377,0.204,0.417,0.012,0.705,-0.234,0.056
-0.75,1.176,-1.998,1.0,-2.0,0.953,0.082,6.241,0.002,0.681,768.937,18.364,0.682,22.173,0.334,0.722,0.1,0.767,-0.176,-0.002
-0.7,2.173,-4.006,2.0,-4.0,0.953,0.081,6.227,0.002,0.682,730.581,18.534,0.682,21.083,0.227,0.554,0.038,0.727,-0.173,0.006
-0.65,-3.791,-6.042,-4.0,-6.0,0.94,0.077,6.211,0.002,0.688,688.7,18.975,0.686,20.459,0.21,0.408,0.012,0.703,-0.209,0.042
-0.6,-6.862,0.947,-7.0,1.0,0.946,0.083,6.251,0.002,0.685,727.781,18.378,0.682,21.174,0.275,0.559,0.04,0.736,-0.138,0.053
-0.55,1.116,0.998,1.0,1.0,0.978,0.084,6.262,0.002,0.683,756.907,18.243,0.686,23.099,0.457,0.813,0.164,0.795,-0.116,0.002
-0.5,6.127,-0.995,6.0,-1.0,0.956,0.081,6.258,0.002,0.688,756.153,18.531,0.69,21.158,0.274,0.585,0.044,0.735,-0.127,-0.005
-0.45,-3.86,-3.039,-4.0,-3.0,0.969,0.081,6.244,0.002,0.685,796.914,18.551,0.686,20.951,0.197,0.494,0.021,0.714,-0.14,0.039
-0.4,1.108,-5.002,1.0,-5.0,0.978,0.081,6.233,0.002,0.684,781.673,18.579,0.686,20.85,0.208,0.503,0.024,0.714,-0.108,0.002
-0.35,-4.917,3.969,-5.0,4.0,0.962,0.085,6.272,0.002,0.681,765.656,18.044,0.682,20.917,0.216,0.519,0.032,0.721,-0.083,0.031
-0.3,-1.937,2.98,-2.0,3.0,0.977,0.085,6.266,0.002,0.681,741.779,18.098,0.682,21.572,0.24,0.6,0.054,0.745,-0.063,0.02
-0.25,-3.937,-0.021,-4.0,0.0,0.974,0.084,6.251,0.002,0.679,787.849,18.152,0.678,21.798,0.284,0.631,0.059,0.752,-0.063,0.021
-0.2,7.036,2.009,7.0,2.0,0.962,0.084,6.284,0.002,0.688,831.008,18.269,0.69,20.38,0.197,0.462,0.016,0.712,-0.036,-0.009
-0.15,-5.955,-3.021,-6.0,-3.0,0.965,0.083,6.265,0.002,0.68,1022.729,18.223,0.682,20.329,0.199,0.453,0.014,0.707,-0.045,0.021
-0.1,7.023,0.002,7.0,0.0,0.967,0.085,6.316,0.003,0.688,1184.882,18.138,0.69,20.693,0.245,0.543,0.029,0.729,-0.023,-0.002
-0.05,8.006,-0.002,8.0,0.0,0.967,0.087,6.35,0.003,0.688,1471.926,17.947,0.69,20.323,0.222,0.514,0.025,0.722,-0.006,0.002
0.0,0.0,0.0,0.0,0.0,1.0,0.09,6.387,0.003,0.685,1890.78,17.639,0.686,100.0,1.0,1.0,1.0,1.0,0.0,0.0
0.0,7.998,5.989,8.0,6.0,0.95,0.093,6.422,0.003,0.684,1878.064,17.296,0.69,19.051,0.153,0.309,0.006,0.69,0.002,0.011
0.05,-6.007,-6.992,-6.0,-7.0,0.953,0.084,6.309,0.003,0.685,1489.009,18.251,0.686,19.439,0.148,0.314,0.006,0.694,0.007,-0.008
0.1,-9.033,-2.979,-9.0,-3.0,0.951,0.085,6.294,0.003,0.68,1249.944,18.048,0.682,19.66,0.182,0.391,0.01,0.701,0.033,-0.021
0.15,-7.029,5.025,-7.0,5.0,0.95,0.088,6.311,0.002,0.681,1027.717,17.785,0.682,20.367,0.209,0.474,0.023,0.713,0.029,-0.025
0.2,5.94,-6.998,6.0,-7.0,0.955,0.078,6.231,0.002,0.689,803.076,18.88,0.69,20.511,0.24,0.465,0.026,0.71,0.06,-0.002
0.25,4.907,-4.997,5.0,-5.0,0.96,0.081,6.231,0.002,0.681,763.244,18.466,0.682,20.821,0.23,0.505,0.028,0.717,0.093,-0.003
0.3,6.937,5.993,7.0,6.0,0.949,0.087,6.294,0.002,0.683,730.653,17.916,0.686,19.652,0.181,0.334,0.007,0.697,0.063,0.007
0.35,4.883,-4.997,5.0,-5.0,0.96,0.081,6.23,0.002,0.684,728.529,18.568,0.686,20.88,0.229,0.505,0.028,0.717,0.117,-0.003
0.4,-9.093,5.054,-9.0,5.0,0.946,0.086,6.289,0.002,0.682,822.053,17.94,0.682,20.335,0.21,0.456,0.023,0.709,0.093,-0.054
0.45,2.866,-2.996,3.0,-3.0,0.971,0.083,6.252,0.002,0.682,806.481,18.329,0.682,21.465,0.24,0.588,0.05,0.742,0.134,-0.004
0.5,5.913,6.993,6.0,7.0,0.951,0.088,6.313,0.002,0.684,785.653,17.855,0.686,19.578,0.167,0.313,0.007,0.696,0.087,0.007
0.55,-8.186,-8.939,-8.0,-9.0,0.935,0.078,6.207,0.002,0.684,743.865,18.881,0.682,19.32,0.172,0.265,0.005,0.687,0.186,-0.061
0.6,-9.181,-4.917,-9.0,-5.0,0.936,0.081,6.225,0.002,0.681,745.123,18.498,0.678,19.637,0.193,0.351,0.009,0.697,0.181,-0.083
0.65,-5.132,4.069,-5.0,4.0,0.946,0.085,6.274,0.002,0.683,710.642,18.084,0.682,20.8,0.229,0.525,0.032,0.721,0.132,-0.069
0.7,1.843,2.008,2.0,2.0,0.96,0.085,6.271,0.002,0.68,737.466,18.02,0.682,21.944,0.246,0.623,0.063,0.748,0.157,-0.008
0.75,-0.147,3.03,0.0,3.0,0.955,0.086,6.278,0.002,0.682,762.462,18.041,0.686,21.567,0.242,0.612,0.055,0.74,0.147,-0.03
0.8,-8.209,-2.888,-8.0,-3.0,0.928,0.082,6.244,0.002,0.684,784.829,18.414,0.682,19.985,0.191,0.421,0.012,0.704,0.209,-0.112
0.85,-4.162,3.082,-4.0,3.0,0.938,0.085,6.283,0.002,0.683,799.545,18.061,0.686,21.034,0.245,0.574,0.044,0.732,0.162,-0.082
0.9,0.86,7.042,1.0,7.0,0.933,0.088,6.307,0.002,0.682,795.635,17.81,0.686,20.132,0.201,0.403,0.013,0.701,0.14,-0.042
0.95,7.658,-9.036,8.0,-9.0,0.889,0.079,6.213,0.002,0.683,748.642,18.769,0.682,20.163,0.203,0.402,0.02,0.702,0.342,0.036
1.0,-9.22,0.143,-9.0,0.0,0.921,0.084,6.259,0.002,0.679,766.707,18.118,0.678,20.306,0.225,0.483,0.026,0.72,0.22,-0.143
1.05,6.632,-6.025,7.0,-6.0,0.88,0.081,6.228,0.002,0.683,732.349,18.534,0.682,20.688,0.234,0.479,0.026,0.712,0.368,0.025
1.1,0.555,-8.951,1.0,-9.0,0.89,0.078,6.209,0.002,0.686,719.363,18.885,0.686,20.129,0.194,0.371,0.011,0.699,0.445,-0.049
1.15,-2.229,1.083,-2.0,1.0,0.905,0.085,6.269,0.002,0.681,783.876,18.065,0.682,21.981,0.35,0.727,0.105,0.767,0.229,-0.083
1.2,-1.424,-2.932,-1.0,-3.0,0.871,0.082,6.248,0.002,0.687,772.459,18.489,0.69,21.392,0.255,0.61,0.059,0.736,0.424,-0.068
1.25,-6.474,-4.865,-6.0,-5.0,0.849,0.08,6.234,0.002,0.687,739.054,18.705,0.686,20.008,0.196,0.403,0.012,0.701,0.474,-0.135
1.3,5.489,-6.016,6.0,-6.0,0.843,0.08,6.234,0.002,0.685,739.848,18.603,0.686,20.785,0.23,0.483,0.027,0.712,0.511,0.016
1.35,-1.535,-4.932,-1.0,-5.0,0.836,0.081,6.234,0.002,0.685,734.637,18.558,0.682,20.803,0.218,0.503,0.025,0.711,0.535,-0.068
1.4,-0.553,-3.945,0.0,-4.0,0.827,0.082,6.241,0.002,0.682,737.878,18.361,0.682,21.207,0.235,0.56,0.04,0.727,0.553,-0.055
1.45,0.725,1.308,1.0,1.0,0.782,0.085,6.27,0.002,0.68,749.389,18.023,0.682,22.299,0.318,0.697,0.092,0.764,0.275,-0.308
1.5,-6.677,-7.854,-6.0,-8.0,0.784,0.079,6.213,0.002,0.683,729.75,18.713,0.682,19.527,0.176,0.318,0.007,0.693,0.677,-0.146
1.55,-0.678,-7.293,0.0,-7.0,0.683,0.08,6.226,0.002,0.686,735.055,18.693,0.686,20.469,0.212,0.435,0.016,0.703,0.678,0.293
1.6,-8.615,-3.557,-8.0,-4.0,0.691,0.082,6.241,0.002,0.682,758.625,18.376,0.682,19.81,0.2,0.402,0.013,0.702,0.615,-0.443
1.65,4.609,3.627,5.0,4.0,0.708,0.087,6.296,0.002,0.684,772.459,17.946,0.686,20.653,0.206,0.444,0.022,0.715,0.391,0.373
1.7,6.54,-0.411,7.0,0.0,0.701,0.085,6.275,0.002,0.684,747.326,18.167,0.686,20.996,0.229,0.516,0.031,0.722,0.46,0.411
1.75,5.576,3.59,6.0,4.0,0.68,0.086,6.295,0.002,0.685,743.252,17.986,0.686,20.484,0.201,0.422,0.018,0.712,0.424,0.41
1.8,4.062,-8.455,5.0,-8.0,0.635,0.079,6.221,0.002,0.685,723.381,18.745,0.686,20.385,0.186,0.41,0.016,0.701,0.938,0.455
1.85,-0.675,0.439,0.0,0.0,0.618,0.085,6.268,0.002,0.683,745.843,18.138,0.686,21.785,0.284,0.665,0.073,0.752,0.675,-0.439
1.9,-1.933,-8.501,-1.0,-9.0,0.622,0.079,6.214,0.002,0.684,751.746,18.792,0.682,19.897,0.186,0.356,0.01,0.694,0.933,-0.499
1.95,-3.876,-4.468,-3.0,-5.0,0.602,0.082,6.239,0.002,0.684,756.406,18.462,0.682,20.373,0.224,0.482,0.027,0.709,0.876,-0.532
2.0,-0.38,5.55,0.0,5.0,0.635,0.088,6.298,0.002,0.681,785.538,17.805,0.682,20.521,0.226,0.497,0.034,0.717,0.38,-0.55
2.05,3.1,-3.505,4.0,-4.0,0.568,0.082,6.251,0.002,0.687,749.869,18.492,0.69,21.391,0.264,0.551,0.052,0.729,0.9,-0.495
2.1,-0.934,1.5,0.0,2.0,0.537,0.085,6.282,0.002,0.685,759.253,18.078,0.686,21.354,0.271,0.62,0.059,0.739,0.934,0.5
2.15,-8.084,-1.438,-7.0,-1.0,0.489,0.084,6.259,0.002,0.683,751.393,18.221,0.682,20.324,0.217,0.493,0.026,0.715,1.084,0.438
2.2,5.127,0.516,6.0,0.0,0.522,0.085,6.275,0.002,0.682,750.715,18.049,0.682,21.152,0.232,0.523,0.035,0.724,0.873,-0.516
2.25,5.465,2.483,6.0,3.0,0.516,0.087,6.292,0.002,0.68,761.341,17.832,0.682,20.734,0.22,0.46,0.028,0.72,0.535,0.517
2.3,0.47,0.514,1.0,1.0,0.486,0.086,6.278,0.002,0.681,767.901,17.984,0.682,21.419,0.264,0.613,0.055,0.738,0.53,0.486
2.35,6.998,-2.42,8.0,-3.0,0.492,0.083,6.261,0.002,0.686,750.933,18.31,0.686,20.945,0.224,0.495,0.03,0.718,1.002,-0.58
2.4,7.118,1.539,8.0,1.0,0.471,0.086,6.285,0.002,0.683,771.713,18.017,0.686,20.606,0.219,0.472,0.025,0.715,0.882,-0.539
2.45,4.691,-3.563,6.0,-3.0,0.48,0.082,6.261,0.002,0.688,731.735,18.472,0.69,21.308,0.252,0.536,0.043,0.726,1.309,0.563
2.5,-0.538,6.478,0.0,7.0,0.431,0.086,6.307,0.002,0.686,736.997,18.014,0.69,20.058,0.211,0.427,0.021,0.708,0.538,0.522
2.55,-4.91,3.53,-4.0,3.0,0.397,0.086,6.285,0.002,0.683,745.703,17.979,0.686,20.662,0.258,0.563,0.046,0.726,0.91,-0.53
2.6,-3.373,-8.554,-2.0,-8.0,0.408,0.08,6.222,0.002,0.683,761.112,18.63,0.682,19.894,0.198,0.389,0.014,0.699,1.373,0.554
2.65,6.613,5.785,7.0,5.0,0.42,0.088,6.303,0.002,0.681,758.065,17.774,0.682,20.174,0.201,0.378,0.02,0.713,0.387,-0.785
2.7,-4.43,-9.576,-3.0,-9.0,0.381,0.079,6.218,0.002,0.683,772.22,18.691,0.682,19.668,0.185,0.352,0.011,0.695,1.43,0.576
2.75,6.627,-6.61,8.0,-6.0,0.405,0.081,6.245,0.002,0.685,755.425,18.494,0.686,20.783,0.237,0.471,0.031,0.714,1.373,0.61
2.8,6.969,2.691,8.0,2.0,0.413,0.087,6.293,0.002,0.681,775.197,17.877,0.682,20.437,0.213,0.445,0.023,0.714,1.031,-0.691
2.85,-0.583,7.39,0.0,8.0,0.355,0.089,6.314,0.002,0.679,775.186,17.637,0.682,19.711,0.211,0.401,0.019,0.705,0.583,0.61
2.9,-0.197,3.335,1.0,4.0,0.387,0.087,6.295,0.002,0.682,761.388,17.864,0.686,20.541,0.237,0.51,0.036,0.721,0.803,0.665
2.95,-3.408,-8.681,-2.0,-8.0,0.339,0.081,6.225,0.002,0.68,775.773,18.508,0.678,19.854,0.202,0.396,0.016,0.698,1.408,0.681
3.0,-5.399,-8.705,-4.0,-8.0,0.314,0.08,6.224,0.002,0.683,765.52,18.601,0.682,19.693,0.197,0.379,0.014,0.696,1.399,0.705
-3.0,6.419,2.629,8.0,1.0,0.248,0.115,6.537,0.006,0.618,1026.091,14.595,0.62,17.523,0.117,0.325,0.018,0.682,1.581,-1.629
-2.95,5.757,9.474,8.0,8.0,0.208,0.114,6.531,0.006,0.596,1002.169,14.345,0.6,17.222,0.098,0.261,0.014,0.673,2.243,-1.474
-2.9,-3.118,3.691,-2.0,2.0,0.268,0.108,6.525,0.005,0.644,911.19,15.502,0.647,18.13,0.129,0.394,0.031,0.691,1.118,-1.691
-2.85,-1.084,0.628,0.0,-1.0,0.279,0.107,6.525,0.005,0.648,897.946,15.613,0.651,18.268,0.141,0.408,0.033,0.69,1.084,-0.372
-2.8,-6.036,-0.454,-5.0,-2.0,0.286,0.112,6.524,0.005,0.631,995.671,15.0,0.635,17.975,0.143,0.359,0.033,0.687,1.036,-1.546
-2.75,-4.784,-6.222,-4.0,-7.0,0.334,0.11,6.518,0.005,0.627,958.685,15.093,0.627,17.99,0.138,0.293,0.022,0.676,0.784,-0.778
-2.7,-10.074,5.751,-9.0,5.0,0.332,0.11,6.519,0.005,0.634,944.283,15.222,0.635,17.768,0.122,0.295,0.016,0.679,1.074,-0.751
-2.65,-9.728,-7.369,-9.0,-8.0,0.34,0.108,6.512,0.005,0.637,918.735,15.389,0.639,17.568,0.097,0.224,0.01,0.661,0.728,-0.631
-2.6,4.481,9.461,6.0,8.0,0.288,0.115,6.527,0.006,0.606,1020.85,14.437,0.608,17.416,0.102,0.274,0.016,0.678,1.519,-1.461
-2.55,-7.004,2.741,-6.0,2.0,0.356,0.109,6.522,0.005,0.635,935.779,15.271,0.635,18.085,0.136,0.367,0.03,0.692,1.004,-0.741
-2.5,6.925,6.538,8.0,5.0,0.333,0.117,6.535,0.006,0.61,1070.145,14.318,0.616,17.429,0.117,0.304,0.014,0.676,1.075,-1.538
-2.45,-1.052,3.396,0.0,2.0,0.335,0.112,6.529,0.005,0.623,985.472,14.912,0.627,18.222,0.127,0.422,0.037,0.698,1.052,-1.396
-2.4,-3.378,5.829,-2.0,5.0,0.349,0.112,6.525,0.005,0.628,980.527,14.998,0.631,18.247,0.161,0.395,0.036,0.691,1.378,-0.829
-2.35,-8.26,-6.267,-7.0,-7.0,0.346,0.111,6.516,0.005,0.629,979.365,15.041,0.631,17.676,0.111,0.242,0.011,0.662,1.26,-0.733
-2.3,-7.989,3.649,-7.0,3.0,0.384,0.109,6.523,0.005,0.632,933.884,15.267,0.635,18.026,0.127,0.346,0.022,0.685,0.989,-0.649
-2.25,2.091,3.828,3.0,3.0,0.413,0.114,6.525,0.006,0.621,998.071,14.726,0.624,18.184,0.15,0.44,0.042,0.706,0.909,-0.828
-2.2,-2.703,-2.282,-2.0,-3.0,0.409,0.115,6.522,0.006,0.611,1042.006,14.466,0.612,17.858,0.113,0.364,0.036,0.693,0.703,-0.718
-2.15,5.241,-0.135,6.0,-1.0,0.419,0.112,6.53,0.005,0.627,967.72,14.962,0.631,17.982,0.137,0.374,0.022,0.688,0.759,-0.865
-2.1,-3.676,-7.218,-3.0,-8.0,0.424,0.113,6.517,0.005,0.618,1001.79,14.767,0.62,17.747,0.101,0.264,0.018,0.672,0.676,-0.782
-2.05,-2.856,2.72,-2.0,2.0,0.441,0.115,6.525,0.006,0.617,1045.639,14.586,0.62,18.159,0.145,0.449,0.048,0.709,0.856,-0.72
-2.0,7.282,-3.198,8.0,-4.0,0.451,0.112,6.535,0.005,0.622,990.822,14.865,0.627,17.525,0.095,0.259,0.011,0.671,0.718,-0.802
-1.95,-6.911,7.624,-6.0,7.0,0.448,0.109,6.519,0.005,0.641,929.031,15.406,0.643,17.736,0.104,0.276,0.016,0.674,0.911,-0.624
-1.9,-2.735,-5.305,-2.0,-6.0,0.462,0.117,6.518,0.006,0.595,1072.924,14.13,0.596,17.518,0.115,0.298,0.023,0.683,0.735,-0.695
-1.85,6.228,-0.295,7.0,-1.0,0.48,0.117,6.534,0.006,0.606,1079.154,14.251,0.608,17.497,0.112,0.335,0.015,0.679,0.772,-0.705
-1.8,-2.863,7.608,-2.0,7.0,0.494,0.111,6.515,0.005,0.623,944.298,14.977,0.627,17.927,0.107,0.305,0.018,0.68,0.863,-0.608
-1.75,-5.67,-3.386,-5.0,-4.0,0.502,0.114,6.519,0.006,0.615,1015.909,14.627,0.616,17.629,0.088,0.271,0.019,0.676,0.67,-0.614
-1.7,-5.676,-5.37,-5.0,-6.0,0.511,0.114,6.518,0.006,0.62,1019.243,14.701,0.62,17.576,0.088,0.236,0.011,0.664,0.676,-0.63
-1.65,-1.741,-2.401,-1.0,-3.0,0.54,0.111,6.525,0.005,0.625,970.316,15.0,0.627,18.48,0.164,0.434,0.054,0.707,0.741,-0.599
-1.6,4.21,5.6,5.0,5.0,0.542,0.109,6.531,0.005,0.636,936.568,15.287,0.639,18.036,0.116,0.334,0.017,0.683,0.79,-0.6
-1.55,-5.689,-0.465,-5.0,-1.0,0.568,0.116,6.524,0.006,0.614,1057.829,14.463,0.616,17.961,0.134,0.395,0.027,0.692,0.689,-0.535
-1.5,-8.778,0.899,-8.0,1.0,0.622,0.12,6.518,0.006,0.6,1121.756,13.994,0.604,17.484,0.13,0.343,0.016,0.68,0.778,0.101
-1.45,-2.755,8.453,-2.0,8.0,0.589,0.116,6.515,0.006,0.623,1034.2,14.637,0.627,17.682,0.106,0.281,0.019,0.674,0.755,-0.453
-1.4,0.353,-1.55,1.0,-2.0,0.608,0.114,6.525,0.006,0.6,1020.348,14.385,0.6,18.496,0.199,0.515,0.066,0.723,0.647,-0.45
-1.35,-6.65,-3.093,-6.0,-3.0,0.689,0.116,6.519,0.006,0.614,1045.45,14.487,0.616,17.595,0.085,0.284,0.013,0.676,0.65,0.093
-1.3,4.37,2.404,5.0,2.0,0.638,0.11,6.533,0.005,0.622,950.705,15.075,0.624,18.263,0.134,0.408,0.024,0.694,0.63,-0.404
-1.25,4.448,0.414,5.0,0.0,0.665,0.109,6.535,0.005,0.63,937.883,15.26,0.631,18.304,0.128,0.419,0.025,0.695,0.552,-0.414
-1.2,2.469,7.331,3.0,7.0,0.68,0.11,6.525,0.005,0.635,939.055,15.252,0.635,17.98,0.12,0.299,0.018,0.681,0.531,-0.331
-1.15,-0.52,7.949,0.0,8.0,0.765,0.106,6.515,0.005,0.64,857.883,15.621,0.643,18.109,0.106,0.291,0.017,0.672,0.52,0.051
-1.1,-0.488,7.954,0.0,8.0,0.782,0.109,6.512,0.005,0.63,894.353,15.26,0.631,18.055,0.105,0.289,0.017,0.673,0.488,0.046
-1.05,-7.37,-5.094,-7.0,-5.0,0.78,0.116,6.509,0.006,0.602,1033.933,14.323,0.604,17.297,0.086,0.234,0.009,0.666,0.37,0.094
-1.0,-4.36,-0.073,-4.0,0.0,0.813,0.117,6.519,0.006,0.61,1063.212,14.347,0.612,18.298,0.169,0.473,0.037,0.704,0.36,0.073
-0.95,-4.052,-3.005,-4.0,-3.0,0.908,0.11,6.521,0.005,0.603,946.889,14.815,0.604,17.821,0.07,0.306,0.018,0.683,0.052,0.005
-0.9,-5.067,-2.019,-5.0,-2.0,0.921,0.11,6.524,0.005,0.624,968.243,15.065,0.627,18.037,0.088,0.337,0.017,0.684,0.067,0.019
-0.85,-8.078,4.952,-8.0,5.0,0.921,0.11,6.521,0.005,0.634,959.154,15.226,0.635,17.716,0.104,0.273,0.01,0.67,0.078,0.048
-0.8,5.939,2.077,6.0,2.0,0.929,0.106,6.534,0.005,0.649,891.225,15.759,0.651,18.231,0.135,0.382,0.018,0.687,0.061,-0.077
-0.75,-0.051,-1.936,0.0,-2.0,0.936,0.109,6.518,0.005,0.626,915.968,15.161,0.627,19.285,0.246,0.581,0.1,0.764,0.051,-0.064
-0.7,-0.075,8.027,0.0,8.0,0.935,0.11,6.506,0.005,0.632,900.077,15.219,0.635,18.098,0.118,0.299,0.02,0.677,0.075,-0.027
-0.65,-6.077,8.006,-6.0,8.0,0.929,0.113,6.504,0.005,0.619,961.568,14.773,0.62,17.456,0.066,0.208,0.008,0.659,0.077,-0.006
-0.6,-3.032,-3.951,-3.0,-4.0,0.922,0.113,6.514,0.005,0.623,987.786,14.845,0.624,17.804,0.059,0.281,0.015,0.675,0.032,-0.049
-0.55,-7.048,0.013,-7.0,0.0,0.919,0.112,6.523,0.005,0.624,998.962,14.938,0.631,18.322,0.176,0.406,0.02,0.689,0.048,-0.013
-0.5,3.978,-2.909,4.0,-3.0,0.91,0.109,6.536,0.005,0.631,970.136,15.247,0.631,17.975,0.054,0.301,0.015,0.677,0.022,-0.091
-0.45,3.972,5.063,4.0,5.0,0.898,0.105,6.538,0.005,0.621,910.604,15.42,0.624,18.029,0.078,0.279,0.011,0.67,0.028,-0.063
-0.4,3.958,0.083,4.0,0.0,0.895,0.105,6.537,0.005,0.648,892.059,15.792,0.651,18.847,0.19,0.509,0.037,0.703,0.042,-0.083
-0.35,6.978,-5.91,7.0,-6.0,0.88,0.107,6.522,0.005,0.634,876.133,15.466,0.635,17.794,0.102,0.253,0.008,0.661,0.022,-0.09
-0.3,-8.005,7.015,-8.0,7.0,0.861,0.107,6.5,0.005,0.633,847.161,15.399,0.635,17.672,0.091,0.228,0.008,0.665,0.005,-0.015
-0.25,-8.985,-5.988,-9.0,-6.0,0.865,0.111,6.501,0.005,0.616,920.889,14.873,0.616,17.555,0.124,0.254,0.01,0.667,-0.015,-0.012
-0.2,0.997,5.027,1.0,5.0,0.875,0.113,6.518,0.005,0.618,969.734,14.777,0.62,18.235,0.141,0.352,0.029,0.7,0.003,-0.027
-0.15,7.996,0.022,8.0,0.0,0.907,0.11,6.548,0.005,0.633,985.952,15.197,0.635,18.291,0.181,0.394,0.019,0.69,0.004,-0.022
-0.1,-0.003,3.0,0.0,3.0,0.884,0.109,6.559,0.005,0.635,1068.435,15.27,0.635,18.04,0.051,0.376,0.059,0.757,0.003,0.0
-0.05,5.979,-0.975,6.0,-1.0,0.877,0.11,6.601,0.006,0.635,1195.886,15.26,0.635,18.05,0.104,0.369,0.016,0.683,0.021,-0.025
0.0,-0.0,-0.0,0.0,0.0,1.0,0.107,6.63,0.006,0.627,1270.044,15.394,0.631,100.0,1.0,1.0,1.0,1.0,0.0,0.0
0.0,-1.014,6.013,-1.0,6.0,0.875,0.106,6.623,0.006,0.642,1265.914,15.609,0.647,18.316,0.169,0.37,0.036,0.702,0.014,-0.013
0.05,-7.99,-8.0,-8.0,-8.0,0.921,0.109,6.583,0.006,0.639,1176.93,15.368,0.643,17.491,0.096,0.235,0.008,0.66,-0.01,-0.0
0.1,0.989,-2.003,1.0,-2.0,0.877,0.112,6.564,0.006,0.627,1119.13,14.981,0.631,18.327,0.099,0.516,0.065,0.762,0.011,0.003
0.15,-7.003,-0.989,-7.0,-1.0,0.874,0.113,6.533,0.006,0.618,1041.465,14.767,0.624,18.225,0.175,0.393,0.019,0.685,0.003,-0.011
0.2,-8.975,2.99,-9.0,3.0,0.867,0.113,6.511,0.005,0.612,978.177,14.687,0.612,17.561,0.108,0.282,0.011,0.677,-0.025,0.01
0.25,6.034,2.953,6.0,3.0,0.866,0.112,6.517,0.005,0.615,922.71,14.791,0.616,17.677,0.056,0.269,0.011,0.675,-0.034,0.047
0.3,-9.003,-7.007,-9.0,-7.0,0.859,0.112,6.5,0.005,0.624,926.615,14.945,0.624,17.502,0.119,0.253,0.009,0.663,0.003,0.007
0.35,0.016,-3.01,0.0,-3.0,0.89,0.108,6.518,0.005,0.629,897.654,15.297,0.631,18.283,0.065,0.405,0.053,0.749,-0.016,0.01
0.4,1.999,-2.035,2.0,-2.0,0.9,0.108,6.535,0.005,0.643,939.584,15.51,0.647,18.476,0.111,0.486,0.048,0.725,0.001,0.035
0.45,-0.953,5.953,-1.0,6.0,0.905,0.109,6.529,0.005,0.611,978.925,14.973,0.612,18.369,0.173,0.364,0.037,0.709,-0.047,0.047
0.5,3.009,-2.06,3.0,-2.0,0.914,0.112,6.535,0.005,0.622,1009.767,14.929,0.624,18.233,0.084,0.416,0.032,0.703,-0.009,0.06
0.55,-0.972,2.962,-1.0,3.0,0.924,0.116,6.519,0.006,0.609,1057.261,14.42,0.612,18.047,0.105,0.401,0.051,0.736,-0.028,0.038
0.6,3.042,-0.076,3.0,0.0,0.918,0.116,6.518,0.006,0.607,1036.415,14.34,0.608,18.893,0.254,0.581,0.058,0.726,-0.042,0.076
0.65,2.046,3.942,2.0,4.0,0.936,0.112,6.509,0.005,0.618,951.3,14.812,0.62,17.978,0.086,0.32,0.023,0.691,-0.046,0.058
0.7,3.029,-8.086,3.0,-8.0,0.913,0.112,6.51,0.005,0.613,947.175,14.74,0.616,17.696,0.1,0.271,0.02,0.675,-0.029,0.086
0.75,4.023,-4.072,4.0,-4.0,0.918,0.111,6.519,0.005,0.625,945.408,15.032,0.627,17.943,0.074,0.3,0.015,0.681,-0.023,0.072
0.8,-1.931,-1.023,-2.0,-1.0,0.92,0.111,6.522,0.005,0.627,964.03,15.082,0.627,19.697,0.323,0.663,0.104,0.754,-0.069,0.023
0.85,-0.982,-5.031,-1.0,-5.0,0.923,0.11,6.521,0.005,0.629,968.982,15.153,0.631,18.201,0.11,0.347,0.026,0.696,-0.018,0.031
0.9,8.06,2.893,8.0,3.0,0.921,0.112,6.533,0.005,0.618,1008.452,14.825,0.62,17.671,0.101,0.287,0.011,0.674,-0.06,0.107
0.95,-8.983,-5.945,-9.0,-6.0,0.894,0.114,6.51,0.006,0.589,1019.277,14.266,0.596,17.103,0.11,0.258,0.009,0.663,-0.017,-0.055
1.0,-7.914,2.04,-8.0,2.0,0.917,0.119,6.508,0.006,0.596,1103.085,13.984,0.604,17.216,0.102,0.292,0.012,0.674,-0.086,-0.04
1.05,0.354,-2.975,0.0,-3.0,0.789,0.117,6.516,0.006,0.603,1060.08,14.215,0.604,18.249,0.163,0.483,0.053,0.722,-0.354,-0.025
1.1,1.048,-7.005,1.0,-7.0,0.862,0.117,6.513,0.006,0.608,1064.37,14.307,0.612,17.688,0.118,0.315,0.019,0.675,-0.048,0.005
1.15,-6.578,-6.918,-7.0,-7.0,0.745,0.116,6.509,0.006,0.613,1049.281,14.474,0.62,17.391,0.112,0.267,0.01,0.663,-0.422,-0.082
1.2,-0.425,5.045,-1.0,5.0,0.744,0.113,6.516,0.006,0.617,1002.284,14.716,0.62,18.077,0.116,0.35,0.032,0.704,-0.575,-0.045
1.25,5.481,-3.373,5.0,-3.0,0.648,0.109,6.531,0.005,0.634,951.858,15.279,0.635,18.142,0.104,0.351,0.021,0.686,-0.481,0.373
1.3,-5.374,1.062,-6.0,1.0,0.697,0.118,6.515,0.006,0.607,1094.67,14.244,0.612,17.605,0.101,0.341,0.016,0.681,-0.626,-0.062
1.35,8.578,-0.443,8.0,0.0,0.596,0.113,6.531,0.005,0.607,998.713,14.627,0.608,17.878,0.143,0.368,0.017,0.683,-0.578,0.443
1.4,-8.42,-6.903,-9.0,-7.0,0.652,0.116,6.506,0.006,0.613,1032.132,14.492,0.62,17.282,0.11,0.253,0.009,0.663,-0.58,-0.097
1.45,-0.357,-0.458,-1.0,0.0,0.592,0.116,6.518,0.006,0.602,1052.425,14.281,0.604,18.558,0.222,0.583,0.079,0.731,-0.643,0.458
1.5,8.722,7.456,8.0,8.0,0.557,0.108,6.519,0.005,0.634,898.581,15.405,0.639,17.728,0.11,0.237,0.009,0.661,-0.722,0.544
1.55,-6.435,-7.554,-7.0,-7.0,0.559,0.112,6.51,0.005,0.614,992.179,14.75,0.62,17.542,0.112,0.274,0.011,0.664,-0.565,0.554
1.6,-5.937,-8.52,-6.0,-8.0,0.635,0.114,6.512,0.006,0.62,1018.049,14.744,0.627,17.487,0.103,0.26,0.011,0.662,-0.063,0.52
1.65,5.749,-0.623,5.0,0.0,0.52,0.112,6.526,0.005,0.633,975.533,15.065,0.635,18.258,0.147,0.424,0.03,0.698,-0.749,0.623
1.7,-0.364,-7.652,-1.0,-7.0,0.528,0.113,6.516,0.005,0.624,1002.202,14.852,0.624,17.858,0.099,0.305,0.017,0.673,-0.636,0.652
1.75,-8.318,-2.656,-9.0,-2.0,0.512,0.113,6.514,0.006,0.617,1002.289,14.729,0.62,17.601,0.107,0.305,0.013,0.676,-0.682,0.656
1.8,2.793,3.339,2.0,4.0,0.483,0.113,6.514,0.005,0.607,987.894,14.584,0.608,18.029,0.142,0.362,0.044,0.701,-0.793,0.661
1.85,-2.203,5.303,-3.0,6.0,0.469,0.112,6.506,0.005,0.62,966.253,14.894,0.624,18.113,0.126,0.328,0.023,0.686,-0.797,0.697
1.9,-0.288,-4.679,-1.0,-4.0,0.46,0.117,6.52,0.006,0.605,1086.514,14.278,0.608,18.064,0.152,0.426,0.043,0.696,-0.712,0.679
1.95,-1.125,4.327,-2.0,5.0,0.453,0.11,6.513,0.005,0.632,961.552,15.179,0.635,18.347,0.145,0.37,0.031,0.692,-0.875,0.673
2.0,1.779,-3.752,1.0,-3.0,0.448,0.112,6.524,0.005,0.627,1000.337,14.937,0.627,18.331,0.151,0.459,0.047,0.703,-0.779,0.752
2.05,3.805,-0.717,3.0,0.0,0.434,0.113,6.522,0.006,0.613,1014.193,14.678,0.616,18.303,0.18,0.472,0.05,0.709,-0.805,0.717
2.1,-6.13,0.328,-7.0,1.0,0.419,0.112,6.512,0.005,0.626,989.204,14.955,0.631,17.808,0.115,0.328,0.016,0.679,-0.87,0.672
2.15,3.869,4.224,3.0,5.0,0.42,0.117,6.513,0.006,0.607,1062.145,14.299,0.612,17.71,0.133,0.322,0.034,0.687,-0.869,0.776
2.2,-6.216,-2.672,-7.0,-2.0,0.402,0.111,6.513,0.005,0.624,964.969,15.005,0.631,17.842,0.11,0.344,0.018,0.682,-0.784,0.672
2.25,-7.402,-9.718,-8.0,-9.0,0.394,0.109,6.511,0.005,0.63,948.052,15.201,0.635,17.476,0.084,0.229,0.009,0.659,-0.598,0.718
2.3,1.885,-0.815,1.0,0.0,0.409,0.116,6.519,0.006,0.607,1062.357,14.357,0.608,18.059,0.161,0.46,0.043,0.7,-0.885,0.815
2.35,-0.641,2.146,-2.0,3.0,0.363,0.108,6.514,0.005,0.628,925.107,15.257,0.631,18.234,0.109,0.376,0.034,0.696,-1.359,0.854
2.4,7.818,-2.392,7.0,-1.0,0.346,0.112,6.526,0.005,0.623,988.084,14.926,0.627,17.88,0.121,0.359,0.021,0.685,-0.818,1.392
2.45,-5.346,-9.759,-6.0,-9.0,0.365,0.111,6.511,0.005,0.625,967.167,15.016,0.631,17.592,0.099,0.264,0.016,0.669,-0.654,0.759
2.5,-6.019,2.244,-7.0,3.0,0.357,0.113,6.508,0.005,0.622,998.355,14.828,0.627,17.521,0.083,0.274,0.015,0.677,-0.981,0.756
2.55,-0.864,3.476,-2.0,5.0,0.31,0.115,6.511,0.006,0.609,1047.81,14.464,0.612,18.048,0.151,0.369,0.033,0.687,-1.136,1.524
2.6,1.079,1.505,0.0,3.0,0.299,0.118,6.514,0.006,0.606,1086.568,14.233,0.608,17.7,0.096,0.346,0.029,0.689,-1.079,1.495
2.65,-1.085,-5.533,-2.0,-4.0,0.307,0.116,6.519,0.006,0.604,1060.643,14.362,0.608,17.91,0.14,0.404,0.034,0.691,-0.915,1.533
2.7,4.747,-10.502,4.0,-9.0,0.293,0.119,6.519,0.006,0.602,1114.438,14.063,0.604,17.212,0.099,0.273,0.016,0.668,-0.747,1.502
2.75,7.865,-6.548,7.0,-5.0,0.305,0.116,6.524,0.006,0.604,1060.199,14.33,0.608,17.578,0.143,0.335,0.025,0.683,-0.865,1.548
2.8,3.862,-7.586,3.0,-6.0,0.296,0.119,6.521,0.006,0.604,1115.696,14.131,0.608,17.615,0.142,0.357,0.029,0.681,-0.862,1.586
2.85,6.627,5.494,5.0,7.0,0.267,0.118,6.516,0.006,0.605,1091.777,14.206,0.608,17.507,0.133,0.283,0.024,0.671,-1.627,1.506
2.9,4.021,5.303,3.0,7.0,0.267,0.115,6.513,0.006,0.608,1041.128,14.438,0.612,17.776,0.139,0.307,0.025,0.677,-1.021,1.697
2.95,-0.023,1.28,-1.0,3.0,0.268,0.117,6.509,0.006,0.613,1055.66,14.409,0.616,17.781,0.1,0.343,0.026,0.686,-0.977,1.72
3.0,5.566,1.387,4.0,3.0,0.259,0.115,6.513,0.006,0.619,1033.244,14.588,0.62,17.767,0.123,0.334,0.029,0.685,-1.566,1.613
-3.0,-3.336,1.967,-3.0,2.0,0.416,0.118,6.753,0.007,0.67,1821.801,15.045,0.682,16.723,0.109,0.359,0.023,0.708,0.336,0.033
-2.95,-7.039,-6.664,-6.0,-7.0,0.374,0.118,6.743,0.007,0.656,1841.593,14.895,0.667,16.567,0.107,0.278,0.015,0.698,1.039,-0.336
-2.9,3.995,-7.509,5.0,-8.0,0.421,0.12,6.748,0.007,0.651,1897.733,14.691,0.663,16.441,0.085,0.263,0.011,0.686,1.005,-0.491
-2.85,-4.095,-3.696,-3.0,-4.0,0.389,0.119,6.747,0.007,0.665,1858.721,14.975,0.675,16.516,0.091,0.318,0.02,0.703,1.095,-0.304
-2.8,-1.093,-4.589,0.0,-5.0,0.417,0.115,6.749,0.007,0.645,1765.171,14.964,0.655,16.694,0.092,0.321,0.02,0.701,1.093,-0.411
-2.75,-7.219,4.844,-6.0,5.0,0.454,0.125,6.758,0.008,0.665,2046.985,14.497,0.678,16.328,0.1,0.305,0.019,0.7,1.219,0.156
-2.7,2.676,0.156,3.0,0.0,0.482,0.123,6.757,0.008,0.658,1994.591,14.559,0.671,16.78,0.104,0.379,0.024,0.707,0.324,-0.156
-2.65,-6.372,2.841,-6.0,3.0,0.492,0.125,6.755,0.008,0.653,2010.809,14.394,0.667,16.5,0.106,0.311,0.02,0.702,0.372,0.159
-2.6,0.84,0.42,2.0,0.0,0.457,0.124,6.754,0.008,0.659,2009.085,14.516,0.671,16.851,0.105,0.394,0.026,0.712,1.16,-0.42
-2.55,-5.078,-1.679,-4.0,-2.0,0.451,0.119,6.749,0.007,0.659,1871.457,14.843,0.671,16.709,0.112,0.364,0.025,0.71,1.078,-0.321
-2.5,6.613,-5.56,7.0,-6.0,0.49,0.118,6.751,0.007,0.646,1800.954,14.796,0.655,16.516,0.092,0.255,0.009,0.686,0.387,-0.44
-2.45,0.874,4.096,2.0,4.0,0.523,0.122,6.761,0.008,0.653,1939.627,14.593,0.667,16.646,0.103,0.357,0.025,0.711,1.126,-0.096
-2.4,-9.033,0.847,-8.0,1.0,0.537,0.119,6.754,0.007,0.64,1850.512,14.645,0.651,16.536,0.081,0.259,0.009,0.693,1.033,0.153
-2.35,2.889,6.14,4.0,6.0,0.536,0.121,6.765,0.008,0.659,1927.211,14.686,0.667,16.452,0.083,0.285,0.013,0.697,1.111,-0.14
-2.3,-1.977,-2.585,-1.0,-3.0,0.523,0.122,6.75,0.008,0.669,1948.524,14.785,0.678,16.517,0.108,0.386,0.029,0.711,0.977,-0.415
-2.25,-1.051,3.402,0.0,3.0,0.531,0.119,6.755,0.007,0.655,1823.931,14.81,0.667,16.83,0.107,0.398,0.031,0.72,1.051,-0.402
-2.2,-3.993,4.977,-3.0,5.0,0.578,0.123,6.755,0.008,0.671,1923.012,14.747,0.682,16.657,0.127,0.367,0.025,0.707,0.993,0.023
-2.15,6.163,-6.409,7.0,-7.0,0.565,0.12,6.751,0.007,0.657,1887.472,14.788,0.667,16.364,0.083,0.234,0.008,0.683,0.837,-0.591
-2.1,1.085,0.453,2.0,0.0,0.574,0.117,6.757,0.007,0.646,1782.577,14.859,0.655,17.361,0.128,0.446,0.036,0.723,0.915,-0.453
-2.05,0.094,2.392,1.0,2.0,0.575,0.121,6.76,0.007,0.648,1912.133,14.605,0.659,16.959,0.121,0.431,0.036,0.726,0.906,-0.392
-2.0,-8.869,1.893,-8.0,2.0,0.63,0.121,6.755,0.008,0.667,1928.246,14.815,0.678,16.314,0.078,0.249,0.008,0.69,0.869,0.107
-1.95,-4.775,-4.978,-4.0,-5.0,0.645,0.119,6.75,0.007,0.641,1884.911,14.621,0.651,16.588,0.099,0.294,0.018,0.706,0.775,-0.022
-1.9,-9.755,-5.074,-9.0,-5.0,0.655,0.12,6.743,0.007,0.659,1882.991,14.785,0.671,16.293,0.081,0.232,0.007,0.69,0.755,0.074
-1.85,2.256,-4.868,3.0,-5.0,0.663,0.12,6.749,0.007,0.648,1873.582,14.671,0.659,16.678,0.099,0.339,0.019,0.701,0.744,-0.132
-1.8,-3.786,5.005,-3.0,5.0,0.681,0.119,6.755,0.007,0.639,1795.779,14.627,0.651,16.919,0.119,0.362,0.02,0.707,0.786,-0.005
-1.75,7.338,-7.755,8.0,-8.0,0.684,0.118,6.752,0.007,0.662,1848.573,14.956,0.671,16.327,0.08,0.22,0.006,0.678,0.662,-0.245
-1.7,-0.699,-0.925,0.0,-1.0,0.712,0.12,6.756,0.007,0.65,1879.649,14.691,0.663,17.41,0.15,0.503,0.049,0.738,0.699,-0.075
-1.65,-7.643,-4.05,-7.0,-4.0,0.723,0.12,6.75,0.007,0.656,1919.614,14.737,0.667,16.419,0.081,0.244,0.008,0.695,0.643,0.05
-1.6,6.296,7.169,7.0,7.0,0.738,0.121,6.769,0.007,0.635,1908.94,14.426,0.643,16.266,0.069,0.215,0.005,0.686,0.704,-0.169
-1.55,0.459,-8.909,1.0,-9.0,0.747,0.119,6.75,0.007,0.652,1875.756,14.805,0.663,16.565,0.083,0.276,0.009,0.691,0.541,-0.091
-1.5,-0.618,4.058,0.0,4.0,0.769,0.124,6.758,0.008,0.656,1963.847,14.495,0.663,16.79,0.116,0.403,0.029,0.722,0.618,-0.058
-1.45,-1.62,7.036,-1.0,7.0,0.779,0.124,6.758,0.008,0.663,1955.16,14.553,0.671,16.472,0.088,0.309,0.011,0.699,0.62,-0.036
-1.4,0.429,5.062,1.0,5.0,0.793,0.123,6.759,0.008,0.659,1920.737,14.607,0.671,16.528,0.073,0.324,0.016,0.709,0.571,-0.062
-1.35,-3.555,8.004,-3.0,8.0,0.801,0.124,6.761,0.008,0.654,1977.96,14.422,0.663,16.444,0.083,0.28,0.009,0.692,0.555,-0.004
-1.3,-1.51,4.03,-1.0,4.0,0.826,0.121,6.762,0.007,0.634,1908.23,14.41,0.647,16.897,0.115,0.409,0.027,0.72,0.51,-0.03
-1.25,0.579,-1.961,1.0,-2.0,0.838,0.12,6.76,0.007,0.654,1927.967,14.727,0.667,17.379,0.198,0.545,0.062,0.741,0.421,-0.039
-1.2,-0.445,4.01,0.0,4.0,0.852,0.124,6.764,0.008,0.661,2017.813,14.524,0.675,16.666,0.096,0.394,0.025,0.721,0.445,-0.01
-1.15,-4.441,7.97,-4.0,8.0,0.852,0.126,6.761,0.008,0.659,2028.035,14.357,0.671,16.328,0.082,0.27,0.008,0.689,0.441,0.03
-1.1,4.932,-7.915,5.0,-8.0,0.897,0.116,6.747,0.007,0.651,1732.668,14.995,0.663,16.609,0.082,0.264,0.007,0.685,0.068,-0.085
-1.05,-1.382,7.992,-1.0,8.0,0.882,0.12,6.759,0.007,0.649,1785.991,14.68,0.655,16.698,0.098,0.303,0.011,0.697,0.382,0.008
-1.0,-6.363,7.935,-6.0,8.0,0.883,0.121,6.759,0.007,0.658,1868.644,14.675,0.667,16.378,0.083,0.25,0.007,0.683,0.363,0.065
-0.95,-5.187,5.929,-5.0,6.0,0.909,0.123,6.761,0.008,0.655,1957.158,14.542,0.667,16.486,0.084,0.278,0.009,0.691,0.187,0.071
-0.9,-6.156,2.925,-6.0,3.0,0.921,0.121,6.761,0.007,0.644,1939.05,14.539,0.655,16.554,0.082,0.282,0.01,0.693,0.156,0.075
-0.85,-1.105,-1.018,-1.0,-1.0,0.93,0.125,6.762,0.008,0.646,2093.775,14.297,0.659,17.786,0.28,0.652,0.1,0.772,0.105,0.018
-0.8,6.865,4.058,7.0,4.0,0.922,0.125,6.77,0.008,0.65,2072.263,14.313,0.663,16.142,0.061,0.205,0.005,0.688,0.135,-0.058
-0.75,-7.052,-6.065,-7.0,-6.0,0.918,0.122,6.744,0.008,0.646,1936.804,14.474,0.655,16.27,0.074,0.223,0.006,0.688,0.052,0.065
-0.7,-5.109,4.932,-5.0,5.0,0.929,0.122,6.749,0.008,0.658,1852.166,14.612,0.671,16.518,0.081,0.289,0.009,0.691,0.109,0.068
-0.65,-8.095,4.912,-8.0,5.0,0.93,0.122,6.745,0.007,0.636,1822.411,14.335,0.647,16.368,0.077,0.238,0.006,0.681,0.095,0.088
-0.6,6.953,-4.957,7.0,-5.0,0.938,0.123,6.753,0.008,0.653,1959.812,14.489,0.663,16.333,0.075,0.237,0.007,0.682,0.047,-0.043
-0.55,0.912,4.992,1.0,5.0,0.943,0.121,6.763,0.007,0.647,1876.526,14.588,0.655,16.785,0.105,0.353,0.015,0.708,0.088,0.008
-0.5,-2.057,0.982,-2.0,1.0,0.956,0.12,6.765,0.007,0.651,1932.95,14.693,0.663,17.819,0.238,0.619,0.067,0.765,0.057,0.018
-0.45,1.95,4.995,2.0,5.0,0.952,0.123,6.775,0.008,0.644,2057.316,14.381,0.655,16.578,0.088,0.316,0.012,0.706,0.05,0.005
-0.4,7.978,-0.96,8.0,-1.0,0.96,0.124,6.768,0.008,0.654,2090.831,14.431,0.667,16.284,0.084,0.252,0.007,0.685,0.022,-0.04
-0.35,4.956,5.008,5.0,5.0,0.957,0.124,6.761,0.008,0.658,1954.938,14.518,0.671,16.226,0.059,0.223,0.006,0.695,0.044,-0.008
-0.3,4.986,-6.984,5.0,-7.0,0.96,0.123,6.744,0.008,0.658,1939.068,14.566,0.667,16.38,0.08,0.263,0.008,0.688,0.014,-0.016
-0.25,-6.033,5.966,-6.0,6.0,0.961,0.119,6.753,0.007,0.644,1808.068,14.668,0.655,16.544,0.08,0.263,0.007,0.686,0.033,0.034
-0.2,3.966,6.004,4.0,6.0,0.961,0.119,6.772,0.007,0.646,1928.006,14.67,0.655,16.493,0.073,0.258,0.007,0.696,0.034,-0.004
-0.15,-2.033,2.99,-2.0,3.0,0.977,0.122,6.785,0.008,0.651,2220.716,14.524,0.663,16.667,0.067,0.38,0.025,0.719,0.033,0.01
-0.1,6.981,0.009,7.0,0.0,0.971,0.121,6.819,0.008,0.64,2466.718,14.443,0.651,16.451,0.094,0.283,0.008,0.69,0.019,-0.009
-0.05,-0.004,-2.999,0.0,-3.0,0.98,0.123,6.851,0.009,0.641,2879.424,14.362,0.651,16.728,0.109,0.435,0.034,0.74,0.004,-0.001
0.0,0.0,0.0,0.0,0.0,1.0,0.124,6.899,0.009,0.645,3314.771,14.353,0.655,100.0,1.0,1.0,1.0,1.0,0.0,0.0
0.0,6.003,7.993,6.0,8.0,0.953,0.125,6.907,0.01,0.642,3343.704,14.181,0.651,16.095,0.074,0.229,0.006,0.687,-0.003,0.007
0.05,3.999,-4.005,4.0,-4.0,0.97,0.124,6.853,0.009,0.658,2971.026,14.466,0.667,16.386,0.073,0.302,0.011,0.695,0.001,0.005
0.1,2.999,-7.005,3.0,-7.0,0.968,0.122,6.812,0.008,0.655,2528.529,14.605,0.667,16.428,0.076,0.288,0.009,0.694,0.001,0.005
0.15,-3.985,-4.994,-4.0,-5.0,0.969,0.121,6.779,0.008,0.658,2228.81,14.689,0.667,16.317,0.06,0.235,0.007,0.699,-0.015,-0.006
0.2,-6.964,3.004,-7.0,3.0,0.964,0.119,6.761,0.007,0.652,1927.399,14.789,0.663,16.529,0.084,0.27,0.008,0.687,-0.036,-0.004
0.25,-0.007,-9.0,0.0,-9.0,0.965,0.119,6.744,0.007,0.655,1881.937,14.801,0.667,16.629,0.106,0.303,0.011,0.696,0.007,-0.0
0.3,-3.95,4.006,-4.0,4.0,0.964,0.12,6.749,0.007,0.658,1805.463,14.818,0.671,16.65,0.074,0.307,0.012,0.695,-0.05,-0.006
0.35,8.067,6.958,8.0,7.0,0.95,0.123,6.763,0.008,0.656,1912.946,14.563,0.663,16.215,0.08,0.212,0.006,0.686,-0.067,0.042
0.4,-2.949,1.012,-3.0,1.0,0.968,0.121,6.767,0.008,0.662,2018.115,14.722,0.675,17.039,0.127,0.478,0.033,0.732,-0.051,-0.012
0.45,6.013,-8.029,6.0,-8.0,0.95,0.12,6.766,0.008,0.652,2013.479,14.696,0.663,16.414,0.084,0.247,0.007,0.685,-0.013,0.029
0.5,-3.939,0.03,-4.0,0.0,0.961,0.123,6.763,0.008,0.651,2039.416,14.473,0.663,16.82,0.103,0.387,0.02,0.715,-0.061,-0.03
0.55,-7.892,7.058,-8.0,7.0,0.937,0.124,6.758,0.008,0.655,1964.259,14.451,0.667,16.19,0.075,0.223,0.006,0.678,-0.108,-0.058
0.6,-4.927,-0.965,-5.0,-1.0,0.949,0.121,6.746,0.007,0.65,1834.019,14.638,0.659,16.662,0.086,0.316,0.012,0.703,-0.073,-0.035
0.65,1.11,5.993,1.0,6.0,0.942,0.123,6.755,0.008,0.665,1879.378,14.637,0.675,16.539,0.101,0.33,0.013,0.703,-0.11,0.007
0.7,0.077,-0.997,0.0,-1.0,0.95,0.121,6.749,0.007,0.657,1849.857,14.679,0.667,18.952,0.391,0.751,0.142,0.805,-0.077,-0.003
0.75,6.103,1.946,6.0,2.0,0.935,0.123,6.761,0.008,0.664,1942.833,14.666,0.675,16.414,0.082,0.268,0.009,0.698,-0.103,0.054
0.8,-0.934,-5.986,-1.0,-6.0,0.931,0.122,6.759,0.008,0.641,1993.503,14.45,0.651,16.69,0.107,0.332,0.012,0.704,-0.066,-0.014
0.85,-2.893,-1.97,-3.0,-2.0,0.932,0.124,6.762,0.008,0.65,2055.546,14.421,0.659,16.585,0.074,0.359,0.023,0.727,-0.107,-0.03
0.9,1.05,-9.017,1.0,-9.0,0.926,0.12,6.755,0.008,0.649,1949.774,14.655,0.659,16.61,0.098,0.297,0.009,0.696,-0.05,0.017
0.95,0.134,-0.011,0.0,0.0,0.929,0.119,6.759,0.007,0.636,1845.749,14.561,0.647,18.7,0.297,0.703,0.111,0.795,-0.134,0.011
1.0,-5.917,-7.933,-6.0,-8.0,0.913,0.12,6.745,0.007,0.633,1892.758,14.421,0.643,16.326,0.073,0.217,0.006,0.688,-0.083,-0.067
1.05,3.122,-4.047,3.0,-4.0,0.913,0.119,6.753,0.007,0.639,1809.159,14.613,0.651,16.827,0.09,0.358,0.018,0.71,-0.122,0.047
1.1,-6.908,-7.924,-7.0,-8.0,0.894,0.122,6.744,0.008,0.64,1938.593,14.371,0.651,16.235,0.074,0.21,0.005,0.685,-0.092,-0.076
1.15,4.098,-7.077,4.0,-7.0,0.891,0.121,6.757,0.008,0.651,1955.092,14.59,0.659,16.552,0.085,0.284,0.009,0.695,-0.098,0.077
1.2,8.424,5.837,8.0,6.0,0.836,0.124,6.772,0.008,0.659,1999.758,14.537,0.671,16.148,0.071,0.216,0.006,0.687,-0.424,0.163
1.25,8.413,0.853,8.0,1.0,0.825,0.123,6.768,0.008,0.656,2014.563,14.507,0.667,16.348,0.083,0.251,0.007,0.691,-0.413,0.147
1.3,-1.55,-0.019,-2.0,0.0,0.823,0.121,6.759,0.007,0.649,1920.581,14.61,0.659,17.762,0.195,0.553,0.062,0.749,-0.45,0.019
1.35,0.459,-2.046,0.0,-2.0,0.805,0.12,6.757,0.007,0.64,1894.269,14.508,0.651,17.33,0.183,0.533,0.062,0.75,-0.459,0.046
1.4,1.544,4.925,1.0,5.0,0.79,0.121,6.762,0.007,0.66,1877.711,14.715,0.671,16.541,0.083,0.316,0.017,0.709,-0.544,0.075
1.45,7.528,-0.148,7.0,0.0,0.774,0.121,6.759,0.007,0.657,1869.063,14.732,0.667,16.513,0.082,0.267,0.009,0.694,-0.528,0.148
1.5,-5.515,-7.964,-6.0,-8.0,0.75,0.118,6.747,0.007,0.649,1822.326,14.779,0.659,16.428,0.077,0.221,0.006,0.688,-0.485,-0.036
1.55,6.566,-3.159,6.0,-3.0,0.744,0.122,6.762,0.008,0.65,1954.486,14.548,0.659,16.495,0.077,0.28,0.011,0.697,-0.566,0.159
1.6,8.538,-8.207,8.0,-8.0,0.711,0.121,6.761,0.008,0.65,1947.371,14.627,0.659,16.29,0.081,0.227,0.006,0.68,-0.538,0.207
1.65,3.647,-0.137,3.0,0.0,0.725,0.119,6.763,0.007,0.671,1875.776,14.998,0.682,17.099,0.151,0.453,0.045,0.731,-0.647,0.137
1.7,-5.361,-2.978,-6.0,-3.0,0.706,0.116,6.754,0.007,0.63,1769.023,14.663,0.639,16.515,0.074,0.257,0.009,0.697,-0.639,-0.022
1.75,-7.387,-6.968,-8.0,-7.0,0.685,0.116,6.747,0.007,0.659,1765.666,15.068,0.667,16.359,0.071,0.203,0.005,0.685,-0.613,-0.032
1.8,-0.368,-9.086,-1.0,-9.0,0.677,0.119,6.749,0.007,0.66,1862.83,14.872,0.671,16.539,0.09,0.279,0.009,0.697,-0.632,0.086
1.85,7.688,-4.52,7.0,-4.0,0.639,0.118,6.758,0.007,0.655,1815.615,14.867,0.667,16.587,0.088,0.267,0.01,0.693,-0.688,0.52
1.9,-2.198,2.979,-3.0,3.0,0.663,0.123,6.76,0.008,0.651,1965.041,14.496,0.663,16.827,0.139,0.421,0.032,0.71,-0.802,0.021
1.95,6.81,0.458,6.0,1.0,0.616,0.121,6.764,0.008,0.656,1934.081,14.646,0.667,16.527,0.08,0.29,0.013,0.704,-0.81,0.542
2.0,-5.169,-0.0,-6.0,0.0,0.641,0.123,6.759,0.008,0.65,1988.039,14.451,0.659,16.427,0.076,0.293,0.013,0.695,-0.831,0.0
2.05,7.816,-2.589,7.0,-2.0,0.591,0.12,6.763,0.007,0.652,1882.68,14.726,0.663,16.508,0.078,0.266,0.01,0.696,-0.816,0.589
2.1,-0.159,-3.456,-1.0,-3.0,0.579,0.118,6.757,0.007,0.651,1836.136,14.813,0.663,16.896,0.114,0.405,0.033,0.722,-0.841,0.456
2.15,2.862,-3.523,2.0,-3.0,0.569,0.117,6.758,0.007,0.651,1777.198,14.923,0.663,16.947,0.121,0.41,0.032,0.72,-0.862,0.523
2.2,-5.072,-0.334,-6.0,0.0,0.533,0.124,6.753,0.008,0.656,1967.418,14.488,0.667,16.413,0.081,0.293,0.014,0.696,-0.928,0.334
2.25,7.802,-8.641,7.0,-8.0,0.548,0.123,6.755,0.008,0.654,2001.219,14.481,0.663,16.247,0.078,0.239,0.007,0.686,-0.802,0.641
2.3,-6.057,-2.318,-7.0,-2.0,0.509,0.121,6.753,0.008,0.646,1907.648,14.553,0.655,16.364,0.075,0.253,0.01,0.692,-0.943,0.318
2.35,5.882,-5.615,5.0,-5.0,0.528,0.122,6.761,0.008,0.637,1957.545,14.38,0.647,16.642,0.112,0.321,0.021,0.704,-0.882,0.615
2.4,8.332,-5.52,8.0,-5.0,0.516,0.125,6.762,0.008,0.646,2050.875,14.258,0.655,16.304,0.088,0.251,0.009,0.691,-0.332,0.52
2.45,-0.948,0.561,-2.0,1.0,0.488,0.119,6.761,0.007,0.667,1868.967,14.96,0.678,17.042,0.114,0.412,0.029,0.713,-1.052,0.439
2.5,4.893,-8.556,4.0,-8.0,0.491,0.119,6.755,0.007,0.641,1853.264,14.663,0.651,16.536,0.076,0.272,0.01,0.694,-0.893,0.556
2.55,6.353,-6.479,6.0,-6.0,0.474,0.122,6.758,0.008,0.652,1950.301,14.53,0.663,16.547,0.104,0.289,0.016,0.699,-0.353,0.479
2.6,0.999,-5.505,0.0,-5.0,0.462,0.124,6.756,0.008,0.656,2012.276,14.472,0.667,16.625,0.112,0.348,0.023,0.709,-0.999,0.505
2.65,-3.901,-0.362,-5.0,0.0,0.435,0.118,6.756,0.007,0.673,1813.448,15.103,0.682,16.645,0.102,0.337,0.021,0.701,-1.099,0.362
2.7,1.063,-2.495,0.0,-2.0,0.436,0.122,6.759,0.008,0.654,1961.017,14.565,0.663,16.766,0.106,0.372,0.026,0.715,-1.063,0.495
2.75,1.051,-4.505,0.0,-4.0,0.433,0.121,6.76,0.008,0.648,1937.927,14.567,0.659,16.646,0.091,0.344,0.023,0.71,-1.051,0.505
2.8,6.337,0.703,6.0,1.0,0.452,0.122,6.766,0.008,0.65,1949.964,14.525,0.659,16.577,0.097,0.311,0.019,0.703,-0.337,0.297
2.85,-1.976,-7.395,-3.0,-7.0,0.409,0.117,6.754,0.007,0.666,1825.708,15.077,0.675,16.513,0.089,0.284,0.013,0.697,-1.024,0.395
2.9,-0.857,8.16,1.0,8.0,0.28,0.122,6.766,0.008,0.655,1900.836,14.626,0.667,16.454,0.093,0.281,0.012,0.695,0.143,-0.16
2.95,0.151,-2.416,-1.0,-2.0,0.387,0.118,6.757,0.007,0.64,1812.172,14.697,0.651,16.865,0.101,0.36,0.023,0.711,-0.849,0.416
3.0,1.088,-6.446,0.0,-6.0,0.401,0.118,6.756,0.007,0.644,1813.939,14.773,0.655,16.807,0.11,0.329,0.019,0.704,-1.088,0.446
-3.0,-5.657,-6.46,-8.0,-4.0,0.215,0.087,6.278,0.004,0.584,797.575,16.495,0.596,18.368,0.124,0.296,0.018,0.675,-2.343,2.46
-2.95,3.668,3.928,6.0,3.0,0.227,0.089,6.247,0.004,0.643,861.128,17.216,0.655,18.851,0.136,0.339,0.024,0.696,2.332,-0.928
-2.9,7.19,-6.519,5.0,-5.0,0.248,0.084,6.273,0.004,0.598,737.252,17.027,0.608,18.792,0.14,0.325,0.027,0.688,-2.19,1.519
-2.85,-4.305,-2.103,-2.0,-3.0,0.243,0.085,6.268,0.004,0.591,772.124,16.838,0.604,18.751,0.144,0.363,0.032,0.693,2.305,-0.897
-2.8,7.154,-8.075,6.0,-8.0,0.329,0.087,6.29,0.004,0.591,778.345,16.63,0.604,18.41,0.109,0.243,0.011,0.678,-1.154,0.075
-2.75,-2.899,7.897,-3.0,8.0,0.345,0.094,6.251,0.005,0.598,981.329,16.113,0.612,18.164,0.097,0.222,0.01,0.684,-0.101,0.103
-2.7,8.007,3.736,7.0,4.0,0.347,0.092,6.246,0.004,0.645,927.639,16.959,0.659,18.544,0.123,0.301,0.019,0.689,-1.007,0.264
-2.65,6.121,6.916,6.0,7.0,0.378,0.093,6.248,0.005,0.613,973.57,16.329,0.624,18.326,0.113,0.24,0.011,0.676,-0.121,0.084
-2.6,7.999,3.703,7.0,4.0,0.36,0.095,6.244,0.005,0.636,978.677,16.536,0.647,18.481,0.117,0.292,0.018,0.688,-0.999,0.297
-2.55,-2.8,1.627,-5.0,4.0,0.214,0.092,6.249,0.004,0.635,927.251,16.827,0.647,18.823,0.13,0.346,0.026,0.695,-2.2,2.373
-2.5,6.992,-9.448,5.0,-8.0,0.266,0.085,6.287,0.004,0.6,739.138,16.957,0.612,18.604,0.101,0.235,0.009,0.677,-1.992,1.448
-2.45,3.492,1.308,5.0,2.0,0.319,0.091,6.247,0.004,0.651,907.692,17.079,0.663,18.718,0.139,0.374,0.029,0.7,1.508,0.692
-2.4,-0.302,2.646,0.0,2.0,0.427,0.089,6.251,0.004,0.62,874.534,16.871,0.631,19.213,0.153,0.422,0.036,0.711,0.302,-0.646
-2.35,-5.277,5.579,-5.0,5.0,0.423,0.095,6.251,0.005,0.609,1007.262,16.162,0.62,18.608,0.125,0.304,0.023,0.692,0.277,-0.579
-2.3,4.956,-6.235,4.0,-6.0,0.441,0.086,6.277,0.004,0.591,765.245,16.755,0.604,18.518,0.109,0.266,0.016,0.682,-0.956,0.235
-2.25,2.84,-1.292,2.0,-1.0,0.444,0.093,6.254,0.005,0.637,935.318,16.701,0.651,18.915,0.148,0.434,0.039,0.706,-0.84,0.292
-2.2,0.964,4.502,0.0,6.0,0.391,0.091,6.247,0.004,0.654,927.273,17.098,0.667,18.189,0.088,0.239,0.014,0.691,-0.964,1.498
-2.15,7.909,5.835,8.0,6.0,0.536,0.092,6.244,0.004,0.623,928.521,16.618,0.635,18.363,0.099,0.22,0.008,0.674,0.091,0.165
-2.1,2.747,0.673,2.0,1.0,0.473,0.092,6.25,0.004,0.635,921.974,16.792,0.647,19.1,0.157,0.458,0.043,0.716,-0.747,0.327
-2.05,7.894,2.872,8.0,3.0,0.579,0.09,6.244,0.004,0.599,896.423,16.451,0.612,18.658,0.116,0.289,0.015,0.685,0.106,0.128
-2.0,-8.171,2.801,-8.0,3.0,0.592,0.087,6.255,0.004,0.658,864.876,17.52,0.671,18.801,0.154,0.384,0.022,0.692,0.171,0.199
-1.95,-1.167,4.083,0.0,4.0,0.444,0.094,6.25,0.005,0.62,990.317,16.364,0.631,18.918,0.145,0.354,0.035,0.711,1.167,-0.083
-1.9,8.182,1.636,7.0,3.0,0.356,0.09,6.246,0.004,0.622,903.549,16.767,0.635,18.856,0.116,0.297,0.016,0.688,-1.182,1.364
-1.85,-3.375,-9.674,-3.0,-9.0,0.522,0.089,6.293,0.004,0.584,788.581,16.373,0.596,18.039,0.098,0.222,0.007,0.67,0.375,0.674
-1.8,-5.135,-0.173,-5.0,0.0,0.671,0.091,6.254,0.004,0.64,893.404,16.963,0.651,18.9,0.147,0.413,0.034,0.7,0.135,0.173
-1.75,-9.107,-3.193,-9.0,-3.0,0.69,0.087,6.268,0.004,0.59,812.718,16.673,0.604,18.464,0.097,0.252,0.012,0.676,0.107,0.193
-1.7,-9.065,-5.191,-9.0,-5.0,0.706,0.087,6.282,0.004,0.584,823.533,16.492,0.596,18.182,0.095,0.218,0.008,0.671,0.065,0.191
-1.65,3.97,-3.157,4.0,-3.0,0.751,0.087,6.26,0.004,0.62,824.481,17.086,0.631,19.245,0.16,0.4,0.037,0.702,0.03,0.157
-1.6,-0.198,7.805,0.0,8.0,0.778,0.096,6.252,0.005,0.641,1046.228,16.445,0.655,17.923,0.08,0.168,0.006,0.675,0.198,0.195
-1.55,-6.289,-8.108,-6.0,-8.0,0.655,0.087,6.295,0.004,0.592,785.334,16.686,0.604,18.282,0.1,0.223,0.008,0.669,0.289,0.108
-1.5,2.012,-3.162,2.0,-3.0,0.81,0.087,6.258,0.004,0.644,808.653,17.411,0.655,19.126,0.185,0.436,0.052,0.712,-0.012,0.162
-1.45,-3.271,-7.093,-3.0,-7.0,0.696,0.085,6.282,0.004,0.594,744.972,16.849,0.608,18.406,0.084,0.197,0.006,0.674,0.271,0.093
-1.4,-9.095,1.777,-9.0,2.0,0.836,0.091,6.251,0.004,0.634,892.104,16.878,0.647,19.284,0.189,0.432,0.027,0.696,0.095,0.223
-1.35,-4.284,-2.137,-4.0,-2.0,0.756,0.09,6.258,0.004,0.625,870.369,16.81,0.639,18.888,0.124,0.368,0.033,0.697,0.284,0.137
-1.3,6.779,-2.112,7.0,-2.0,0.77,0.091,6.253,0.004,0.638,904.141,16.892,0.651,19.138,0.182,0.431,0.028,0.702,0.221,0.112
-1.25,-4.173,-5.125,-4.0,-5.0,0.772,0.083,6.277,0.004,0.604,743.145,17.275,0.616,18.728,0.07,0.196,0.006,0.672,0.173,0.125
-1.2,3.757,2.879,4.0,3.0,0.816,0.096,6.25,0.005,0.613,1037.429,16.079,0.627,18.551,0.095,0.311,0.019,0.692,0.243,0.121
-1.15,-0.932,-7.179,-1.0,-7.0,0.912,0.085,6.283,0.004,0.597,756.533,16.972,0.608,18.463,0.079,0.181,0.005,0.675,-0.068,0.179
-1.1,-9.198,5.77,-9.0,6.0,0.828,0.093,6.253,0.005,0.616,968.318,16.433,0.627,18.465,0.079,0.229,0.008,0.681,0.198,0.23
-1.05,-3.999,-0.191,-4.0,0.0,0.932,0.09,6.254,0.004,0.63,887.661,16.911,0.643,19.609,0.225,0.531,0.05,0.719,-0.001,0.191
-1.0,-6.078,5.805,-6.0,6.0,0.932,0.094,6.252,0.005,0.612,977.104,16.306,0.624,18.256,0.05,0.167,0.005,0.681,0.078,0.195
-0.95,4.021,-4.104,4.0,-4.0,0.936,0.095,6.262,0.005,0.65,992.593,16.691,0.663,18.159,0.06,0.255,0.012,0.688,-0.021,0.104
-0.9,-4.995,-0.166,-5.0,0.0,0.944,0.094,6.258,0.005,0.658,985.381,16.931,0.671,18.919,0.219,0.501,0.042,0.71,-0.005,0.166
-0.85,2.988,-0.095,3.0,0.0,0.949,0.094,6.255,0.005,0.662,1004.04,16.943,0.675,19.243,0.259,0.607,0.063,0.743,0.012,0.095
-0.8,1.062,-9.093,1.0,-9.0,0.939,0.083,6.293,0.004,0.607,731.444,17.249,0.62,18.635,0.108,0.208,0.008,0.675,-0.062,0.093
-0.75,4.905,7.948,5.0,8.0,0.937,0.095,6.248,0.005,0.665,1007.705,16.914,0.678,17.631,0.115,0.211,0.007,0.669,0.095,0.052
-0.7,-8.067,6.831,-8.0,7.0,0.931,0.091,6.247,0.004,0.659,915.554,17.173,0.671,17.912,0.059,0.159,0.005,0.676,0.067,0.169
-0.65,-4.005,-1.098,-4.0,-1.0,0.949,0.094,6.252,0.005,0.656,932.703,16.922,0.671,18.768,0.172,0.469,0.037,0.71,0.005,0.098
-0.6,7.038,-8.026,7.0,-8.0,0.928,0.085,6.275,0.004,0.592,742.028,16.845,0.604,18.399,0.086,0.172,0.005,0.675,-0.038,0.026
-0.55,2.971,3.938,3.0,4.0,0.96,0.093,6.252,0.005,0.633,975.434,16.634,0.647,18.262,0.032,0.173,0.007,0.678,0.029,0.062
-0.5,-8.002,-0.106,-8.0,0.0,0.949,0.095,6.263,0.005,0.645,1019.215,16.66,0.659,18.808,0.163,0.418,0.026,0.693,0.002,0.106
-0.45,6.009,-4.035,6.0,-4.0,0.942,0.09,6.263,0.004,0.635,902.467,16.943,0.647,18.644,0.082,0.295,0.011,0.686,-0.009,0.035
-0.4,-7.976,-7.076,-8.0,-7.0,0.921,0.084,6.285,0.004,0.599,762.625,17.032,0.612,18.456,0.099,0.212,0.006,0.669,-0.024,0.076
-0.35,6.992,-0.017,7.0,0.0,0.936,0.088,6.237,0.004,0.654,815.251,17.389,0.667,19.186,0.2,0.465,0.033,0.704,0.008,0.017
-0.3,-3.018,7.959,-3.0,8.0,0.937,0.094,6.237,0.005,0.641,917.131,16.682,0.655,17.991,0.07,0.141,0.004,0.674,0.018,0.041
-0.25,-1.976,-1.042,-2.0,-1.0,0.94,0.088,6.244,0.004,0.634,799.495,17.15,0.647,20.257,0.291,0.658,0.07,0.753,-0.024,0.042
-0.2,7.979,4.988,8.0,5.0,0.914,0.093,6.247,0.005,0.619,950.36,16.466,0.631,18.087,0.049,0.132,0.004,0.662,0.021,0.012
-0.15,-8.003,-0.036,-8.0,0.0,0.924,0.092,6.276,0.005,0.63,998.177,16.698,0.643,19.152,0.169,0.428,0.029,0.697,0.003,0.036
-0.1,-8.988,-5.013,-9.0,-5.0,0.909,0.093,6.318,0.005,0.634,1109.128,16.657,0.647,18.066,0.054,0.149,0.005,0.662,-0.012,0.013
-0.05,5.02,-4.996,5.0,-5.0,0.927,0.091,6.344,0.005,0.628,1189.339,16.777,0.639,18.363,0.038,0.177,0.005,0.678,-0.02,-0.004
0.0,0.0,0.0,0.0,0.0,1.0,0.088,6.378,0.005,0.621,1288.804,16.994,0.631,100.0,1.0,1.0,1.0,1.0,0.0,0.0
0.0,7.011,0.01,7.0,0.0,0.928,0.089,6.371,0.005,0.628,1311.408,16.972,0.639,19.4,0.192,0.468,0.032,0.7,-0.011,-0.01
0.05,-8.997,-1.974,-9.0,-2.0,0.918,0.09,6.344,0.005,0.627,1187.247,16.859,0.639,18.562,0.067,0.252,0.009,0.674,-0.003,-0.026
0.1,0.021,-1.978,0.0,-2.0,0.944,0.092,6.306,0.005,0.64,1091.981,16.87,0.655,19.142,0.135,0.543,0.041,0.745,-0.021,-0.022
0.15,5.025,4.031,5.0,4.0,0.922,0.095,6.269,0.005,0.628,1064.472,16.448,0.639,18.096,0.028,0.132,0.005,0.665,-0.025,-0.031
0.2,-3.962,6.05,-4.0,6.0,0.919,0.097,6.254,0.005,0.615,1031.37,16.086,0.627,18.001,0.031,0.102,0.004,0.673,-0.038,-0.05
0.25,0.006,-0.951,0.0,-1.0,0.942,0.09,6.244,0.004,0.637,827.427,17.032,0.651,22.875,0.6,0.847,0.182,0.823,-0.006,-0.049
0.3,-4.966,7.077,-5.0,7.0,0.918,0.094,6.239,0.005,0.624,930.698,16.402,0.635,18.112,0.054,0.125,0.004,0.672,-0.034,-0.077
0.35,-0.986,-4.926,-1.0,-5.0,0.931,0.091,6.257,0.004,0.644,852.323,16.982,0.659,18.213,0.029,0.121,0.005,0.678,-0.014,-0.074
0.4,4.978,-7.951,5.0,-8.0,0.924,0.084,6.276,0.004,0.599,740.687,17.084,0.612,18.509,0.084,0.169,0.005,0.674,0.022,-0.049
0.45,-4.992,-5.895,-5.0,-6.0,0.92,0.091,6.279,0.004,0.646,918.004,17.026,0.659,18.029,0.045,0.126,0.004,0.667,-0.008,-0.105
0.5,-1.979,-2.924,-2.0,-3.0,0.948,0.093,6.267,0.005,0.642,971.324,16.751,0.655,18.413,0.043,0.294,0.015,0.701,-0.021,-0.076
0.55,-4.937,3.107,-5.0,3.0,0.938,0.1,6.259,0.005,0.634,1126.384,16.052,0.647,18.525,0.126,0.38,0.02,0.693,-0.063,-0.107
0.6,1.992,-5.926,2.0,-6.0,0.947,0.096,6.265,0.005,0.644,987.25,16.492,0.659,17.868,0.022,0.067,0.004,0.679,0.008,-0.074
0.65,-7.007,-4.86,-7.0,-5.0,0.92,0.096,6.264,0.005,0.646,965.746,16.571,0.659,17.825,0.04,0.133,0.004,0.666,0.007,-0.14
0.7,-2.928,5.112,-3.0,5.0,0.943,0.095,6.249,0.005,0.636,982.209,16.522,0.647,18.093,0.027,0.137,0.005,0.675,-0.072,-0.112
0.75,-6.896,7.151,-7.0,7.0,0.927,0.094,6.252,0.005,0.644,999.019,16.699,0.659,18.079,0.074,0.165,0.005,0.673,-0.104,-0.151
0.8,6.077,5.07,6.0,5.0,0.939,0.097,6.253,0.005,0.649,1076.888,16.487,0.663,17.797,0.052,0.141,0.005,0.664,-0.077,-0.07
0.85,0.048,1.115,0.0,1.0,0.96,0.093,6.259,0.005,0.65,986.373,16.875,0.663,20.236,0.414,0.726,0.142,0.782,-0.048,-0.115
0.9,-6.008,-2.819,-6.0,-3.0,0.934,0.093,6.266,0.005,0.645,947.597,16.86,0.659,18.335,0.064,0.234,0.01,0.68,0.008,-0.181
0.95,-7.956,2.197,-8.0,2.0,0.927,0.096,6.258,0.005,0.614,1038.008,16.104,0.627,19.103,0.198,0.448,0.03,0.701,-0.044,-0.197
1.0,4.964,-4.885,5.0,-5.0,0.93,0.094,6.259,0.005,0.631,940.9,16.58,0.643,18.361,0.052,0.207,0.007,0.686,0.036,-0.115
1.05,4.934,-6.883,5.0,-7.0,0.92,0.093,6.265,0.005,0.623,917.518,16.491,0.635,18.182,0.056,0.14,0.005,0.677,0.066,-0.117
1.1,-1.897,-7.844,-2.0,-8.0,0.829,0.09,6.277,0.004,0.606,848.86,16.605,0.62,18.368,0.103,0.197,0.007,0.675,-0.103,-0.156
1.15,-8.854,8.236,-9.0,8.0,0.91,0.094,6.256,0.005,0.657,1008.453,16.923,0.671,17.882,0.076,0.17,0.006,0.673,-0.146,-0.236
1.2,0.166,-6.856,0.0,-7.0,0.809,0.088,6.275,0.004,0.628,844.014,17.048,0.643,18.432,0.061,0.15,0.005,0.679,-0.166,-0.144
1.25,-7.741,4.215,-8.0,4.0,0.788,0.089,6.257,0.004,0.639,896.222,17.161,0.651,18.82,0.135,0.342,0.02,0.69,-0.259,-0.215
1.3,8.244,0.082,8.0,0.0,0.787,0.088,6.25,0.004,0.626,857.465,16.995,0.639,19.204,0.166,0.402,0.027,0.694,-0.244,-0.082
1.35,-3.856,5.186,-4.0,5.0,0.874,0.09,6.253,0.004,0.623,894.414,16.824,0.635,18.469,0.054,0.22,0.009,0.68,-0.144,-0.186
1.4,1.291,-3.884,1.0,-4.0,0.746,0.093,6.259,0.005,0.637,911.792,16.732,0.651,18.715,0.095,0.317,0.022,0.708,-0.291,-0.116
1.45,-8.832,5.231,-9.0,5.0,0.814,0.088,6.251,0.004,0.596,863.177,16.58,0.608,18.587,0.117,0.297,0.016,0.682,-0.168,-0.231
1.5,-1.893,1.176,-2.0,1.0,0.815,0.092,6.255,0.004,0.606,924.372,16.385,0.62,19.41,0.223,0.555,0.067,0.73,-0.107,-0.176
1.55,-8.77,8.232,-9.0,8.0,0.777,0.094,6.257,0.005,0.663,1023.253,16.929,0.675,17.743,0.079,0.183,0.007,0.672,-0.23,-0.232
1.6,-3.957,-3.796,-4.0,-4.0,0.764,0.084,6.27,0.004,0.627,787.95,17.445,0.639,19.09,0.116,0.304,0.02,0.692,-0.043,-0.204
1.65,-5.563,-7.895,-6.0,-8.0,0.632,0.088,6.28,0.004,0.621,851.702,16.953,0.635,18.542,0.123,0.234,0.009,0.671,-0.437,-0.105
1.7,-4.872,0.21,-5.0,0.0,0.727,0.091,6.259,0.004,0.627,913.305,16.808,0.639,19.13,0.144,0.423,0.031,0.703,-0.128,-0.21
1.75,2.036,-3.802,2.0,-4.0,0.71,0.092,6.26,0.004,0.636,916.027,16.774,0.651,18.912,0.132,0.353,0.033,0.709,-0.036,-0.198
1.8,5.444,-7.794,6.0,-8.0,0.614,0.091,6.267,0.004,0.645,885.509,16.973,0.659,18.161,0.083,0.182,0.007,0.677,0.556,-0.206
1.85,-2.881,0.187,-3.0,0.0,0.67,0.09,6.256,0.004,0.627,884.028,16.832,0.639,19.25,0.169,0.477,0.047,0.715,-0.119,-0.187
1.9,-5.926,-4.822,-6.0,-5.0,0.631,0.092,6.266,0.004,0.639,902.625,16.867,0.651,18.346,0.082,0.23,0.01,0.681,-0.074,-0.178
1.95,-6.491,-8.279,-7.0,-9.0,0.517,0.087,6.281,0.004,0.615,818.24,16.956,0.624,18.466,0.114,0.229,0.008,0.666,-0.509,-0.721
2.0,3.334,-5.755,4.0,-6.0,0.529,0.085,6.264,0.004,0.638,786.768,17.475,0.651,18.744,0.094,0.242,0.012,0.689,0.666,-0.245
2.05,5.748,1.448,7.0,0.0,0.371,0.087,6.252,0.004,0.626,840.943,17.103,0.639,19.015,0.132,0.364,0.024,0.69,1.252,-1.448
2.1,3.369,-2.077,2.0,-2.0,0.402,0.09,6.258,0.004,0.617,880.855,16.744,0.631,19.396,0.176,0.459,0.044,0.716,-1.369,0.077
2.15,-8.866,-4.028,-8.0,-5.0,0.483,0.094,6.267,0.005,0.649,952.701,16.809,0.659,18.134,0.093,0.232,0.01,0.679,0.866,-0.972
2.2,2.164,-8.775,3.0,-9.0,0.483,0.087,6.275,0.004,0.61,806.889,16.868,0.624,18.48,0.103,0.202,0.007,0.68,0.836,-0.225
2.25,-7.005,-1.017,-6.0,-2.0,0.441,0.094,6.261,0.005,0.656,970.402,16.859,0.671,18.456,0.125,0.345,0.022,0.695,1.005,-0.983
2.3,7.018,-3.778,8.0,-4.0,0.437,0.089,6.257,0.004,0.628,861.017,16.925,0.639,18.968,0.129,0.342,0.019,0.689,0.982,-0.222
2.35,-4.829,5.133,-5.0,5.0,0.466,0.098,6.258,0.005,0.644,1110.932,16.321,0.659,18.157,0.122,0.294,0.023,0.686,-0.171,-0.133
2.4,-8.059,0.058,-7.0,-1.0,0.404,0.092,6.263,0.004,0.656,940.177,17.097,0.671,18.465,0.115,0.333,0.019,0.691,1.059,-0.942
2.45,-7.879,8.16,-8.0,8.0,0.433,0.098,6.259,0.005,0.671,1097.83,16.725,0.686,17.486,0.091,0.207,0.008,0.675,-0.121,-0.16
2.5,2.936,-6.84,4.0,-7.0,0.4,0.089,6.266,0.004,0.624,847.088,16.918,0.635,18.648,0.105,0.242,0.012,0.686,1.064,-0.16
2.55,3.014,2.269,4.0,2.0,0.382,0.088,6.25,0.004,0.598,849.628,16.685,0.612,18.695,0.13,0.352,0.031,0.69,0.986,-0.269
2.6,4.124,7.27,4.0,8.0,0.361,0.091,6.25,0.004,0.628,935.712,16.767,0.639,18.406,0.09,0.216,0.008,0.673,-0.124,0.73
2.65,-8.067,3.891,-8.0,3.0,0.373,0.093,6.255,0.005,0.648,972.062,16.863,0.663,18.456,0.119,0.315,0.017,0.684,0.067,-0.891
2.7,6.886,0.22,8.0,0.0,0.357,0.086,6.252,0.004,0.62,812.345,17.173,0.631,18.953,0.121,0.33,0.02,0.683,1.114,-0.22
2.75,5.858,4.981,6.0,5.0,0.358,0.09,6.251,0.004,0.613,916.067,16.637,0.624,18.659,0.122,0.285,0.021,0.679,0.142,0.019
2.8,-1.182,-1.163,1.0,-3.0,0.272,0.091,6.263,0.004,0.644,910.873,16.963,0.659,18.799,0.14,0.382,0.029,0.703,-0.182,-1.837
2.85,-6.27,-5.986,-5.0,-7.0,0.332,0.09,6.272,0.004,0.657,863.996,17.31,0.671,18.269,0.127,0.268,0.016,0.685,1.27,-1.014
2.9,-6.325,-3.95,-5.0,-5.0,0.326,0.091,6.266,0.004,0.651,893.596,17.119,0.667,18.539,0.134,0.313,0.024,0.698,1.325,-1.05
2.95,6.754,-3.899,8.0,-4.0,0.319,0.093,6.257,0.005,0.623,921.235,16.556,0.635,18.691,0.117,0.316,0.019,0.686,1.246,-0.101
3.0,1.394,2.014,-1.0,3.0,0.219,0.093,6.256,0.005,0.653,975.469,16.916,0.667,18.378,0.139,0.369,0.03,0.696,0.394,0.986
-3.0,-3.439,-0.439,-2.0,0.0,0.241,0.182,7.232,0.006,0.426,819.762,7.403,0.451,14.753,0.147,0.438,0.039,0.684,1.439,0.439
-2.95,-1.431,-1.382,1.0,0.0,0.214,0.181,7.233,0.006,0.418,809.577,7.284,0.443,14.88,0.154,0.453,0.044,0.684,-0.431,1.382
-2.9,-7.199,-6.655,-5.0,-5.0,0.235,0.179,7.234,0.006,0.439,786.138,7.787,0.463,14.461,0.137,0.318,0.034,0.673,2.199,1.655
-2.85,-1.121,-10.391,1.0,-9.0,0.253,0.183,7.231,0.006,0.421,832.899,7.235,0.447,13.792,0.084,0.235,0.016,0.663,-0.121,1.391
-2.8,-1.039,-9.132,1.0,-8.0,0.271,0.182,7.232,0.006,0.423,825.024,7.326,0.451,14.059,0.102,0.278,0.02,0.669,-0.039,1.132
-2.75,-2.798,4.551,0.0,6.0,0.243,0.18,7.236,0.006,0.428,817.092,7.541,0.455,14.262,0.136,0.358,0.039,0.682,2.798,1.449
-2.7,5.982,-7.917,8.0,-7.0,0.285,0.184,7.232,0.006,0.421,838.771,7.182,0.447,13.778,0.103,0.247,0.018,0.662,2.018,0.917
-2.65,-9.187,-3.686,-7.0,-2.0,0.255,0.182,7.236,0.006,0.426,834.958,7.402,0.451,14.291,0.107,0.289,0.026,0.674,2.187,1.686
-2.6,1.169,3.257,-1.0,0.0,0.203,0.181,7.232,0.006,0.43,817.98,7.496,0.455,15.164,0.17,0.498,0.049,0.692,0.169,-3.257
-2.55,-9.931,-7.664,-8.0,-6.0,0.277,0.177,7.234,0.006,0.417,782.015,7.435,0.447,13.815,0.077,0.192,0.015,0.658,1.931,1.664
-2.5,-6.167,-3.802,-8.0,-4.0,0.256,0.18,7.235,0.006,0.423,810.116,7.417,0.451,14.01,0.092,0.229,0.018,0.663,-1.833,-0.198
-2.45,9.533,-7.385,8.0,-6.0,0.202,0.183,7.232,0.006,0.419,832.293,7.183,0.447,13.905,0.11,0.261,0.019,0.666,-1.533,1.385
-2.4,-5.246,-6.83,-7.0,-7.0,0.272,0.182,7.233,0.006,0.429,828.42,7.448,0.459,13.703,0.073,0.181,0.013,0.657,-1.754,-0.17
-2.35,-5.108,8.137,-6.0,8.0,0.33,0.182,7.24,0.006,0.429,853.227,7.442,0.455,13.574,0.1,0.234,0.019,0.666,-0.892,-0.137
-2.3,-7.12,5.113,-8.0,5.0,0.339,0.182,7.24,0.006,0.433,839.681,7.543,0.459,13.643,0.084,0.226,0.018,0.669,-0.88,-0.113
-2.25,-8.118,6.081,-9.0,7.0,0.322,0.185,7.241,0.006,0.417,863.681,7.049,0.443,13.198,0.073,0.179,0.015,0.661,-0.882,0.919
-2.2,-5.286,-6.861,-7.0,-7.0,0.302,0.181,7.233,0.006,0.427,812.94,7.462,0.451,13.692,0.067,0.173,0.012,0.655,-1.714,-0.139
-2.15,-2.008,-8.935,-2.0,-8.0,0.413,0.179,7.229,0.006,0.432,798.584,7.652,0.463,14.079,0.083,0.242,0.017,0.666,0.008,0.935
-2.1,0.894,5.129,0.0,5.0,0.382,0.184,7.234,0.006,0.434,846.444,7.472,0.459,14.72,0.164,0.427,0.048,0.692,-0.894,-0.129
-2.05,-0.906,-1.157,0.0,-1.0,0.412,0.183,7.232,0.006,0.425,844.368,7.303,0.451,15.85,0.215,0.577,0.067,0.707,0.906,0.157
-2.0,7.167,4.824,8.0,5.0,0.446,0.182,7.237,0.006,0.432,846.836,7.509,0.463,13.693,0.073,0.204,0.014,0.659,0.833,0.176
-1.95,-0.84,-3.179,0.0,-3.0,0.437,0.179,7.231,0.006,0.429,800.521,7.605,0.457,15.969,0.228,0.548,0.068,0.708,0.84,0.179
-1.9,-4.795,0.798,-4.0,1.0,0.454,0.179,7.232,0.006,0.429,802.224,7.603,0.459,15.34,0.192,0.489,0.057,0.701,0.795,0.202
-1.85,7.204,-3.163,8.0,-3.0,0.477,0.182,7.233,0.006,0.424,807.773,7.361,0.451,14.202,0.103,0.282,0.021,0.672,0.796,0.163
-1.8,2.784,7.083,2.0,7.0,0.465,0.179,7.236,0.006,0.433,799.912,7.644,0.459,14.186,0.098,0.295,0.023,0.671,-0.784,-0.083
-1.75,-0.675,-4.169,0.0,-4.0,0.503,0.182,7.229,0.006,0.428,819.27,7.442,0.455,15.763,0.217,0.513,0.06,0.703,0.675,0.169
-1.7,-6.638,-2.151,-6.0,-2.0,0.508,0.185,7.232,0.006,0.421,862.509,7.149,0.451,14.578,0.113,0.339,0.026,0.676,0.638,0.151
-1.65,4.668,7.045,4.0,7.0,0.519,0.184,7.238,0.006,0.424,852.82,7.253,0.451,13.854,0.081,0.247,0.017,0.662,-0.668,-0.045
-1.6,-3.346,8.023,-4.0,8.0,0.543,0.183,7.236,0.006,0.437,863.429,7.568,0.463,13.762,0.084,0.24,0.018,0.667,-0.654,-0.023
-1.55,1.656,4.645,1.0,4.0,0.559,0.182,7.236,0.006,0.435,837.497,7.574,0.463,15.446,0.21,0.505,0.062,0.705,-0.656,-0.645
-1.5,-5.417,8.007,-6.0,8.0,0.582,0.182,7.238,0.006,0.43,840.329,7.47,0.455,13.603,0.091,0.223,0.019,0.668,-0.583,-0.007
-1.45,-6.424,-4.007,-7.0,-4.0,0.625,0.178,7.231,0.006,0.433,782.498,7.734,0.463,14.208,0.077,0.238,0.016,0.661,-0.576,0.007
-1.4,-3.481,4.014,-4.0,4.0,0.634,0.178,7.234,0.006,0.428,792.203,7.599,0.451,14.858,0.142,0.396,0.038,0.695,-0.519,-0.014
-1.35,-1.514,-7.999,-2.0,-8.0,0.675,0.18,7.225,0.006,0.428,800.974,7.503,0.455,14.048,0.073,0.231,0.015,0.663,-0.486,-0.001
-1.3,-2.557,0.018,-3.0,0.0,0.681,0.181,7.231,0.006,0.426,828.728,7.429,0.455,16.449,0.269,0.611,0.084,0.727,-0.443,-0.018
-1.25,6.906,7.036,7.0,7.0,0.774,0.181,7.24,0.006,0.429,835.779,7.506,0.455,13.514,0.059,0.163,0.011,0.653,0.094,-0.036
-1.2,-2.625,4.026,-3.0,4.0,0.72,0.18,7.234,0.006,0.432,829.85,7.598,0.463,15.139,0.156,0.44,0.043,0.699,-0.375,-0.026
-1.15,7.927,-0.945,8.0,-1.0,0.82,0.182,7.237,0.006,0.428,822.986,7.429,0.455,14.263,0.102,0.288,0.02,0.668,0.073,-0.055
-1.1,-7.062,8.032,-7.0,8.0,0.834,0.181,7.237,0.006,0.433,818.886,7.571,0.459,13.512,0.085,0.2,0.017,0.667,0.062,-0.032
-1.05,-3.04,0.027,-3.0,0.0,0.855,0.18,7.231,0.006,0.434,800.315,7.624,0.459,16.783,0.285,0.634,0.083,0.732,0.04,-0.027
-1.0,1.926,6.05,2.0,6.0,0.861,0.179,7.237,0.006,0.431,797.574,7.663,0.459,14.625,0.103,0.338,0.024,0.674,0.074,-0.05
-0.95,-0.034,-3.96,0.0,-4.0,0.877,0.18,7.23,0.006,0.429,815.334,7.546,0.459,16.209,0.205,0.536,0.051,0.707,0.034,-0.04
-0.9,-7.05,7.01,-7.0,7.0,0.886,0.18,7.238,0.006,0.429,839.278,7.569,0.459,13.62,0.078,0.204,0.017,0.67,0.05,-0.01
-0.85,-9.048,2.006,-9.0,2.0,0.894,0.184,7.238,0.006,0.43,879.348,7.388,0.455,13.677,0.07,0.21,0.013,0.663,0.048,-0.006
-0.8,-5.042,0.02,-5.0,0.0,0.912,0.182,7.233,0.006,0.433,854.98,7.522,0.463,15.346,0.157,0.453,0.036,0.693,0.042,-0.02
-0.75,5.966,-4.938,6.0,-5.0,0.907,0.183,7.231,0.006,0.429,822.038,7.405,0.455,14.101,0.071,0.263,0.019,0.675,0.034,-0.062
-0.7,2.955,3.04,3.0,3.0,0.921,0.185,7.233,0.006,0.429,821.997,7.306,0.455,15.574,0.163,0.491,0.042,0.694,0.045,-0.04
-0.65,-0.031,0.023,0.0,0.0,0.936,0.182,7.23,0.006,0.423,796.73,7.344,0.451,20.887,0.656,0.903,0.252,0.834,0.031,-0.023
-0.6,-2.006,-8.979,-2.0,-9.0,0.928,0.181,7.221,0.006,0.43,805.991,7.54,0.459,13.817,0.071,0.197,0.013,0.659,0.006,-0.021
-0.55,-5.01,-6.991,-5.0,-7.0,0.939,0.181,7.225,0.006,0.421,842.726,7.318,0.451,13.726,0.053,0.178,0.011,0.654,0.01,-0.009
-0.5,0.964,7.005,1.0,7.0,0.948,0.182,7.237,0.006,0.421,887.174,7.288,0.447,14.337,0.096,0.305,0.02,0.669,0.036,-0.005
-0.45,-5.01,-2.005,-5.0,-2.0,0.96,0.178,7.23,0.006,0.428,845.83,7.628,0.459,15.196,0.121,0.399,0.028,0.685,0.01,0.005
-0.4,-5.019,-0.023,-5.0,0.0,0.969,0.182,7.231,0.006,0.424,859.055,7.34,0.455,15.396,0.162,0.459,0.036,0.694,0.019,0.023
-0.35,-3.998,-5.015,-4.0,-5.0,0.964,0.183,7.22,0.006,0.426,791.065,7.339,0.455,14.404,0.062,0.283,0.016,0.664,-0.002,0.015
-0.3,3.982,4.006,4.0,4.0,0.964,0.183,7.231,0.006,0.42,757.303,7.221,0.447,14.704,0.079,0.345,0.022,0.673,0.018,-0.006
-0.25,-6.022,1.985,-6.0,2.0,0.965,0.184,7.228,0.006,0.425,784.31,7.273,0.455,14.579,0.105,0.349,0.023,0.679,0.022,0.015
-0.2,5.986,1.008,6.0,1.0,0.966,0.184,7.235,0.006,0.426,822.418,7.271,0.455,14.788,0.117,0.369,0.025,0.68,0.014,-0.008
-0.15,5.995,-3.998,6.0,-4.0,0.965,0.184,7.237,0.006,0.427,909.427,7.28,0.455,14.147,0.07,0.279,0.02,0.677,0.005,-0.002
-0.1,-5.992,-0.026,-6.0,0.0,0.97,0.183,7.244,0.006,0.436,1055.604,7.548,0.467,14.908,0.133,0.384,0.027,0.683,-0.008,0.026
-0.05,4.992,5.987,5.0,6.0,0.967,0.184,7.261,0.007,0.43,1258.498,7.396,0.455,13.833,0.045,0.203,0.012,0.655,0.008,0.013
0.0,0.0,0.0,0.0,0.0,1.0,0.175,7.269,0.007,0.441,1368.538,8.013,0.471,100.0,1.0,1.0,1.0,1.0,0.0,0.0
0.0,-1.001,2.978,-1.0,3.0,0.976,0.177,7.271,0.007,0.437,1408.876,7.829,0.467,16.819,0.228,0.612,0.067,0.728,0.001,0.022
0.05,-3.995,-5.024,-4.0,-5.0,0.966,0.178,7.247,0.006,0.446,1172.148,7.989,0.475,14.487,0.061,0.283,0.016,0.664,-0.005,0.024
0.1,0.001,-0.013,0.0,0.0,0.985,0.178,7.242,0.006,0.43,997.924,7.646,0.455,33.263,0.979,0.996,0.699,0.983,-0.001,0.013
0.15,-0.006,3.981,0.0,4.0,0.969,0.182,7.236,0.006,0.436,899.016,7.595,0.463,16.128,0.177,0.529,0.048,0.711,0.006,0.019
0.2,1.992,-0.013,2.0,0.0,0.967,0.183,7.229,0.006,0.421,809.655,7.252,0.447,19.02,0.473,0.798,0.136,0.782,0.008,0.013
0.25,-0.016,-6.998,0.0,-7.0,0.951,0.179,7.217,0.005,0.428,730.822,7.56,0.455,14.557,0.106,0.317,0.021,0.674,0.016,-0.002
0.3,6.005,1.984,6.0,2.0,0.964,0.186,7.231,0.006,0.425,777.245,7.193,0.451,14.581,0.095,0.334,0.022,0.677,-0.005,0.016
0.35,-8.992,2.012,-9.0,2.0,0.947,0.183,7.23,0.006,0.431,799.719,7.446,0.459,13.893,0.088,0.227,0.015,0.663,-0.008,-0.012
0.4,1.012,-0.022,1.0,0.0,0.963,0.183,7.23,0.006,0.43,859.749,7.438,0.459,21.752,0.705,0.911,0.272,0.848,-0.012,0.022
0.45,0.02,2.993,0.0,3.0,0.951,0.179,7.234,0.006,0.439,858.958,7.782,0.467,17.335,0.278,0.648,0.077,0.735,-0.02,0.007
0.5,-3.982,-2.984,-4.0,-3.0,0.943,0.176,7.227,0.006,0.429,826.073,7.747,0.459,15.315,0.117,0.413,0.03,0.683,-0.018,-0.016
0.55,5.042,7.969,5.0,8.0,0.926,0.181,7.24,0.006,0.426,842.531,7.442,0.451,13.565,0.055,0.151,0.01,0.654,-0.042,0.031
0.6,7.012,-3.05,7.0,-3.0,0.927,0.181,7.234,0.006,0.423,804.921,7.376,0.451,14.081,0.075,0.266,0.018,0.673,-0.012,0.05
0.65,3.009,-5.036,3.0,-5.0,0.919,0.18,7.225,0.006,0.427,786.033,7.482,0.451,14.833,0.117,0.375,0.031,0.692,-0.009,0.036
0.7,1.072,7.958,1.0,8.0,0.902,0.181,7.233,0.006,0.431,798.657,7.528,0.455,14.169,0.086,0.259,0.016,0.666,-0.072,0.042
0.75,-6.933,5.989,-7.0,6.0,0.891,0.181,7.234,0.006,0.434,815.384,7.621,0.463,13.778,0.064,0.207,0.015,0.665,-0.067,0.011
0.8,0.018,-4.035,0.0,-4.0,0.891,0.182,7.225,0.006,0.431,852.572,7.495,0.459,15.784,0.183,0.519,0.05,0.705,-0.018,0.035
0.85,4.021,-0.07,4.0,0.0,0.882,0.185,7.235,0.006,0.424,883.838,7.203,0.451,15.872,0.203,0.538,0.051,0.708,-0.021,0.07
0.9,7.044,-1.079,7.0,-1.0,0.876,0.182,7.238,0.006,0.425,842.929,7.347,0.451,14.339,0.104,0.317,0.02,0.674,-0.044,0.079
0.95,-2.961,-1.038,-3.0,-1.0,0.873,0.179,7.228,0.006,0.433,815.06,7.664,0.463,16.741,0.272,0.611,0.083,0.732,-0.039,0.038
1.0,-1.999,-9.041,-2.0,-9.0,0.86,0.179,7.218,0.006,0.424,798.514,7.481,0.451,13.76,0.081,0.214,0.015,0.66,-0.001,0.041
1.05,1.021,-3.059,1.0,-3.0,0.857,0.18,7.226,0.006,0.425,790.668,7.484,0.451,16.294,0.259,0.607,0.079,0.724,-0.021,0.059
1.1,-3.316,-9.032,-3.0,-9.0,0.766,0.177,7.217,0.005,0.423,773.935,7.578,0.451,13.712,0.074,0.197,0.013,0.657,0.316,0.032
1.15,-2.959,5.948,-3.0,6.0,0.82,0.18,7.232,0.006,0.439,833.495,7.733,0.467,14.706,0.103,0.346,0.026,0.684,-0.041,0.052
1.2,-7.392,-4.999,-7.0,-5.0,0.723,0.179,7.225,0.006,0.433,817.914,7.688,0.463,13.934,0.07,0.209,0.014,0.657,0.392,-0.001
1.25,-4.452,-8.998,-4.0,-9.0,0.705,0.179,7.217,0.006,0.429,823.633,7.573,0.455,13.561,0.068,0.179,0.012,0.654,0.452,-0.002
1.3,3.537,-8.015,4.0,-8.0,0.685,0.178,7.224,0.006,0.439,794.574,7.858,0.463,13.943,0.085,0.238,0.017,0.67,0.463,0.015
1.35,3.507,-6.035,4.0,-6.0,0.665,0.184,7.225,0.006,0.43,835.466,7.381,0.455,14.195,0.101,0.302,0.025,0.681,0.493,0.035
1.4,6.465,3.954,7.0,4.0,0.614,0.183,7.238,0.006,0.426,824.237,7.341,0.455,14.04,0.072,0.232,0.015,0.662,0.535,0.046
1.45,3.441,-2.02,4.0,-2.0,0.615,0.184,7.229,0.006,0.427,820.435,7.337,0.455,15.305,0.187,0.487,0.052,0.704,0.559,0.02
1.5,-4.586,-5.99,-4.0,-6.0,0.598,0.183,7.221,0.006,0.422,840.618,7.26,0.451,14.166,0.094,0.285,0.02,0.666,0.586,-0.01
1.55,-6.466,-8.828,-7.0,-9.0,0.549,0.179,7.218,0.006,0.427,815.303,7.565,0.455,13.249,0.054,0.124,0.009,0.651,-0.534,-0.172
1.6,-7.679,2.989,-7.0,3.0,0.55,0.182,7.232,0.006,0.43,862.278,7.455,0.459,14.491,0.114,0.317,0.024,0.677,0.679,0.011
1.65,2.648,-5.808,2.0,-6.0,0.522,0.181,7.224,0.006,0.42,834.876,7.316,0.451,14.433,0.11,0.345,0.027,0.68,-0.648,-0.192
1.7,-4.325,-2.78,-5.0,-3.0,0.501,0.182,7.225,0.006,0.422,842.913,7.322,0.451,14.79,0.137,0.38,0.036,0.682,-0.675,-0.22
1.75,-3.286,-2.78,-4.0,-3.0,0.484,0.18,7.224,0.006,0.428,816.939,7.517,0.455,15.18,0.174,0.437,0.052,0.695,-0.714,-0.22
1.8,-2.774,4.946,-2.0,5.0,0.475,0.182,7.229,0.006,0.429,825.612,7.473,0.459,15.265,0.164,0.437,0.042,0.698,0.774,0.054
1.85,-1.188,-8.749,-2.0,-9.0,0.443,0.177,7.215,0.006,0.434,778.92,7.773,0.463,13.79,0.086,0.222,0.017,0.662,-0.812,-0.251
1.9,-5.173,-0.736,-6.0,-1.0,0.432,0.18,7.225,0.006,0.431,813.289,7.594,0.459,14.85,0.138,0.375,0.034,0.681,-0.827,-0.264
1.95,0.888,-3.723,0.0,-4.0,0.421,0.182,7.224,0.006,0.431,837.466,7.51,0.459,15.211,0.199,0.489,0.062,0.701,-0.888,-0.277
2.0,5.956,-7.692,5.0,-8.0,0.396,0.183,7.225,0.006,0.423,838.105,7.284,0.447,13.658,0.089,0.231,0.019,0.669,-0.956,-0.308
2.05,-4.088,0.274,-5.0,0.0,0.389,0.179,7.227,0.006,0.429,820.179,7.584,0.455,15.289,0.178,0.441,0.05,0.695,-0.912,-0.274
2.1,-5.877,-4.767,-4.0,-4.0,0.327,0.181,7.223,0.006,0.416,826.127,7.244,0.443,14.758,0.165,0.398,0.048,0.685,1.877,0.767
2.15,-1.957,-4.694,-3.0,-5.0,0.361,0.181,7.221,0.006,0.423,830.112,7.355,0.451,14.652,0.165,0.387,0.046,0.685,-1.043,-0.306
2.2,-1.133,5.515,-3.0,4.0,0.295,0.183,7.228,0.006,0.424,843.049,7.295,0.455,15.398,0.194,0.46,0.059,0.707,-1.867,-1.515
2.25,0.065,-1.691,-1.0,-2.0,0.337,0.181,7.225,0.006,0.429,818.194,7.508,0.459,15.439,0.199,0.523,0.064,0.706,-0.935,-0.309
2.3,-11.06,-0.867,-9.0,0.0,0.31,0.181,7.227,0.006,0.433,823.438,7.588,0.463,13.997,0.096,0.253,0.018,0.664,2.06,0.867
2.35,-1.852,-4.188,0.0,-4.0,0.27,0.183,7.223,0.006,0.424,849.968,7.32,0.455,14.863,0.173,0.456,0.054,0.694,1.852,0.188
2.4,-5.073,-4.441,-7.0,-6.0,0.28,0.181,7.221,0.006,0.432,842.793,7.548,0.459,13.728,0.083,0.214,0.017,0.662,-1.927,-1.559
2.45,-1.083,-6.916,-1.0,-8.0,0.34,0.179,7.217,0.006,0.433,813.471,7.664,0.463,13.95,0.1,0.268,0.021,0.668,0.083,-1.084
2.5,-3.85,-8.208,-2.0,-8.0,0.258,0.177,7.216,0.006,0.438,795.214,7.851,0.467,13.983,0.107,0.268,0.022,0.668,1.85,0.208
2.55,-2.887,1.516,-5.0,0.0,0.256,0.18,7.226,0.006,0.419,823.962,7.317,0.447,14.973,0.169,0.421,0.051,0.694,-2.113,-1.516
2.6,-6.233,8.483,-9.0,7.0,0.245,0.181,7.233,0.006,0.435,828.458,7.643,0.463,13.669,0.088,0.215,0.015,0.658,-2.767,-1.483
2.65,2.028,-3.521,0.0,-5.0,0.258,0.176,7.221,0.005,0.433,782.952,7.808,0.463,14.655,0.152,0.399,0.045,0.687,-2.028,-1.479
2.7,8.036,4.916,7.0,4.0,0.28,0.183,7.238,0.006,0.417,842.668,7.164,0.443,14.114,0.109,0.266,0.024,0.672,-1.036,-0.916
2.75,-1.945,5.083,-3.0,4.0,0.259,0.182,7.229,0.006,0.432,854.611,7.487,0.459,15.059,0.168,0.423,0.05,0.691,-1.055,-1.083
2.8,-6.979,-1.132,-5.0,-1.0,0.206,0.181,7.225,0.006,0.43,831.641,7.516,0.459,14.809,0.163,0.403,0.051,0.692,1.979,0.132
2.85,-3.157,8.536,-6.0,7.0,0.246,0.179,7.233,0.006,0.427,821.328,7.558,0.455,14.366,0.137,0.305,0.029,0.679,-2.843,-1.536
2.9,1.112,3.126,0.0,2.0,0.228,0.181,7.227,0.006,0.429,826.288,7.485,0.459,14.96,0.145,0.441,0.042,0.685,-1.112,-1.126
2.95,6.833,6.913,4.0,6.0,0.257,0.181,7.234,0.006,0.424,815.465,7.407,0.451,14.314,0.136,0.317,0.032,0.675,-2.833,-0.913
3.0,8.418,-3.135,7.0,-4.0,0.228,0.183,7.232,0.006,0.424,823.311,7.3,0.451,13.863,0.114,0.29,0.029,0.676,-1.418,-0.865
-3.0,-6.6,1.527,-6.0,2.0,0.394,0.15,7.011,0.004,0.658,625.975,12.871,0.678,17.034,0.341,0.495,0.06,0.66,0.6,0.473
-2.95,-8.326,-6.484,-8.0,-6.0,0.368,0.15,7.005,0.004,0.656,631.836,12.797,0.675,16.228,0.293,0.361,0.034,0.625,0.326,0.484
-2.9,-4.542,2.576,-4.0,3.0,0.406,0.15,7.01,0.004,0.657,633.932,12.819,0.675,17.166,0.356,0.531,0.066,0.668,0.542,0.424
-2.85,6.687,-2.503,7.0,-3.0,0.416,0.148,7.005,0.004,0.651,644.348,12.846,0.671,15.599,0.311,0.377,0.049,0.625,0.313,-0.497
-2.8,3.82,5.866,5.0,6.0,0.353,0.148,7.01,0.004,0.656,628.639,12.951,0.675,15.642,0.312,0.374,0.045,0.624,1.18,0.134
-2.75,-4.434,2.631,-4.0,3.0,0.429,0.152,7.01,0.004,0.652,659.815,12.669,0.671,17.16,0.363,0.539,0.069,0.67,0.434,0.369
-2.7,-9.258,-1.367,-9.0,-1.0,0.438,0.151,7.009,0.004,0.658,638.421,12.799,0.678,16.286,0.296,0.402,0.036,0.629,0.258,0.367
-2.65,4.778,6.722,6.0,7.0,0.376,0.149,7.01,0.004,0.653,634.076,12.849,0.671,15.31,0.289,0.311,0.033,0.611,1.222,0.278
-2.6,0.703,-4.354,1.0,-4.0,0.436,0.15,7.006,0.004,0.652,647.705,12.752,0.671,16.895,0.332,0.49,0.061,0.654,0.297,0.354
-2.55,-1.296,7.764,-1.0,8.0,0.497,0.15,7.012,0.004,0.653,633.338,12.745,0.671,15.899,0.277,0.368,0.029,0.627,0.296,0.236
-2.5,-7.026,-7.26,-7.0,-7.0,0.448,0.149,7.004,0.004,0.659,611.43,12.939,0.678,16.172,0.275,0.337,0.03,0.619,0.026,0.26
-2.45,5.015,3.713,5.0,3.0,0.53,0.149,7.008,0.004,0.652,650.876,12.812,0.671,16.233,0.347,0.47,0.064,0.652,-0.015,-0.713
-2.4,6.068,0.732,6.0,0.0,0.517,0.15,7.008,0.004,0.65,659.224,12.765,0.671,16.258,0.35,0.471,0.061,0.648,-0.068,-0.732
-2.35,7.248,-8.211,7.0,-9.0,0.453,0.148,7.005,0.004,0.653,642.175,12.899,0.671,14.891,0.245,0.211,0.018,0.586,-0.248,-0.789
-2.3,7.379,8.707,8.0,8.0,0.41,0.147,7.009,0.004,0.655,611.682,12.976,0.675,14.813,0.235,0.213,0.017,0.585,0.621,-0.707
-2.25,-0.002,-7.166,0.0,-7.0,0.502,0.149,7.004,0.004,0.655,639.294,12.864,0.671,16.614,0.294,0.399,0.04,0.633,0.002,0.166
-2.2,-4.864,0.919,-5.0,1.0,0.585,0.149,7.009,0.004,0.658,642.741,12.886,0.678,17.663,0.382,0.567,0.075,0.674,-0.136,0.081
-2.15,-7.799,4.934,-8.0,5.0,0.633,0.152,7.015,0.004,0.654,636.323,12.688,0.675,15.681,0.26,0.317,0.021,0.616,-0.201,0.066
-2.1,0.174,-8.072,0.0,-8.0,0.549,0.149,7.003,0.004,0.654,654.239,12.841,0.671,16.309,0.279,0.365,0.033,0.623,-0.174,0.072
-2.05,5.412,-5.161,6.0,-5.0,0.491,0.148,7.007,0.004,0.656,652.619,12.921,0.675,15.849,0.292,0.348,0.036,0.618,0.588,0.161
-2.0,4.32,2.881,5.0,3.0,0.493,0.148,7.01,0.004,0.656,638.291,12.951,0.675,16.413,0.345,0.476,0.056,0.652,0.68,0.119
-1.95,6.493,-6.113,7.0,-6.0,0.511,0.147,7.007,0.004,0.656,640.404,12.99,0.675,15.402,0.256,0.278,0.022,0.599,0.507,0.113
-1.9,7.311,5.961,8.0,6.0,0.521,0.149,7.012,0.004,0.652,642.494,12.854,0.671,15.121,0.248,0.272,0.018,0.595,0.689,0.039
-1.85,-0.568,-7.985,-1.0,-8.0,0.628,0.148,7.0,0.004,0.658,625.616,12.932,0.675,16.546,0.284,0.376,0.036,0.629,-0.432,-0.015
-1.8,3.481,8.006,4.0,8.0,0.557,0.149,7.013,0.004,0.653,628.078,12.82,0.671,15.564,0.268,0.309,0.026,0.611,0.519,-0.006
-1.75,7.555,-4.972,8.0,-5.0,0.549,0.148,7.005,0.004,0.653,615.395,12.896,0.667,15.337,0.25,0.279,0.022,0.599,0.445,-0.028
-1.7,-9.329,6.786,-9.0,7.0,0.559,0.152,7.019,0.004,0.655,657.134,12.692,0.675,15.148,0.235,0.221,0.014,0.596,0.329,0.214
-1.65,1.649,-0.07,2.0,0.0,0.567,0.149,7.01,0.004,0.656,658.802,12.883,0.675,17.991,0.429,0.66,0.112,0.717,0.351,0.07
-1.6,-2.397,-7.013,-3.0,-7.0,0.72,0.149,7.003,0.004,0.658,641.705,12.913,0.678,16.709,0.296,0.402,0.038,0.632,-0.603,0.013
-1.55,-1.23,3.91,-1.0,4.0,0.616,0.149,7.013,0.004,0.657,651.592,12.899,0.675,17.628,0.383,0.589,0.076,0.687,0.23,0.09
-1.5,0.548,-4.967,0.0,-5.0,0.775,0.148,7.005,0.004,0.658,631.967,12.975,0.675,17.517,0.338,0.514,0.059,0.667,-0.548,-0.033
-1.45,-6.495,-3.075,-7.0,-3.0,0.784,0.149,7.005,0.004,0.659,609.833,12.924,0.678,16.631,0.306,0.432,0.039,0.64,-0.505,0.075
-1.4,-0.644,3.022,-1.0,3.0,0.815,0.148,7.009,0.004,0.657,615.678,12.923,0.675,18.275,0.444,0.666,0.109,0.71,-0.356,-0.022
-1.35,7.889,0.038,8.0,0.0,0.704,0.148,7.007,0.004,0.651,648.855,12.84,0.671,16.042,0.324,0.428,0.048,0.638,0.111,-0.038
-1.3,0.427,-2.996,0.0,-3.0,0.838,0.149,7.004,0.004,0.655,614.434,12.858,0.671,18.529,0.416,0.642,0.113,0.72,-0.427,-0.004
-1.25,-3.575,-4.042,-4.0,-4.0,0.848,0.148,7.002,0.004,0.659,601.63,12.956,0.678,17.317,0.328,0.498,0.05,0.659,-0.425,0.042
-1.2,-6.788,3.883,-7.0,4.0,0.868,0.15,7.014,0.004,0.658,622.665,12.86,0.678,16.025,0.264,0.353,0.022,0.618,-0.212,0.117
-1.15,-7.822,3.873,-8.0,4.0,0.876,0.151,7.013,0.004,0.656,636.161,12.741,0.675,15.765,0.258,0.324,0.019,0.61,-0.178,0.127
-1.1,6.208,-0.999,6.0,-1.0,0.892,0.149,7.006,0.004,0.651,618.941,12.785,0.671,16.544,0.329,0.476,0.053,0.658,-0.208,-0.001
-1.05,-8.723,-5.176,-9.0,-5.0,0.888,0.149,7.001,0.004,0.66,610.134,12.945,0.678,15.675,0.254,0.309,0.021,0.601,-0.277,0.176
-1.0,-7.784,-4.165,-8.0,-4.0,0.895,0.151,7.004,0.004,0.654,636.569,12.73,0.675,15.971,0.269,0.359,0.026,0.615,-0.216,0.165
-0.95,-0.767,-8.116,-1.0,-8.0,0.911,0.149,7.002,0.004,0.656,620.699,12.884,0.671,16.607,0.295,0.394,0.041,0.638,-0.233,0.116
-0.9,5.199,-8.061,5.0,-8.0,0.92,0.147,7.006,0.004,0.657,615.556,13.009,0.675,15.5,0.236,0.26,0.018,0.597,-0.199,0.061
-0.85,-3.991,4.839,-4.0,5.0,0.914,0.151,7.015,0.004,0.654,666.995,12.725,0.675,16.479,0.262,0.402,0.027,0.633,-0.009,0.161
-0.8,-1.997,2.842,-2.0,3.0,0.927,0.15,7.009,0.004,0.657,655.576,12.842,0.675,17.913,0.395,0.63,0.082,0.698,-0.003,0.158
-0.75,3.084,-7.127,3.0,-7.0,0.936,0.148,7.002,0.004,0.655,638.71,12.898,0.671,16.187,0.273,0.36,0.029,0.623,-0.084,0.127
-0.7,-5.915,-7.183,-6.0,-7.0,0.934,0.151,6.999,0.004,0.653,643.014,12.713,0.671,15.744,0.253,0.31,0.021,0.602,-0.085,0.183
-0.65,1.99,1.877,2.0,2.0,0.941,0.149,7.003,0.004,0.654,624.661,12.849,0.671,18.349,0.453,0.694,0.111,0.727,0.01,0.123
-0.6,-1.012,-0.146,-1.0,0.0,0.952,0.151,7.002,0.004,0.651,647.342,12.679,0.667,22.609,0.735,0.902,0.318,0.849,0.012,0.146
-0.55,4.02,-5.101,4.0,-5.0,0.956,0.148,7.005,0.004,0.654,663.607,12.885,0.671,16.264,0.248,0.375,0.025,0.627,-0.02,0.101
-0.5,-2.003,-0.144,-2.0,0.0,0.967,0.149,7.009,0.004,0.658,648.364,12.924,0.675,20.513,0.595,0.821,0.191,0.794,0.003,0.144
-0.45,8.023,-4.076,8.0,-4.0,0.961,0.149,7.012,0.004,0.651,687.422,12.777,0.671,15.54,0.249,0.312,0.018,0.599,-0.023,0.076
-0.4,1.04,-9.097,1.0,-9.0,0.976,0.149,7.003,0.004,0.655,635.347,12.871,0.671,16.454,0.327,0.379,0.043,0.64,-0.04,0.097
-0.35,-2.999,0.901,-3.0,1.0,0.98,0.149,7.004,0.004,0.658,612.952,12.929,0.675,18.492,0.424,0.684,0.092,0.723,-0.001,0.099
-0.3,1.986,2.939,2.0,3.0,0.986,0.149,7.005,0.004,0.654,623.968,12.842,0.671,17.632,0.345,0.603,0.066,0.695,0.014,0.061
-0.25,-1.968,-3.06,-2.0,-3.0,0.988,0.149,7.0,0.004,0.656,640.243,12.858,0.675,17.786,0.343,0.612,0.068,0.699,-0.032,0.06
-0.2,-1.004,7.947,-1.0,8.0,0.984,0.151,7.015,0.004,0.654,697.809,12.749,0.671,16.65,0.337,0.411,0.047,0.649,0.004,0.053
-0.15,-2.978,-3.019,-3.0,-3.0,0.985,0.15,7.01,0.004,0.658,767.353,12.839,0.678,17.192,0.296,0.542,0.051,0.677,-0.022,0.019
-0.1,-2.987,-0.008,-3.0,0.0,0.987,0.151,7.022,0.004,0.658,853.494,12.819,0.678,19.261,0.495,0.726,0.137,0.763,-0.013,0.008
-0.05,5.018,-6.996,5.0,-7.0,0.978,0.15,7.031,0.005,0.657,982.89,12.813,0.675,15.598,0.228,0.286,0.016,0.599,-0.018,-0.004
0.0,0.0,0.0,0.0,0.0,1.0,0.153,7.039,0.005,0.658,1136.201,12.695,0.678,100.0,1.0,1.0,1.0,1.0,0.0,0.0
0.0,7.994,-0.003,8.0,0.0,0.987,0.152,7.044,0.005,0.656,1144.32,12.718,0.675,16.607,0.378,0.472,0.059,0.656,0.006,0.003
0.05,-7.997,3.024,-8.0,3.0,0.978,0.153,7.032,0.005,0.659,982.472,12.694,0.678,15.655,0.265,0.338,0.021,0.607,-0.003,-0.024
0.1,-2.003,3.031,-2.0,3.0,0.989,0.152,7.024,0.004,0.657,869.936,12.741,0.678,17.425,0.323,0.589,0.059,0.683,0.003,-0.031
0.15,-2.998,7.047,-3.0,7.0,0.981,0.152,7.02,0.004,0.654,776.553,12.669,0.675,16.069,0.251,0.349,0.024,0.62,-0.002,-0.047
0.2,2.024,6.046,2.0,6.0,0.981,0.15,7.014,0.004,0.654,694.98,12.789,0.671,16.773,0.277,0.428,0.032,0.637,-0.024,-0.046
0.25,-3.002,1.07,-3.0,1.0,0.985,0.15,7.004,0.004,0.655,644.507,12.819,0.675,18.314,0.408,0.666,0.09,0.726,0.002,-0.07
0.3,-9.029,-5.887,-9.0,-6.0,0.975,0.151,6.996,0.004,0.655,620.222,12.766,0.675,15.24,0.258,0.275,0.018,0.586,0.029,-0.113
0.35,-8.998,2.119,-9.0,2.0,0.971,0.153,7.007,0.004,0.651,639.481,12.572,0.671,15.687,0.287,0.357,0.029,0.619,-0.002,-0.119
0.4,4.039,8.08,4.0,8.0,0.96,0.149,7.018,0.004,0.656,653.371,12.849,0.675,15.875,0.243,0.303,0.019,0.605,-0.039,-0.08
0.45,8.024,1.089,8.0,1.0,0.957,0.147,7.014,0.004,0.656,654.388,12.966,0.675,16.774,0.371,0.47,0.056,0.657,-0.024,-0.089
0.5,-5.027,-5.847,-5.0,-6.0,0.966,0.152,7.001,0.004,0.651,672.582,12.643,0.671,15.844,0.25,0.344,0.023,0.611,0.027,-0.153
0.55,1.997,-2.879,2.0,-3.0,0.96,0.149,7.002,0.004,0.654,661.345,12.857,0.671,17.74,0.361,0.612,0.071,0.695,0.003,-0.121
0.6,0.04,5.133,0.0,5.0,0.95,0.151,7.008,0.004,0.651,640.853,12.669,0.671,17.878,0.389,0.552,0.068,0.683,-0.04,-0.133
0.65,-4.032,-0.839,-4.0,-1.0,0.951,0.151,6.999,0.004,0.652,638.866,12.705,0.671,17.703,0.4,0.613,0.079,0.707,0.032,-0.161
0.7,-3.087,-5.845,-3.0,-6.0,0.946,0.151,6.998,0.004,0.652,642.82,12.724,0.671,16.35,0.271,0.412,0.028,0.63,0.087,-0.155
0.75,6.93,-5.912,7.0,-6.0,0.925,0.148,7.006,0.004,0.656,649.358,12.939,0.675,15.67,0.24,0.286,0.015,0.598,0.07,-0.088
0.8,-8.055,-0.804,-8.0,-1.0,0.926,0.152,7.003,0.004,0.653,667.993,12.673,0.671,16.289,0.351,0.445,0.054,0.648,0.055,-0.196
0.85,-4.057,0.174,-4.0,0.0,0.92,0.152,7.005,0.004,0.652,671.546,12.679,0.671,17.744,0.406,0.613,0.087,0.71,0.057,-0.174
0.9,-6.978,8.193,-7.0,8.0,0.905,0.153,7.016,0.004,0.653,671.888,12.633,0.675,15.04,0.233,0.209,0.015,0.583,-0.022,-0.193
0.95,3.011,7.062,3.0,7.0,0.909,0.15,7.013,0.004,0.653,657.008,12.79,0.671,16.482,0.268,0.373,0.028,0.62,-0.011,-0.062
1.0,-5.087,3.154,-5.0,3.0,0.9,0.153,7.009,0.004,0.651,658.388,12.601,0.671,16.392,0.284,0.428,0.037,0.643,0.087,-0.154
1.05,-6.048,5.146,-6.0,5.0,0.888,0.149,7.01,0.004,0.659,627.306,12.894,0.678,15.792,0.252,0.315,0.021,0.608,0.048,-0.146
1.1,-5.183,0.103,-5.0,0.0,0.888,0.148,7.002,0.004,0.659,613.545,12.967,0.678,17.166,0.37,0.547,0.07,0.685,0.183,-0.103
1.15,-0.225,0.044,0.0,0.0,0.883,0.152,7.004,0.004,0.649,641.595,12.624,0.667,20.203,0.568,0.807,0.189,0.788,0.225,-0.044
1.2,-0.234,1.019,0.0,1.0,0.87,0.149,7.006,0.004,0.655,613.279,12.867,0.671,19.828,0.531,0.774,0.168,0.77,0.234,-0.019
1.25,-5.294,0.07,-5.0,0.0,0.854,0.15,7.001,0.004,0.655,621.261,12.823,0.675,17.013,0.363,0.539,0.067,0.68,0.294,-0.07
1.3,0.612,-2.001,1.0,-2.0,0.844,0.149,7.002,0.004,0.654,613.245,12.87,0.671,18.979,0.499,0.735,0.14,0.738,0.388,0.001
1.35,0.521,-5.009,1.0,-5.0,0.83,0.147,7.002,0.004,0.658,605.673,13.004,0.675,17.325,0.336,0.529,0.055,0.674,0.479,0.009
1.4,-0.523,-6.008,0.0,-6.0,0.814,0.148,7.001,0.004,0.658,621.855,12.932,0.675,16.841,0.314,0.477,0.042,0.655,0.523,0.008
1.45,-0.576,-8.994,0.0,-9.0,0.787,0.149,7.0,0.004,0.655,627.485,12.87,0.671,15.925,0.274,0.357,0.028,0.626,0.576,-0.006
1.5,5.289,-3.98,5.0,-4.0,0.614,0.147,7.005,0.004,0.657,642.162,12.999,0.675,16.702,0.301,0.441,0.035,0.641,-0.289,-0.02
1.55,-8.757,8.22,-9.0,8.0,0.638,0.152,7.014,0.004,0.654,633.485,12.697,0.675,14.718,0.233,0.17,0.014,0.578,-0.243,-0.22
1.6,7.372,4.959,7.0,5.0,0.615,0.148,7.017,0.004,0.656,651.254,12.956,0.675,16.245,0.266,0.353,0.025,0.617,-0.372,0.041
1.65,6.437,-0.009,6.0,0.0,0.582,0.148,7.009,0.004,0.654,651.679,12.898,0.671,17.206,0.336,0.515,0.054,0.665,-0.437,0.009
1.7,8.48,5.986,8.0,6.0,0.579,0.149,7.013,0.004,0.653,630.29,12.855,0.671,15.819,0.244,0.303,0.02,0.604,-0.48,0.014
1.75,-7.495,-8.833,-7.0,-9.0,0.674,0.151,6.999,0.004,0.654,638.981,12.744,0.675,14.779,0.233,0.223,0.017,0.582,0.495,-0.167
1.8,3.528,-1.95,3.0,-2.0,0.548,0.147,7.001,0.004,0.658,603.225,13.017,0.675,18.224,0.436,0.643,0.106,0.703,-0.528,-0.05
1.85,-7.512,5.222,-8.0,5.0,0.538,0.151,7.007,0.004,0.655,636.326,12.749,0.675,15.353,0.265,0.271,0.025,0.601,-0.488,-0.222
1.9,-1.452,3.152,-2.0,3.0,0.528,0.15,7.008,0.004,0.653,636.687,12.753,0.675,17.205,0.356,0.54,0.076,0.677,-0.548,-0.152
1.95,-9.323,-5.842,-9.0,-6.0,0.633,0.153,7.0,0.004,0.649,652.619,12.534,0.667,14.844,0.251,0.26,0.019,0.59,0.323,-0.158
2.0,-2.271,0.075,-2.0,0.0,0.65,0.148,7.001,0.004,0.659,625.875,12.942,0.678,17.624,0.395,0.611,0.093,0.701,0.271,-0.075
2.05,3.851,8.051,4.0,8.0,0.659,0.148,7.013,0.004,0.657,626.986,12.94,0.675,16.405,0.285,0.352,0.03,0.619,0.149,-0.051
2.1,-8.186,1.138,-8.0,1.0,0.643,0.149,6.999,0.004,0.66,643.715,12.905,0.678,15.659,0.3,0.385,0.041,0.628,0.186,-0.138
2.15,-1.095,-3.797,-1.0,-4.0,0.574,0.151,7.002,0.004,0.652,652.065,12.724,0.671,16.878,0.357,0.542,0.07,0.673,0.095,-0.203
2.2,-7.104,1.177,-7.0,1.0,0.612,0.149,7.0,0.004,0.657,655.223,12.864,0.675,15.87,0.312,0.419,0.045,0.635,0.104,-0.177
2.25,-3.984,4.196,-4.0,4.0,0.605,0.148,7.006,0.004,0.659,629.437,12.945,0.678,16.479,0.332,0.439,0.055,0.643,-0.016,-0.196
2.3,-1.931,8.187,-2.0,8.0,0.602,0.15,7.01,0.004,0.654,631.31,12.773,0.675,15.899,0.275,0.337,0.028,0.613,-0.069,-0.187
2.35,-6.976,-2.706,-7.0,-3.0,0.527,0.149,6.999,0.004,0.659,641.074,12.905,0.678,15.711,0.303,0.402,0.038,0.63,-0.024,-0.294
2.4,0.131,-4.686,0.0,-5.0,0.491,0.15,7.002,0.004,0.653,647.758,12.78,0.675,16.722,0.34,0.504,0.059,0.657,-0.131,-0.314
2.45,-1.784,7.238,-2.0,7.0,0.542,0.15,7.007,0.004,0.658,630.308,12.867,0.678,16.179,0.293,0.37,0.035,0.623,-0.216,-0.238
2.5,0.267,8.22,0.0,8.0,0.51,0.148,7.009,0.004,0.658,621.143,12.936,0.678,16.388,0.283,0.37,0.034,0.624,-0.267,-0.22
2.55,-2.749,6.313,-3.0,6.0,0.509,0.149,7.005,0.004,0.658,623.975,12.877,0.678,16.209,0.303,0.38,0.045,0.63,-0.251,-0.313
2.6,-6.818,-3.592,-7.0,-4.0,0.458,0.148,6.998,0.004,0.66,603.417,12.972,0.678,15.521,0.295,0.375,0.034,0.624,-0.182,-0.408
2.65,-4.755,-5.54,-5.0,-6.0,0.452,0.149,7.0,0.004,0.656,623.421,12.859,0.675,15.676,0.321,0.38,0.048,0.628,-0.245,-0.46
2.7,3.482,1.163,3.0,1.0,0.452,0.149,7.006,0.004,0.655,633.143,12.892,0.671,17.959,0.374,0.577,0.077,0.686,-0.482,-0.163
2.75,-8.705,-1.528,-9.0,-2.0,0.443,0.148,7.0,0.004,0.66,611.247,12.97,0.678,15.428,0.298,0.353,0.04,0.623,-0.295,-0.472
2.8,1.518,5.158,1.0,5.0,0.434,0.149,7.006,0.004,0.655,637.943,12.858,0.675,17.271,0.329,0.479,0.058,0.657,-0.518,-0.158
2.85,-6.581,-1.492,-7.0,-2.0,0.43,0.148,6.999,0.004,0.66,614.034,12.977,0.678,15.904,0.339,0.421,0.055,0.638,-0.419,-0.508
2.9,-3.521,-1.613,-4.0,-2.0,0.423,0.148,6.998,0.004,0.659,607.906,12.994,0.678,16.5,0.345,0.485,0.063,0.655,-0.479,-0.387
2.95,7.433,4.052,6.0,4.0,0.355,0.148,7.012,0.004,0.654,649.139,12.891,0.671,16.911,0.317,0.448,0.052,0.646,-1.433,-0.052
3.0,-0.467,-1.804,-1.0,-2.0,0.418,0.148,6.999,0.004,0.658,613.26,12.939,0.678,17.104,0.35,0.538,0.064,0.671,-0.533,-0.196
-3.0,-6.206,-5.828,-7.0,-6.0,0.469,0.122,6.817,0.005,0.45,1367.198,11.326,0.447,16.319,0.155,0.319,0.024,0.66,-0.794,-0.172
-2.95,-0.313,1.324,0.0,0.0,0.319,0.125,6.834,0.005,0.446,1431.386,11.078,0.443,17.303,0.198,0.513,0.044,0.689,0.313,-1.324
-2.9,-8.365,1.795,-8.0,1.0,0.345,0.125,6.81,0.005,0.437,1406.483,10.885,0.435,16.529,0.145,0.336,0.018,0.66,0.365,-0.795
-2.85,-1.333,2.211,-1.0,1.0,0.32,0.126,6.831,0.005,0.439,1470.473,10.835,0.435,17.26,0.202,0.519,0.043,0.688,0.333,-1.211
-2.8,-2.381,2.139,-2.0,1.0,0.325,0.124,6.828,0.005,0.449,1427.369,11.188,0.447,17.479,0.205,0.515,0.045,0.69,0.381,-1.139
-2.75,7.453,9.502,8.0,8.0,0.348,0.126,6.851,0.005,0.45,1493.906,11.056,0.447,16.269,0.145,0.274,0.016,0.661,0.547,-1.502
-2.7,7.478,7.488,8.0,6.0,0.345,0.128,6.851,0.006,0.44,1544.723,10.716,0.435,16.308,0.146,0.297,0.017,0.663,0.522,-1.488
-2.65,-2.36,1.081,-2.0,0.0,0.332,0.124,6.827,0.005,0.449,1417.061,11.19,0.447,17.558,0.214,0.529,0.05,0.695,0.36,-1.081
-2.6,-8.744,-5.327,-9.0,-6.0,0.431,0.124,6.813,0.005,0.438,1391.723,10.932,0.435,16.093,0.141,0.276,0.017,0.655,-0.256,-0.673
-2.55,1.655,0.186,2.0,-1.0,0.344,0.126,6.836,0.005,0.444,1451.387,10.963,0.443,17.321,0.217,0.535,0.051,0.692,0.345,-0.814
-2.5,7.261,-4.659,7.0,-6.0,0.408,0.123,6.849,0.005,0.457,1448.334,11.373,0.451,16.543,0.157,0.32,0.018,0.668,-0.261,-1.341
-2.45,-0.712,-7.231,-1.0,-8.0,0.484,0.125,6.836,0.005,0.445,1450.142,11.031,0.443,16.267,0.148,0.319,0.019,0.662,-0.288,-0.769
-2.4,5.284,-6.803,5.0,-8.0,0.41,0.128,6.847,0.006,0.435,1590.912,10.618,0.431,16.071,0.133,0.277,0.013,0.658,-0.284,-1.197
-2.35,4.232,-1.241,4.0,-2.0,0.526,0.126,6.844,0.005,0.444,1508.067,10.931,0.443,17.077,0.207,0.488,0.047,0.685,-0.232,-0.759
-2.3,6.567,6.173,7.0,5.0,0.387,0.128,6.849,0.006,0.44,1530.38,10.739,0.435,16.513,0.157,0.336,0.019,0.669,0.433,-1.173
-2.25,-0.835,1.564,-1.0,1.0,0.549,0.125,6.831,0.005,0.444,1397.944,11.014,0.443,17.773,0.233,0.581,0.058,0.702,-0.165,-0.564
-2.2,8.155,3.693,8.0,3.0,0.567,0.124,6.849,0.005,0.454,1434.516,11.237,0.451,16.625,0.141,0.329,0.017,0.667,-0.155,-0.693
-2.15,-7.433,7.446,-7.0,7.0,0.479,0.125,6.811,0.005,0.441,1375.79,10.973,0.439,16.31,0.139,0.272,0.011,0.656,0.433,-0.446
-2.1,0.298,-5.449,0.0,-6.0,0.566,0.125,6.837,0.005,0.448,1451.921,11.116,0.447,16.597,0.164,0.392,0.028,0.667,-0.298,-0.551
-2.05,-1.809,1.442,-2.0,1.0,0.585,0.121,6.83,0.005,0.461,1376.318,11.578,0.459,18.123,0.237,0.582,0.064,0.707,-0.191,-0.442
-2.0,0.571,5.539,1.0,5.0,0.531,0.123,6.838,0.005,0.459,1416.874,11.461,0.455,17.47,0.194,0.475,0.037,0.691,0.429,-0.539
-1.95,0.243,-2.556,0.0,-3.0,0.605,0.126,6.838,0.005,0.444,1488.727,10.952,0.443,17.233,0.221,0.538,0.057,0.689,-0.243,-0.444
-1.9,5.134,5.499,5.0,5.0,0.638,0.126,6.846,0.005,0.445,1488.256,10.934,0.443,16.814,0.168,0.391,0.027,0.679,-0.134,-0.499
-1.85,2.137,4.408,2.0,4.0,0.644,0.127,6.838,0.005,0.44,1471.179,10.804,0.435,17.476,0.215,0.517,0.049,0.7,-0.137,-0.408
-1.8,2.248,-3.604,2.0,-4.0,0.649,0.127,6.839,0.005,0.436,1484.562,10.695,0.435,16.944,0.198,0.479,0.046,0.68,-0.248,-0.396
-1.75,8.124,4.46,8.0,4.0,0.676,0.127,6.852,0.005,0.445,1496.322,10.893,0.443,16.438,0.14,0.311,0.015,0.663,-0.124,-0.46
-1.7,4.164,2.39,4.0,2.0,0.695,0.126,6.845,0.005,0.447,1479.868,11.024,0.443,17.657,0.223,0.526,0.052,0.704,-0.164,-0.39
-1.65,2.21,-2.66,2.0,-3.0,0.702,0.122,6.841,0.005,0.46,1426.233,11.504,0.459,17.638,0.245,0.549,0.064,0.695,-0.21,-0.34
-1.6,-6.916,1.922,-7.0,2.0,0.798,0.124,6.82,0.005,0.447,1408.615,11.168,0.443,16.793,0.136,0.349,0.017,0.665,-0.084,0.078
-1.55,-5.942,1.925,-6.0,2.0,0.815,0.123,6.822,0.005,0.45,1393.549,11.234,0.447,17.102,0.153,0.394,0.023,0.672,-0.058,0.075
-1.5,7.133,0.326,7.0,0.0,0.758,0.128,6.85,0.006,0.439,1527.616,10.726,0.435,16.687,0.151,0.377,0.021,0.673,-0.133,-0.326
-1.45,-8.991,4.855,-9.0,5.0,0.836,0.123,6.811,0.005,0.448,1317.288,11.243,0.447,16.48,0.146,0.276,0.013,0.659,-0.009,0.145
-1.4,-8.026,3.868,-8.0,4.0,0.855,0.124,6.816,0.005,0.445,1360.9,11.123,0.447,16.614,0.144,0.306,0.014,0.663,0.026,0.132
-1.35,7.096,0.244,7.0,0.0,0.803,0.125,6.848,0.005,0.449,1454.116,11.069,0.447,16.822,0.151,0.377,0.02,0.673,-0.096,-0.244
-1.3,-8.003,1.868,-8.0,2.0,0.89,0.123,6.819,0.005,0.447,1405.157,11.181,0.443,16.594,0.131,0.315,0.014,0.659,0.003,0.132
-1.25,-6.001,0.881,-6.0,1.0,0.906,0.122,6.826,0.005,0.456,1400.579,11.456,0.455,17.118,0.159,0.406,0.022,0.667,0.001,0.119
-1.2,7.146,-5.817,7.0,-6.0,0.851,0.123,6.851,0.005,0.459,1482.456,11.445,0.455,16.448,0.142,0.297,0.013,0.66,-0.146,-0.183
-1.15,3.03,-1.023,3.0,-1.0,0.932,0.124,6.843,0.005,0.454,1442.387,11.27,0.451,18.132,0.278,0.621,0.073,0.717,-0.03,0.023
-1.1,-3.002,0.91,-3.0,1.0,0.945,0.123,6.829,0.005,0.454,1338.991,11.356,0.451,18.414,0.261,0.611,0.068,0.714,0.002,0.09
-1.05,0.007,-0.063,0.0,0.0,0.952,0.124,6.836,0.005,0.452,1379.968,11.24,0.447,19.55,0.411,0.794,0.144,0.766,-0.007,0.063
-1.0,3.054,-4.014,3.0,-4.0,0.958,0.124,6.841,0.005,0.451,1434.338,11.193,0.447,17.166,0.168,0.45,0.029,0.679,-0.054,0.014
-0.95,-0.065,6.929,0.0,7.0,0.954,0.126,6.838,0.005,0.446,1448.003,10.989,0.443,16.596,0.14,0.345,0.015,0.664,0.065,0.071
-0.9,-0.003,0.952,0.0,1.0,0.959,0.125,6.842,0.005,0.447,1486.662,11.039,0.443,19.937,0.448,0.817,0.149,0.774,0.003,0.048
-0.85,7.944,6.024,8.0,6.0,0.942,0.126,6.857,0.005,0.452,1521.616,11.115,0.447,16.336,0.146,0.293,0.014,0.658,0.056,-0.024
-0.8,-5.036,5.913,-5.0,6.0,0.963,0.124,6.828,0.005,0.451,1412.918,11.211,0.451,16.671,0.137,0.322,0.013,0.661,0.036,0.087
-0.75,3.051,-3.989,3.0,-4.0,0.968,0.124,6.842,0.005,0.451,1438.231,11.192,0.447,17.167,0.16,0.446,0.028,0.678,-0.051,-0.011
-0.7,-2.048,7.948,-2.0,8.0,0.972,0.123,6.827,0.005,0.456,1268.879,11.4,0.455,16.464,0.127,0.282,0.01,0.657,0.048,0.052
-0.65,-5.927,-8.043,-6.0,-8.0,0.975,0.124,6.82,0.005,0.443,1315.327,11.062,0.443,16.361,0.177,0.327,0.023,0.667,-0.073,0.043
-0.6,-3.018,4.954,-3.0,5.0,0.981,0.122,6.831,0.005,0.458,1284.717,11.456,0.455,17.131,0.144,0.399,0.018,0.668,0.018,0.046
-0.55,-4.937,-7.026,-5.0,-7.0,0.982,0.121,6.83,0.005,0.46,1348.988,11.579,0.459,16.678,0.183,0.364,0.025,0.671,-0.063,0.026
-0.5,-4.949,-5.022,-5.0,-5.0,0.986,0.122,6.834,0.005,0.458,1435.919,11.474,0.455,16.857,0.168,0.399,0.026,0.674,-0.051,0.022
-0.45,2.962,7.002,3.0,7.0,0.977,0.126,6.851,0.005,0.451,1547.423,11.072,0.447,16.574,0.151,0.356,0.019,0.668,0.038,-0.002
-0.4,8.039,-6.954,8.0,-7.0,0.974,0.126,6.855,0.006,0.45,1604.246,11.086,0.443,16.107,0.129,0.248,0.01,0.651,-0.039,-0.046
-0.35,7.014,-1.968,7.0,-2.0,0.985,0.123,6.844,0.005,0.458,1368.484,11.415,0.455,16.834,0.145,0.361,0.017,0.665,-0.014,-0.032
-0.3,0.008,0.006,0.0,0.0,0.992,0.122,6.829,0.005,0.457,1250.995,11.437,0.455,25.492,0.82,0.967,0.407,0.898,-0.008,-0.006
-0.25,-8.979,-3.012,-9.0,-3.0,0.973,0.119,6.808,0.005,0.463,1181.688,11.786,0.459,16.545,0.128,0.287,0.012,0.652,-0.021,0.012
-0.2,4.028,-9.002,4.0,-9.0,0.971,0.123,6.843,0.005,0.458,1419.407,11.407,0.455,16.111,0.119,0.23,0.008,0.651,-0.028,0.002
-0.15,-5.997,-1.02,-6.0,-1.0,0.977,0.123,6.839,0.005,0.456,1569.009,11.365,0.455,16.971,0.151,0.407,0.022,0.668,-0.003,0.02
-0.1,-4.015,4.985,-4.0,5.0,0.973,0.127,6.865,0.006,0.454,1949.795,11.058,0.455,16.753,0.13,0.367,0.016,0.667,0.015,0.015
-0.05,4.001,6.997,4.0,7.0,0.968,0.129,6.906,0.007,0.462,2486.025,11.118,0.459,16.431,0.162,0.358,0.021,0.669,-0.001,0.003
0.0,0.0,0.0,0.0,0.0,1.0,0.131,6.933,0.008,0.461,3199.202,10.917,0.459,100.0,1.0,1.0,1.0,1.0,0.0,0.0
0.0,1.996,-7.002,2.0,-7.0,0.973,0.129,6.938,0.008,0.471,3133.212,11.254,0.471,16.192,0.117,0.309,0.01,0.655,0.004,0.002
0.05,1.985,-1.999,2.0,-2.0,0.982,0.128,6.906,0.007,0.461,2483.087,11.109,0.459,18.372,0.272,0.65,0.063,0.718,0.015,-0.001
0.1,2.996,5.989,3.0,6.0,0.979,0.126,6.88,0.006,0.46,1959.552,11.218,0.455,16.689,0.159,0.396,0.024,0.67,0.004,0.011
0.15,6.003,7.978,6.0,8.0,0.965,0.124,6.862,0.005,0.462,1630.157,11.415,0.459,16.435,0.179,0.326,0.023,0.665,-0.003,0.022
0.2,-1.009,-0.004,-1.0,0.0,0.986,0.125,6.838,0.005,0.45,1422.148,11.145,0.447,22.412,0.635,0.911,0.233,0.839,0.009,0.004
0.25,-7.004,3.012,-7.0,3.0,0.977,0.122,6.817,0.005,0.455,1227.985,11.437,0.455,16.944,0.152,0.358,0.017,0.667,0.004,-0.012
0.3,-0.05,-7.004,0.0,-7.0,0.981,0.121,6.829,0.005,0.46,1247.858,11.58,0.459,16.717,0.142,0.34,0.014,0.662,0.05,0.004
0.35,2.955,-4.006,3.0,-4.0,0.984,0.123,6.84,0.005,0.456,1366.107,11.363,0.455,17.326,0.155,0.451,0.025,0.679,0.045,0.006
0.4,0.959,-3.02,1.0,-3.0,0.989,0.124,6.847,0.005,0.456,1515.519,11.317,0.455,17.934,0.192,0.589,0.05,0.701,0.041,0.02
0.45,-0.012,4.991,0.0,5.0,0.979,0.126,6.85,0.005,0.451,1547.319,11.086,0.451,16.957,0.143,0.426,0.024,0.667,0.012,0.009
0.5,-5.983,6.027,-6.0,6.0,0.97,0.122,6.831,0.005,0.461,1374.473,11.535,0.459,16.611,0.143,0.311,0.013,0.66,-0.017,-0.027
0.55,7.947,-3.044,8.0,-3.0,0.965,0.127,6.854,0.006,0.444,1556.36,10.872,0.443,16.409,0.131,0.3,0.013,0.66,0.053,0.044
0.6,2.931,-6.012,3.0,-6.0,0.971,0.124,6.844,0.005,0.454,1388.273,11.275,0.451,16.696,0.129,0.343,0.013,0.66,0.069,0.012
0.65,-3.98,6.037,-4.0,6.0,0.963,0.122,6.826,0.005,0.459,1249.751,11.496,0.459,16.727,0.132,0.329,0.015,0.662,-0.02,-0.037
0.7,7.034,7.962,7.0,8.0,0.942,0.126,6.844,0.005,0.443,1394.269,10.891,0.439,16.207,0.163,0.303,0.021,0.663,-0.034,0.038
0.75,-2.985,5.043,-3.0,5.0,0.962,0.122,6.833,0.005,0.463,1300.586,11.599,0.463,17.02,0.145,0.389,0.02,0.67,-0.015,-0.043
0.8,7.019,3.972,7.0,4.0,0.944,0.128,6.857,0.006,0.443,1563.565,10.785,0.439,16.339,0.14,0.338,0.017,0.658,-0.019,0.028
0.85,2.027,5.02,2.0,5.0,0.952,0.126,6.851,0.005,0.451,1493.041,11.09,0.447,16.904,0.17,0.444,0.032,0.675,-0.027,-0.02
0.9,-3.039,-2.923,-3.0,-3.0,0.956,0.124,6.839,0.005,0.454,1452.085,11.296,0.451,17.735,0.211,0.54,0.046,0.699,0.039,-0.077
0.95,5.066,7.991,5.0,8.0,0.934,0.123,6.847,0.005,0.46,1403.914,11.45,0.455,16.476,0.173,0.33,0.022,0.666,-0.066,0.009
1.0,-4.077,-5.889,-4.0,-6.0,0.944,0.124,6.833,0.005,0.452,1395.558,11.238,0.447,16.778,0.162,0.38,0.024,0.673,0.077,-0.111
1.05,3.067,7.013,3.0,7.0,0.927,0.124,6.842,0.005,0.453,1384.683,11.235,0.447,16.603,0.165,0.365,0.022,0.667,-0.067,-0.013
1.1,-5.929,6.13,-6.0,6.0,0.929,0.123,6.825,0.005,0.456,1326.614,11.422,0.455,16.625,0.149,0.317,0.014,0.659,-0.071,-0.13
1.15,5.999,0.995,6.0,1.0,0.912,0.123,6.852,0.005,0.461,1423.628,11.473,0.459,16.923,0.171,0.416,0.026,0.665,0.001,0.005
1.2,-9.024,-1.84,-9.0,-2.0,0.905,0.121,6.826,0.005,0.461,1383.938,11.612,0.459,16.582,0.136,0.301,0.013,0.659,0.024,-0.16
1.25,-4.971,3.111,-5.0,3.0,0.899,0.123,6.837,0.005,0.461,1389.894,11.497,0.459,17.298,0.183,0.447,0.029,0.681,-0.029,-0.111
1.3,7.898,0.776,8.0,1.0,0.821,0.127,6.856,0.006,0.445,1526.218,10.878,0.443,16.342,0.14,0.324,0.016,0.657,0.102,0.224
1.35,7.811,-4.247,8.0,-4.0,0.804,0.126,6.85,0.005,0.449,1475.564,11.06,0.447,16.473,0.138,0.292,0.013,0.662,0.189,0.247
1.4,-5.201,-7.075,-5.0,-7.0,0.758,0.125,6.831,0.005,0.444,1419.992,10.986,0.443,16.447,0.149,0.334,0.02,0.668,0.201,0.075
1.45,-6.221,-8.084,-6.0,-8.0,0.736,0.126,6.828,0.005,0.44,1429.106,10.818,0.435,16.236,0.147,0.304,0.018,0.663,0.221,0.084
1.5,1.77,-6.261,2.0,-6.0,0.742,0.127,6.844,0.006,0.442,1505.163,10.829,0.439,16.719,0.143,0.378,0.019,0.668,0.23,0.261
1.55,1.76,-6.283,2.0,-6.0,0.725,0.127,6.847,0.006,0.445,1547.288,10.894,0.443,16.751,0.144,0.38,0.019,0.669,0.24,0.283
1.6,-1.188,-2.248,-1.0,-2.0,0.707,0.124,6.843,0.005,0.457,1454.774,11.356,0.455,18.245,0.273,0.649,0.077,0.72,0.188,0.248
1.65,-5.211,-4.203,-5.0,-4.0,0.681,0.122,6.834,0.005,0.459,1401.385,11.483,0.455,17.161,0.177,0.426,0.029,0.681,0.211,0.203
1.7,-1.189,-0.294,-1.0,0.0,0.677,0.124,6.843,0.005,0.458,1419.47,11.369,0.455,18.284,0.285,0.665,0.083,0.722,0.189,0.294
1.75,-4.189,-0.251,-4.0,0.0,0.652,0.122,6.836,0.005,0.46,1361.886,11.498,0.455,17.662,0.227,0.544,0.056,0.701,0.189,0.251
1.8,-5.229,-3.262,-5.0,-3.0,0.625,0.125,6.832,0.005,0.448,1398.198,11.106,0.443,17.247,0.187,0.454,0.033,0.688,0.229,0.262
1.85,0.79,-0.412,1.0,0.0,0.629,0.125,6.845,0.005,0.453,1430.755,11.197,0.447,18.227,0.273,0.634,0.078,0.716,0.21,0.412
1.9,-9.137,5.04,-9.0,5.0,0.69,0.122,6.821,0.005,0.457,1369.781,11.432,0.455,16.505,0.147,0.295,0.013,0.657,0.137,-0.04
1.95,7.633,-9.653,8.0,-9.0,0.596,0.129,6.855,0.006,0.439,1566.23,10.669,0.431,15.754,0.116,0.21,0.008,0.646,0.367,0.653
2.0,-5.194,0.669,-5.0,1.0,0.577,0.123,6.836,0.005,0.458,1411.102,11.406,0.455,17.271,0.197,0.479,0.04,0.688,0.194,0.331
2.05,-1.245,-1.43,-1.0,-1.0,0.575,0.124,6.845,0.005,0.458,1444.274,11.354,0.455,17.811,0.244,0.61,0.064,0.706,0.245,0.43
2.1,-3.255,-1.411,-3.0,-1.0,0.559,0.123,6.841,0.005,0.458,1407.204,11.385,0.455,17.665,0.228,0.564,0.058,0.703,0.255,0.411
2.15,7.688,-1.73,8.0,-1.0,0.559,0.125,6.852,0.005,0.454,1456.159,11.227,0.451,16.556,0.133,0.32,0.015,0.657,0.312,0.73
2.2,-9.312,-7.355,-9.0,-7.0,0.499,0.128,6.825,0.005,0.433,1463.026,10.584,0.427,16.063,0.146,0.278,0.014,0.657,0.312,0.355
2.25,-6.212,-0.452,-6.0,0.0,0.519,0.123,6.832,0.005,0.456,1350.765,11.366,0.455,17.11,0.182,0.439,0.032,0.681,0.212,0.452
2.3,-4.177,1.489,-4.0,2.0,0.526,0.123,6.838,0.005,0.459,1361.27,11.423,0.459,17.334,0.217,0.499,0.05,0.688,0.177,0.511
2.35,4.719,-6.125,5.0,-5.0,0.417,0.126,6.852,0.005,0.449,1535.746,11.041,0.447,16.76,0.167,0.376,0.026,0.668,0.281,1.125
2.4,-8.255,-5.502,-8.0,-5.0,0.459,0.125,6.83,0.005,0.445,1451.511,11.007,0.443,16.475,0.148,0.32,0.016,0.663,0.255,0.502
2.45,3.443,3.886,3.0,5.0,0.362,0.125,6.849,0.005,0.453,1443.252,11.206,0.447,16.643,0.184,0.416,0.039,0.668,-0.443,1.114
2.5,-5.168,-0.626,-5.0,0.0,0.478,0.123,6.835,0.005,0.461,1371.747,11.502,0.455,17.176,0.191,0.47,0.042,0.686,0.168,0.626
2.55,-9.233,-5.544,-9.0,-5.0,0.434,0.128,6.825,0.005,0.431,1492.864,10.513,0.427,16.15,0.14,0.294,0.014,0.658,0.233,0.544
2.6,-5.523,3.267,-6.0,4.0,0.393,0.124,6.83,0.005,0.45,1398.066,11.161,0.447,16.878,0.185,0.399,0.032,0.676,-0.477,0.733
2.65,3.308,-3.226,3.0,-2.0,0.327,0.128,6.85,0.006,0.441,1522.6,10.747,0.435,17.194,0.193,0.49,0.042,0.687,-0.308,1.226
2.7,-0.178,-2.896,0.0,-2.0,0.456,0.127,6.847,0.006,0.444,1509.975,10.853,0.439,17.145,0.199,0.52,0.042,0.688,0.178,0.896
2.75,2.68,-10.259,3.0,-9.0,0.346,0.125,6.854,0.005,0.454,1479.171,11.178,0.451,16.232,0.135,0.275,0.012,0.657,0.32,1.259
2.8,2.353,-1.232,2.0,0.0,0.321,0.129,6.85,0.006,0.436,1553.229,10.581,0.431,17.171,0.204,0.51,0.046,0.692,-0.353,1.232
2.85,-2.251,-9.086,-2.0,-8.0,0.33,0.126,6.846,0.005,0.45,1477.515,11.057,0.447,16.434,0.142,0.322,0.017,0.668,0.251,1.086
2.9,-0.102,-3.197,0.0,-2.0,0.356,0.127,6.846,0.005,0.444,1508.552,10.849,0.439,17.03,0.192,0.502,0.039,0.684,0.102,1.197
2.95,-9.729,-3.069,-9.0,-3.0,0.488,0.128,6.827,0.005,0.434,1486.663,10.612,0.427,16.299,0.147,0.317,0.017,0.666,0.729,0.069
3.0,1.767,-6.335,2.0,-5.0,0.337,0.128,6.849,0.006,0.443,1526.79,10.808,0.439,16.656,0.163,0.411,0.028,0.675,0.233,1.335
0.0,0.0,0.0,0.0,0.0,1.0,0.153,7.039,0.005,0.658,1136.201,12.695,0.678,100.0,1.0,1.0,1.0,1.0,0.0,0.0
0.0,0.008,-0.969,0.0,-1.0,0.993,0.152,7.039,0.005,0.658,1135.109,12.703,0.678,23.561,0.832,0.941,0.36,0.885,-0.008,-0.031
0.0,0.009,-3.979,0.0,-4.0,0.988,0.152,7.037,0.005,0.658,1140.926,12.737,0.678,18.334,0.464,0.646,0.1,0.713,-0.009,-0.021
0.0,-0.001,10.006,0.0,10.0,0.98,0.154,7.049,0.005,0.657,1136.193,12.629,0.678,15.968,0.311,0.345,0.038,0.63,0.001,-0.006
0.0,-0.0,11.011,0.0,11.0,0.977,0.154,7.049,0.005,0.657,1134.829,12.623,0.678,15.684,0.295,0.314,0.034,0.624,0.0,-0.011
0.0,-0.002,12.015,0.0,12.0,0.978,0.154,7.051,0.005,0.657,1135.457,12.619,0.678,15.443,0.283,0.287,0.032,0.618,0.002,-0.015
0.0,0.003,6.025,0.0,6.0,0.987,0.153,7.046,0.005,0.657,1139.146,12.651,0.678,17.377,0.383,0.51,0.063,0.669,-0.003,-0.025
0.0,-9.987,-7.976,-10.0,-8.0,0.969,0.153,7.033,0.005,0.66,1130.759,12.688,0.678,14.705,0.232,0.206,0.015,0.566,-0.013,-0.024
0.0,-9.983,-8.98,-10.0,-9.0,0.965,0.153,7.034,0.005,0.66,1127.853,12.684,0.678,14.571,0.226,0.18,0.014,0.563,-0.017,-0.02
0.0,-9.991,11.003,-10.0,11.0,0.962,0.156,7.051,0.005,0.658,1138.072,12.527,0.678,14.211,0.213,0.105,0.009,0.565,-0.009,-0.003
0.0,-9.992,4.009,-10.0,4.0,0.972,0.155,7.044,0.005,0.659,1138.012,12.589,0.678,15.128,0.249,0.263,0.016,0.583,-0.008,-0.009
0.0,-9.983,6.022,-10.0,6.0,0.971,0.155,7.047,0.005,0.659,1140.03,12.568,0.678,14.878,0.237,0.207,0.013,0.575,-0.017,-0.022
0.0,-9.991,9.018,-10.0,9.0,0.969,0.155,7.049,0.005,0.658,1139.262,12.542,0.678,14.481,0.228,0.143,0.011,0.57,-0.009,-0.018
0.0,-10.993,0.017,-11.0,0.0,0.972,0.154,7.039,0.005,0.66,1135.228,12.623,0.678,15.84,0.353,0.386,0.053,0.634,-0.007,-0.017
0.0,-10.979,-11.96,-11.0,-12.0,0.961,0.154,7.033,0.005,0.66,1134.141,12.666,0.682,14.06,0.205,0.106,0.011,0.556,-0.021,-0.04
0.0,-10.976,-1.975,-11.0,-2.0,0.973,0.154,7.037,0.005,0.66,1138.637,12.649,0.678,15.432,0.3,0.36,0.034,0.612,-0.024,-0.025
0.0,-12.0,0.019,-12.0,0.0,0.969,0.154,7.04,0.005,0.66,1141.366,12.614,0.678,15.573,0.337,0.362,0.05,0.631,-0.0,-0.019
0.0,-11.984,-11.978,-12.0,-12.0,0.958,0.154,7.034,0.005,0.66,1135.819,12.661,0.682,13.961,0.203,0.092,0.01,0.555,-0.016,-0.022
0.0,-11.979,-4.982,-12.0,-5.0,0.968,0.153,7.035,0.005,0.661,1137.082,12.688,0.682,14.739,0.237,0.242,0.017,0.579,-0.021,-0.018
0.0,-11.985,-8.984,-12.0,-9.0,0.964,0.154,7.034,0.005,0.661,1133.062,12.673,0.682,14.29,0.212,0.149,0.012,0.562,-0.015,-0.016
0.0,-11.987,5.022,-12.0,5.0,0.968,0.155,7.047,0.005,0.659,1140.131,12.559,0.682,14.65,0.228,0.193,0.014,0.576,-0.013,-0.022
0.0,-12.982,-2.989,-13.0,-3.0,0.967,0.154,7.038,0.005,0.661,1147.494,12.65,0.682,14.835,0.25,0.285,0.025,0.598,-0.018,-0.011
0.0,-12.978,-3.982,-13.0,-4.0,0.967,0.154,7.037,0.005,0.661,1151.141,12.672,0.682,14.71,0.24,0.253,0.02,0.588,-0.022,-0.018
0.0,-12.981,-4.982,-13.0,-5.0,0.964,0.154,7.035,0.005,0.661,1138.921,12.681,0.682,14.632,0.238,0.23,0.017,0.579,-0.019,-0.018
0.0,-12.987,-6.986,-13.0,-7.0,0.967,0.154,7.033,0.005,0.661,1129.812,12.676,0.682,14.448,0.228,0.19,0.014,0.57,-0.013,-0.014
0.0,-12.993,11.01,-13.0,11.0,0.955,0.156,7.054,0.005,0.658,1139.783,12.492,0.678,13.836,0.195,0.055,0.008,0.561,-0.007,-0.01
0.0,-13.983,-11.965,-14.0,-12.0,0.958,0.154,7.034,0.005,0.661,1138.594,12.646,0.682,13.836,0.211,0.066,0.01,0.555,-0.017,-0.035
0.0,-13.974,-1.974,-14.0,-2.0,0.965,0.154,7.039,0.005,0.661,1143.161,12.624,0.682,15.014,0.296,0.312,0.034,0.611,-0.026,-0.026
0.0,-13.991,-8.974,-14.0,-9.0,0.96,0.154,7.034,0.005,0.661,1133.468,12.659,0.682,14.152,0.223,0.128,0.013,0.563,-0.009,-0.026
0.0,-13.983,4.025,-14.0,4.0,0.964,0.156,7.047,0.005,0.659,1142.815,12.547,0.682,14.51,0.233,0.189,0.014,0.581,-0.017,-0.025
0.0,-13.98,6.021,-14.0,6.0,0.96,0.156,7.051,0.005,0.659,1143.81,12.524,0.682,14.299,0.22,0.135,0.012,0.571,-0.02,-0.021
0.0,-0.991,0.014,-1.0,0.0,0.99,0.153,7.039,0.005,0.658,1133.973,12.689,0.678,23.788,0.81,0.936,0.344,0.88,-0.009,-0.014
0.0,-1.005,13.016,-1.0,13.0,0.976,0.154,7.052,0.005,0.657,1132.2,12.606,0.678,15.278,0.286,0.265,0.035,0.615,0.005,-0.016
0.0,-1.985,-12.987,-2.0,-13.0,0.969,0.153,7.035,0.005,0.658,1133.641,12.696,0.678,14.959,0.222,0.233,0.016,0.588,-0.015,-0.013
0.0,-1.985,-13.985,-2.0,-14.0,0.97,0.153,7.035,0.005,0.658,1139.711,12.69,0.678,14.82,0.219,0.216,0.016,0.584,-0.015,-0.015
0.0,-1.987,-0.985,-2.0,-1.0,0.989,0.153,7.038,0.005,0.658,1132.423,12.692,0.678,19.164,0.503,0.779,0.129,0.762,-0.013,-0.015
0.0,-1.99,-7.977,-2.0,-8.0,0.982,0.152,7.035,0.005,0.659,1129.774,12.719,0.678,16.0,0.253,0.366,0.024,0.616,-0.01,-0.023
0.0,-1.985,-8.98,-2.0,-9.0,0.978,0.152,7.036,0.005,0.659,1126.678,12.715,0.678,15.767,0.249,0.333,0.022,0.61,-0.015,-0.02
0.0,-1.982,5.01,-2.0,5.0,0.989,0.153,7.045,0.005,0.658,1136.446,12.644,0.678,16.793,0.288,0.476,0.037,0.645,-0.018,-0.01
0.0,-1.989,6.022,-2.0,6.0,0.986,0.154,7.046,0.005,0.658,1136.834,12.636,0.678,16.522,0.28,0.432,0.033,0.635,-0.011,-0.022
0.0,-2.977,-10.973,-3.0,-11.0,0.973,0.153,7.036,0.005,0.659,1132.957,12.702,0.678,15.185,0.229,0.255,0.015,0.591,-0.023,-0.027
0.0,-2.982,-6.979,-3.0,-7.0,0.983,0.152,7.035,0.005,0.659,1128.817,12.72,0.678,16.009,0.247,0.366,0.022,0.611,-0.018,-0.021
0.0,-2.992,-7.982,-3.0,-8.0,0.979,0.152,7.035,0.005,0.659,1128.6,12.717,0.678,15.785,0.241,0.333,0.02,0.605,-0.008,-0.018
0.0,-2.99,5.019,-3.0,5.0,0.984,0.154,7.045,0.005,0.658,1136.959,12.637,0.678,16.4,0.249,0.413,0.027,0.631,-0.01,-0.019
0.0,-3.987,-6.974,-4.0,-7.0,0.981,0.152,7.035,0.005,0.659,1126.817,12.717,0.678,15.825,0.244,0.34,0.02,0.602,-0.013,-0.026
0.0,-3.998,10.015,-4.0,10.0,0.978,0.154,7.049,0.005,0.658,1136.966,12.593,0.678,15.168,0.229,0.239,0.016,0.595,-0.002,-0.015
0.0,-4.997,0.016,-5.0,0.0,0.985,0.153,7.04,0.005,0.659,1135.925,12.662,0.678,17.771,0.426,0.592,0.088,0.704,-0.003,-0.016
0.0,-4.998,2.023,-5.0,2.0,0.986,0.154,7.041,0.005,0.659,1137.458,12.645,0.678,16.463,0.285,0.472,0.037,0.65,-0.002,-0.023
0.0,-4.99,6.019,-5.0,6.0,0.98,0.154,7.047,0.005,0.658,1138.182,12.612,0.678,15.697,0.236,0.306,0.017,0.602,-0.01,-0.019
0.0,-5.98,-1.974,-6.0,-2.0,0.982,0.153,7.038,0.005,0.659,1139.916,12.678,0.678,16.429,0.309,0.479,0.04,0.646,-0.02,-0.026
0.0,-5.989,-4.975,-6.0,-5.0,0.979,0.153,7.035,0.005,0.66,1133.834,12.715,0.678,15.785,0.254,0.351,0.022,0.605,-0.011,-0.025
0.0,-5.984,-6.981,-6.0,-7.0,0.977,0.153,7.034,0.005,0.66,1131.257,12.708,0.678,15.457,0.241,0.298,0.019,0.592,-0.016,-0.019
0.0,-5.985,6.021,-6.0,6.0,0.98,0.154,7.047,0.005,0.658,1139.528,12.602,0.678,15.514,0.235,0.282,0.016,0.594,-0.015,-0.021
0.0,-6.981,-11.968,-7.0,-12.0,0.966,0.153,7.035,0.005,0.659,1134.624,12.682,0.678,14.542,0.22,0.171,0.012,0.566,-0.019,-0.032
0.0,-6.991,-2.985,-7.0,-3.0,0.982,0.153,7.037,0.005,0.66,1146.219,12.687,0.678,15.876,0.272,0.397,0.028,0.62,-0.009,-0.015
0.0,-6.989,12.022,-7.0,12.0,0.969,0.155,7.053,0.005,0.658,1137.231,12.551,0.678,14.422,0.211,0.136,0.01,0.575,-0.011,-0.022
0.0,-6.991,1.016,-7.0,1.0,0.981,0.154,7.039,0.005,0.659,1136.837,12.638,0.678,16.368,0.331,0.46,0.041,0.645,-0.009,-0.016
0.0,-6.985,2.019,-7.0,2.0,0.981,0.154,7.042,0.005,0.659,1136.943,12.629,0.678,15.95,0.28,0.403,0.029,0.627,-0.015,-0.019
0.0,-7.998,-0.002,-8.0,0.0,0.989,0.154,7.039,0.005,0.659,1137.979,12.644,0.678,16.663,0.388,0.473,0.063,0.66,-0.002,0.002
0.0,-7.987,-9.968,-8.0,-10.0,0.971,0.153,7.034,0.005,0.66,1134.384,12.687,0.678,14.715,0.232,0.193,0.014,0.569,-0.013,-0.032
0.0,-7.984,-12.973,-8.0,-13.0,0.961,0.153,7.032,0.005,0.659,1133.309,12.674,0.678,14.292,0.214,0.139,0.011,0.559,-0.016,-0.027
0.0,-7.992,-2.982,-8.0,-3.0,0.98,0.153,7.037,0.005,0.66,1144.919,12.684,0.678,15.71,0.273,0.377,0.027,0.614,-0.008,-0.018
0.0,-7.988,-3.979,-8.0,-4.0,0.976,0.153,7.035,0.005,0.66,1146.362,12.703,0.678,15.545,0.261,0.341,0.022,0.6,-0.012,-0.021
0.0,-7.994,-7.997,-8.0,-8.0,0.981,0.153,7.034,0.005,0.66,1131.72,12.698,0.678,15.002,0.239,0.241,0.016,0.578,-0.006,-0.003
0.0,-8.991,-10.974,-9.0,-11.0,0.966,0.153,7.034,0.005,0.66,1131.332,12.681,0.678,14.448,0.225,0.156,0.013,0.561,-0.009,-0.026
0.0,-8.996,-1.982,-9.0,-2.0,0.979,0.154,7.037,0.005,0.66,1138.277,12.664,0.678,15.806,0.306,0.403,0.035,0.622,-0.004,-0.018
0.0,-8.993,-2.978,-9.0,-3.0,0.976,0.153,7.037,0.005,0.66,1143.549,12.679,0.678,15.503,0.267,0.355,0.026,0.606,-0.007,-0.022
0.0,-8.986,-6.981,-9.0,-7.0,0.968,0.153,7.033,0.005,0.66,1130.109,12.697,0.678,14.994,0.242,0.249,0.016,0.574,-0.014,-0.019
0.0,10.007,-11.967,10.0,-12.0,0.957,0.152,7.047,0.005,0.655,1149.013,12.711,0.675,14.219,0.201,0.093,0.008,0.559,-0.007,-0.033
0.0,10.005,-12.974,10.0,-13.0,0.954,0.152,7.046,0.005,0.655,1148.671,12.708,0.675,14.137,0.197,0.079,0.008,0.556,-0.005,-0.026
0.0,9.996,-2.974,10.0,-3.0,0.97,0.151,7.044,0.005,0.655,1150.09,12.74,0.675,15.213,0.246,0.3,0.018,0.591,0.004,-0.026
0.0,10.001,2.017,10.0,2.0,0.974,0.152,7.046,0.005,0.655,1145.078,12.716,0.675,15.572,0.292,0.376,0.032,0.613,-0.001,-0.017
0.0,11.001,-5.98,11.0,-6.0,0.968,0.151,7.044,0.005,0.655,1147.001,12.737,0.675,14.734,0.223,0.203,0.013,0.571,-0.001,-0.02
0.0,10.998,-7.986,11.0,-8.0,0.961,0.151,7.046,0.005,0.655,1145.256,12.728,0.675,14.531,0.219,0.156,0.011,0.566,0.002,-0.014
0.0,11.004,12.011,11.0,12.0,0.96,0.152,7.052,0.005,0.655,1144.906,12.689,0.675,14.082,0.196,0.099,0.01,0.558,-0.004,-0.011
0.0,11.001,5.008,11.0,5.0,0.97,0.152,7.049,0.005,0.655,1145.648,12.709,0.675,14.903,0.233,0.247,0.016,0.578,-0.001,-0.008
0.0,12.0,-0.992,12.0,-1.0,0.968,0.151,7.045,0.005,0.655,1146.787,12.735,0.675,15.151,0.269,0.321,0.028,0.608,0.0,-0.008
0.0,12.0,11.008,12.0,11.0,0.96,0.152,7.051,0.005,0.654,1145.138,12.701,0.675,14.085,0.196,0.102,0.01,0.558,0.0,-0.008
0.0,12.0,5.019,12.0,5.0,0.968,0.151,7.049,0.005,0.655,1146.179,12.717,0.675,14.736,0.225,0.229,0.015,0.578,0.0,-0.019
0.0,11.998,7.006,12.0,7.0,0.966,0.152,7.05,0.005,0.655,1148.643,12.709,0.675,14.533,0.214,0.183,0.013,0.568,0.002,-0.006
0.0,12.001,9.018,12.0,9.0,0.964,0.152,7.051,0.005,0.655,1144.626,12.704,0.675,14.29,0.201,0.14,0.011,0.562,-0.001,-0.018
0.0,12.992,0.007,13.0,0.0,0.965,0.151,7.044,0.005,0.654,1143.637,12.74,0.671,15.291,0.308,0.332,0.041,0.624,0.008,-0.007
0.0,13.008,-11.968,13.0,-12.0,0.952,0.151,7.048,0.005,0.654,1149.932,12.716,0.671,13.876,0.183,0.0,0.008,0.554,-0.008,-0.032
0.0,12.995,-4.989,13.0,-5.0,0.963,0.151,7.044,0.005,0.654,1149.892,12.744,0.671,14.505,0.21,0.183,0.012,0.575,0.005,-0.011
0.0,12.998,-7.985,13.0,-8.0,0.957,0.151,7.046,0.005,0.654,1145.712,12.734,0.671,14.24,0.199,0.112,0.01,0.564,0.002,-0.015
0.0,13.001,1.012,13.0,1.0,0.966,0.151,7.045,0.005,0.654,1147.116,12.737,0.671,15.345,0.321,0.338,0.046,0.628,-0.001,-0.012
0.0,13.003,4.025,13.0,4.0,0.966,0.151,7.048,0.005,0.654,1149.055,12.732,0.675,14.693,0.226,0.239,0.018,0.586,-0.003,-0.025
0.0,1.0,-1.98,1.0,-2.0,0.991,0.152,7.038,0.005,0.658,1136.591,12.717,0.678,18.954,0.517,0.772,0.128,0.751,0.0,-0.02
0.0,1.01,-7.977,1.0,-8.0,0.978,0.152,7.037,0.005,0.658,1131.713,12.73,0.678,16.584,0.337,0.42,0.047,0.644,-0.01,-0.023
0.0,1.0,5.011,1.0,5.0,0.988,0.153,7.045,0.005,0.657,1139.041,12.666,0.678,17.292,0.344,0.531,0.049,0.661,0.0,-0.011
0.0,2.015,-1.977,2.0,-2.0,0.99,0.152,7.039,0.005,0.658,1139.29,12.72,0.678,17.685,0.357,0.657,0.077,0.708,-0.015,-0.023
0.0,1.995,11.016,2.0,11.0,0.978,0.153,7.05,0.005,0.657,1136.793,12.64,0.678,15.277,0.231,0.263,0.017,0.599,0.005,-0.016
0.0,1.998,8.011,2.0,8.0,0.979,0.153,7.047,0.005,0.657,1139.54,12.654,0.678,15.962,0.251,0.346,0.023,0.615,0.002,-0.011
0.0,3.012,-4.981,3.0,-5.0,0.983,0.152,7.038,0.005,0.658,1137.132,12.742,0.678,16.403,0.245,0.41,0.027,0.632,-0.012,-0.019
0.0,2.996,10.016,3.0,10.0,0.981,0.153,7.049,0.005,0.657,1141.408,12.649,0.678,15.348,0.231,0.264,0.016,0.596,0.004,-0.016
0.0,2.999,2.021,3.0,2.0,0.988,0.152,7.042,0.005,0.657,1140.073,12.693,0.678,17.357,0.328,0.595,0.062,0.693,0.001,-0.021
0.0,3.003,5.008,3.0,5.0,0.985,0.153,7.046,0.005,0.657,1139.012,12.675,0.678,16.493,0.26,0.421,0.029,0.631,-0.003,-0.008
0.0,3.998,-7.977,4.0,-8.0,0.977,0.152,7.039,0.005,0.657,1140.162,12.73,0.675,15.587,0.23,0.283,0.018,0.602,0.002,-0.023
0.0,4.005,4.01,4.0,4.0,0.982,0.152,7.046,0.005,0.657,1140.267,12.686,0.678,16.394,0.261,0.429,0.031,0.634,-0.005,-0.01
0.0,5.014,-11.962,5.0,-12.0,0.968,0.152,7.042,0.005,0.656,1141.783,12.711,0.675,14.767,0.21,0.174,0.012,0.58,-0.014,-0.038
0.0,5.0,-4.987,5.0,-5.0,0.982,0.152,7.04,0.005,0.657,1141.828,12.74,0.675,15.888,0.235,0.342,0.019,0.608,0.0,-0.013
0.0,5.002,-8.972,5.0,-9.0,0.972,0.152,7.041,0.005,0.657,1142.6,12.724,0.675,15.243,0.226,0.234,0.014,0.589,-0.002,-0.028
0.0,5.002,12.024,5.0,12.0,0.975,0.153,7.052,0.005,0.656,1138.939,12.653,0.675,14.733,0.208,0.187,0.011,0.577,-0.002,-0.024
0.0,5.005,5.019,5.0,5.0,0.981,0.152,7.047,0.005,0.656,1140.72,12.682,0.675,16.042,0.253,0.362,0.024,0.613,-0.005,-0.019
0.0,6.006,-0.987,6.0,-1.0,0.983,0.152,7.042,0.005,0.656,1138.652,12.718,0.675,16.664,0.331,0.495,0.044,0.656,-0.006,-0.013
0.0,5.997,1.018,6.0,1.0,0.984,0.152,7.043,0.005,0.656,1142.228,12.705,0.675,17.043,0.375,0.526,0.058,0.671,0.003,-0.018
0.0,6.001,3.001,6.0,3.0,0.979,0.152,7.045,0.005,0.656,1143.673,12.695,0.675,16.082,0.264,0.415,0.028,0.629,-0.001,-0.001
0.0,6.005,6.02,6.0,6.0,0.98,0.152,7.048,0.005,0.656,1142.823,12.679,0.675,15.642,0.242,0.31,0.019,0.598,-0.005,-0.02
0.0,7.0,-9.981,7.0,-10.0,0.97,0.152,7.044,0.005,0.656,1146.551,12.72,0.675,14.793,0.22,0.179,0.011,0.575,0.0,-0.019
0.0,7.012,-12.977,7.0,-13.0,0.962,0.152,7.043,0.005,0.656,1150.949,12.706,0.675,14.427,0.203,0.129,0.009,0.567,-0.012,-0.023
0.0,6.998,-2.981,7.0,-3.0,0.981,0.151,7.043,0.005,0.656,1151.367,12.737,0.675,15.756,0.255,0.363,0.021,0.611,0.002,-0.019
0.0,6.999,-5.981,7.0,-6.0,0.975,0.151,7.041,0.005,0.656,1145.451,12.738,0.675,15.356,0.23,0.275,0.014,0.587,0.001,-0.019
0.0,7.003,-8.972,7.0,-9.0,0.971,0.152,7.043,0.005,0.656,1144.292,12.724,0.675,14.949,0.227,0.201,0.012,0.577,-0.003,-0.028
0.0,6.993,2.015,7.0,2.0,0.979,0.152,7.044,0.005,0.656,1145.581,12.705,0.675,16.168,0.302,0.445,0.035,0.635,0.007,-0.015
0.0,6.993,5.017,7.0,5.0,0.979,0.152,7.049,0.005,0.656,1145.506,12.691,0.675,15.612,0.249,0.322,0.019,0.598,0.007,-0.017
0.0,7.994,-0.003,8.0,0.0,0.987,0.152,7.044,0.005,0.656,1144.32,12.718,0.675,16.607,0.378,0.472,0.059,0.656,0.006,0.003
0.0,8.006,-13.983,8.0,-14.0,0.959,0.152,7.044,0.005,0.655,1148.193,12.703,0.675,14.246,0.2,0.1,0.008,0.56,-0.006,-0.017
0.0,8.002,-1.974,8.0,-2.0,0.979,0.151,7.043,0.005,0.656,1147.628,12.73,0.675,15.744,0.271,0.379,0.025,0.616,-0.002,-0.026
0.0,7.993,13.013,8.0,13.0,0.968,0.152,7.053,0.005,0.655,1144.224,12.67,0.675,14.303,0.206,0.135,0.01,0.563,0.007,-0.013
0.0,9.011,-5.98,9.0,-6.0,0.972,0.151,7.043,0.005,0.656,1144.002,12.739,0.675,15.061,0.231,0.239,0.013,0.577,-0.011,-0.02
0.0,9.004,-6.983,9.0,-7.0,0.97,0.151,7.043,0.005,0.656,1141.39,12.735,0.675,14.936,0.229,0.216,0.012,0.574,-0.004,-0.017
0.0,0.0,0.0,0.0,0.0,1.0,0.131,6.933,0.008,0.461,3199.202,10.917,0.459,100.0,1.0,1.0,1.0,1.0,0.0,0.0
0.0,0.004,-11.002,0.0,-11.0,0.968,0.131,6.935,0.008,0.465,3181.795,11.017,0.459,15.775,0.11,0.217,0.007,0.651,-0.004,0.002
0.0,-0.008,-5.997,0.0,-6.0,0.977,0.132,6.933,0.008,0.458,3250.795,10.823,0.455,16.408,0.121,0.366,0.016,0.661,0.008,-0.003
0.0,0.004,-7.005,0.0,-7.0,0.973,0.13,6.933,0.008,0.465,3177.378,11.054,0.463,16.228,0.118,0.327,0.012,0.659,-0.004,0.005
0.0,0.004,-7.999,0.0,-8.0,0.987,0.131,6.932,0.008,0.46,3243.098,10.893,0.459,16.03,0.116,0.293,0.01,0.657,-0.004,-0.001
0.0,-0.012,3.992,0.0,4.0,0.981,0.131,6.933,0.008,0.465,3148.915,11.004,0.459,16.979,0.139,0.484,0.031,0.675,0.012,0.008
0.0,-0.002,4.995,0.0,5.0,0.98,0.13,6.932,0.007,0.467,3090.414,11.092,0.463,16.733,0.133,0.422,0.021,0.666,0.002,0.005
0.0,-0.009,5.991,0.0,6.0,0.978,0.131,6.93,0.008,0.463,3140.31,10.944,0.459,16.467,0.125,0.37,0.016,0.662,0.009,0.009
0.0,-0.011,6.996,0.0,7.0,0.975,0.128,6.93,0.007,0.476,2993.476,11.415,0.475,16.315,0.123,0.328,0.013,0.66,0.011,0.004
0.0,-0.004,8.985,0.0,9.0,0.967,0.13,6.928,0.007,0.467,3096.332,11.132,0.467,16.049,0.122,0.267,0.009,0.656,0.004,0.015
0.0,-10.999,-10.997,-11.0,-11.0,0.944,0.129,6.91,0.007,0.462,3040.422,11.085,0.459,15.746,0.125,0.226,0.012,0.655,-0.001,-0.003
0.0,-10.993,-8.003,-11.0,-8.0,0.951,0.128,6.907,0.007,0.462,3032.285,11.125,0.459,15.84,0.126,0.237,0.01,0.652,-0.007,0.003
0.0,-11.009,11.004,-11.0,11.0,0.947,0.129,6.893,0.007,0.459,2995.453,11.032,0.459,15.711,0.129,0.185,0.009,0.648,0.009,-0.004
0.0,-11.015,3.998,-11.0,4.0,0.959,0.128,6.904,0.007,0.465,2971.901,11.184,0.463,15.992,0.114,0.237,0.009,0.653,0.015,0.002
0.0,-11.011,5.992,-11.0,6.0,0.955,0.127,6.9,0.007,0.47,2865.485,11.369,0.471,16.012,0.127,0.241,0.01,0.652,0.011,0.008
0.0,-12.001,-13.0,-12.0,-13.0,0.934,0.127,6.911,0.007,0.468,2964.174,11.305,0.467,15.677,0.12,0.211,0.012,0.654,0.001,-0.0
0.0,-12.0,-2.004,-12.0,-2.0,0.956,0.129,6.902,0.007,0.458,2991.326,11.026,0.455,15.892,0.118,0.231,0.008,0.645,-0.0,0.004
0.0,-13.005,12.0,-13.0,12.0,0.942,0.125,6.886,0.007,0.475,2768.099,11.623,0.475,15.759,0.131,0.175,0.009,0.649,0.005,0.0
0.0,-13.003,8.995,-13.0,9.0,0.947,0.128,6.892,0.007,0.464,2926.52,11.197,0.463,15.777,0.128,0.203,0.01,0.652,0.003,0.005
0.0,-14.006,-0.01,-14.0,0.0,0.952,0.127,6.898,0.007,0.466,2922.761,11.303,0.463,15.863,0.125,0.213,0.009,0.646,0.006,0.01
0.0,-14.004,-14.003,-14.0,-14.0,0.923,0.13,6.908,0.007,0.457,3055.237,10.94,0.455,15.575,0.125,0.204,0.011,0.653,0.004,0.003
0.0,-14.009,-2.0,-14.0,-2.0,0.952,0.127,6.897,0.007,0.465,2876.39,11.299,0.463,15.846,0.119,0.207,0.008,0.641,0.009,-0.0
0.0,-0.996,-11.006,-1.0,-11.0,0.967,0.13,6.934,0.008,0.467,3146.069,11.103,0.467,15.827,0.113,0.228,0.007,0.653,-0.004,0.006
0.0,-1.003,1.988,-1.0,2.0,0.986,0.13,6.931,0.008,0.466,3123.177,11.086,0.463,18.029,0.23,0.681,0.072,0.725,0.003,0.012
0.0,-1.0,3.993,-1.0,4.0,0.979,0.13,6.93,0.007,0.469,3073.544,11.177,0.467,17.039,0.146,0.48,0.028,0.676,-0.0,0.007
0.0,-2.0,-2.002,-2.0,-2.0,0.983,0.131,6.928,0.008,0.461,3136.747,10.937,0.459,17.857,0.268,0.654,0.071,0.718,-0.0,0.002
0.0,-2.0,-6.999,-2.0,-7.0,0.973,0.13,6.929,0.008,0.462,3171.634,10.99,0.459,16.249,0.126,0.341,0.016,0.661,-0.0,-0.001
0.0,-2.003,9.996,-2.0,10.0,0.965,0.128,6.921,0.007,0.474,2959.569,11.407,0.475,15.934,0.113,0.222,0.007,0.651,0.003,0.004
0.0,-2.004,4.993,-2.0,5.0,0.977,0.129,6.927,0.007,0.472,2999.481,11.272,0.471,16.656,0.12,0.396,0.017,0.667,0.004,0.007
0.0,-2.013,7.985,-2.0,8.0,0.972,0.129,6.924,0.007,0.467,3057.467,11.149,0.467,16.1,0.121,0.275,0.009,0.656,0.013,0.015
0.0,-3.001,-10.005,-3.0,-10.0,0.965,0.129,6.928,0.007,0.467,3069.123,11.143,0.467,15.983,0.125,0.27,0.011,0.655,0.001,0.005
0.0,-3.009,-4.0,-3.0,-4.0,0.977,0.13,6.927,0.008,0.463,3131.376,11.015,0.459,16.984,0.187,0.485,0.037,0.683,0.009,-0.0
0.0,-2.999,-5.996,-3.0,-6.0,0.971,0.13,6.928,0.007,0.465,3102.715,11.091,0.463,16.486,0.148,0.389,0.022,0.668,-0.001,-0.004
0.0,-3.0,-7.002,-3.0,-7.0,0.969,0.129,6.927,0.007,0.469,3074.861,11.24,0.467,16.317,0.137,0.352,0.018,0.664,-0.0,0.002
0.0,-3.015,11.995,-3.0,12.0,0.959,0.129,6.914,0.007,0.465,3027.672,11.143,0.463,15.771,0.112,0.179,0.006,0.646,0.015,0.005
0.0,-3.006,6.994,-3.0,7.0,0.969,0.129,6.922,0.007,0.47,2994.554,11.234,0.471,16.219,0.115,0.294,0.01,0.655,0.006,0.006
0.0,-2.996,7.992,-3.0,8.0,0.969,0.129,6.921,0.007,0.47,2999.673,11.247,0.471,16.073,0.116,0.263,0.008,0.655,-0.004,0.008
0.0,-4.004,5.994,-4.0,6.0,0.971,0.131,6.92,0.007,0.461,3049.074,10.929,0.459,16.295,0.113,0.319,0.012,0.658,0.004,0.006
0.0,-4.999,-0.001,-5.0,0.0,0.975,0.128,6.92,0.007,0.47,2971.727,11.297,0.467,17.047,0.168,0.467,0.028,0.678,-0.001,0.001
0.0,-5.001,-10.998,-5.0,-11.0,0.961,0.13,6.924,0.008,0.462,3083.559,10.99,0.459,15.866,0.129,0.258,0.012,0.655,0.001,-0.002
0.0,-4.994,-11.994,-5.0,-12.0,0.956,0.128,6.927,0.007,0.471,3010.065,11.28,0.471,15.861,0.129,0.241,0.011,0.655,-0.006,-0.006
0.0,-4.995,-13.002,-5.0,-13.0,0.952,0.129,6.928,0.007,0.469,3053.049,11.19,0.467,15.784,0.126,0.224,0.01,0.655,-0.005,0.002
0.0,-5.005,-13.998,-5.0,-14.0,0.948,0.13,6.929,0.007,0.466,3073.948,11.106,0.459,15.69,0.122,0.21,0.009,0.653,0.005,-0.002
0.0,-5.004,-2.999,-5.0,-3.0,0.975,0.13,6.92,0.007,0.463,3040.299,11.052,0.459,16.669,0.141,0.419,0.023,0.669,0.004,-0.001
0.0,-4.997,-7.002,-5.0,-7.0,0.965,0.13,6.922,0.008,0.46,3123.31,10.953,0.459,16.269,0.166,0.355,0.023,0.667,-0.003,0.002
0.0,-5.0,0.995,-5.0,1.0,0.973,0.13,6.922,0.007,0.461,3083.975,10.982,0.459,17.004,0.155,0.462,0.026,0.68,-0.0,0.005
0.0,-5.003,3.998,-5.0,4.0,0.971,0.128,6.92,0.007,0.474,2926.383,11.389,0.475,16.799,0.142,0.391,0.018,0.673,0.003,0.002
0.0,-5.01,6.989,-5.0,7.0,0.967,0.129,6.916,0.007,0.467,2945.918,11.192,0.467,16.152,0.122,0.277,0.01,0.655,0.01,0.011
0.0,-6.005,-10.0,-6.0,-10.0,0.96,0.129,6.921,0.007,0.464,3030.899,11.104,0.463,15.966,0.138,0.279,0.016,0.661,0.005,-0.0
0.0,-6.012,11.005,-6.0,11.0,0.958,0.129,6.907,0.007,0.463,3007.452,11.106,0.463,15.744,0.112,0.181,0.007,0.646,0.012,-0.005
0.0,-6.01,12.992,-6.0,13.0,0.954,0.128,6.902,0.007,0.465,2947.767,11.21,0.463,15.709,0.114,0.154,0.006,0.644,0.01,0.008
0.0,-6.01,8.997,-6.0,9.0,0.961,0.127,6.911,0.007,0.474,2904.608,11.458,0.475,15.909,0.114,0.218,0.008,0.648,0.01,0.003
0.0,-6.994,-10.0,-7.0,-10.0,0.955,0.129,6.918,0.007,0.466,3014.979,11.194,0.467,15.951,0.144,0.274,0.018,0.663,-0.006,-0.0
0.0,-7.003,-4.998,-7.0,-5.0,0.964,0.129,6.917,0.007,0.462,3076.839,11.068,0.459,16.247,0.13,0.328,0.015,0.661,0.003,-0.002
0.0,-7.011,10.005,-7.0,10.0,0.957,0.127,6.907,0.007,0.472,2904.155,11.414,0.471,15.825,0.113,0.197,0.008,0.647,0.011,-0.005
0.0,-7.007,3.001,-7.0,3.0,0.968,0.129,6.916,0.007,0.464,3031.714,11.098,0.463,16.52,0.132,0.347,0.014,0.664,0.007,-0.001
0.0,-7.015,7.996,-7.0,8.0,0.961,0.129,6.91,0.007,0.465,2997.744,11.151,0.463,15.958,0.12,0.24,0.009,0.649,0.015,0.004
0.0,-7.995,-11.001,-8.0,-11.0,0.952,0.129,6.918,0.007,0.464,3047.144,11.115,0.463,15.84,0.139,0.254,0.017,0.664,-0.005,0.001
0.0,-7.999,-12.997,-8.0,-13.0,0.944,0.13,6.922,0.007,0.464,3080.961,11.077,0.463,15.747,0.133,0.232,0.013,0.661,-0.001,-0.003
0.0,-8.007,-0.996,-8.0,-1.0,0.969,0.126,6.913,0.007,0.474,2909.051,11.495,0.471,16.383,0.133,0.323,0.014,0.658,0.007,-0.004
0.0,-7.998,0.994,-8.0,1.0,0.965,0.128,6.913,0.007,0.466,3001.346,11.191,0.463,16.366,0.129,0.324,0.014,0.659,-0.002,0.006
0.0,-8.003,8.992,-8.0,9.0,0.955,0.128,6.905,0.007,0.468,2955.738,11.265,0.467,15.885,0.121,0.213,0.009,0.648,0.003,0.008
0.0,-9.007,-1.008,-9.0,-1.0,0.966,0.127,6.91,0.007,0.47,2937.771,11.363,0.467,16.239,0.13,0.295,0.012,0.655,0.007,0.008
0.0,-9.002,-3.005,-9.0,-3.0,0.964,0.128,6.911,0.007,0.467,2971.089,11.276,0.467,16.139,0.111,0.279,0.01,0.652,0.002,0.005
0.0,-9.004,-5.014,-9.0,-5.0,0.958,0.129,6.911,0.007,0.46,3066.366,11.029,0.459,16.054,0.121,0.277,0.01,0.654,0.004,0.014
0.0,-9.008,-7.003,-9.0,-7.0,0.956,0.128,6.913,0.007,0.464,3033.784,11.173,0.463,15.986,0.129,0.274,0.012,0.656,0.008,0.003
0.0,-9.004,2.986,-9.0,3.0,0.962,0.129,6.91,0.007,0.462,3019.437,11.063,0.463,16.199,0.117,0.282,0.011,0.657,0.004,0.014
0.0,10.002,-13.001,10.0,-13.0,0.947,0.134,6.954,0.008,0.459,3411.534,10.726,0.455,15.31,0.1,0.148,0.007,0.641,-0.002,0.001
0.0,11.003,-10.008,11.0,-10.0,0.958,0.133,6.95,0.008,0.459,3338.672,10.764,0.455,15.501,0.12,0.195,0.009,0.643,-0.003,0.008
0.0,10.999,-11.004,11.0,-11.0,0.949,0.133,6.952,0.008,0.462,3349.551,10.824,0.455,15.448,0.116,0.182,0.008,0.643,0.001,0.004
0.0,11.007,-13.008,11.0,-13.0,0.945,0.132,6.955,0.008,0.468,3313.139,11.028,0.463,15.36,0.104,0.15,0.007,0.642,-0.007,0.008
0.0,10.998,-3.001,11.0,-3.0,0.96,0.132,6.953,0.008,0.462,3319.349,10.857,0.455,15.781,0.106,0.225,0.009,0.646,0.002,0.001
0.0,11.006,-7.008,11.0,-7.0,0.955,0.133,6.952,0.008,0.459,3397.019,10.775,0.455,15.671,0.118,0.218,0.009,0.646,-0.006,0.008
0.0,10.999,3.996,11.0,4.0,0.958,0.13,6.955,0.008,0.472,3204.6,11.173,0.471,15.793,0.112,0.228,0.008,0.643,0.001,0.004
0.0,12.001,0.003,12.0,0.0,0.96,0.131,6.957,0.008,0.469,3273.169,11.077,0.467,15.767,0.117,0.223,0.009,0.644,-0.001,-0.003
0.0,12.005,-7.998,12.0,-8.0,0.952,0.131,6.953,0.008,0.468,3302.275,11.078,0.463,15.619,0.118,0.207,0.009,0.646,-0.005,-0.002
0.0,11.995,11.987,12.0,12.0,0.94,0.131,6.948,0.008,0.466,3263.571,11.003,0.463,15.546,0.115,0.197,0.011,0.65,0.005,0.013
0.0,11.997,8.994,12.0,9.0,0.946,0.134,6.953,0.008,0.457,3415.063,10.646,0.455,15.548,0.118,0.206,0.009,0.646,0.003,0.006
0.0,12.994,-12.006,13.0,-12.0,0.942,0.133,6.958,0.008,0.461,3422.813,10.781,0.455,15.341,0.11,0.166,0.008,0.641,0.006,0.006
0.0,12.999,-3.001,13.0,-3.0,0.955,0.133,6.958,0.008,0.462,3379.973,10.827,0.455,15.624,0.104,0.199,0.008,0.646,0.001,0.001
0.0,12.989,3.989,13.0,4.0,0.952,0.133,6.96,0.008,0.463,3367.288,10.828,0.459,15.538,0.1,0.193,0.006,0.639,0.011,0.011
0.0,12.999,6.99,13.0,7.0,0.944,0.132,6.958,0.008,0.468,3272.809,11.009,0.467,15.605,0.117,0.198,0.007,0.642,0.001,0.01
0.0,12.993,8.987,13.0,9.0,0.94,0.131,6.956,0.008,0.47,3265.455,11.101,0.467,15.602,0.118,0.198,0.007,0.644,0.007,0.013
0.0,1.0,-12.998,1.0,-13.0,0.96,0.132,6.941,0.008,0.462,3259.459,10.885,0.455,15.59,0.106,0.178,0.005,0.645,0.0,-0.002
0.0,0.994,-8.004,1.0,-8.0,0.971,0.131,6.935,0.008,0.462,3231.784,10.954,0.459,16.013,0.115,0.284,0.009,0.656,0.006,0.004
0.0,0.993,12.987,1.0,13.0,0.958,0.129,6.923,0.007,0.469,3050.58,11.246,0.471,15.82,0.114,0.2,0.007,0.65,0.007,0.013
0.0,0.998,5.994,1.0,6.0,0.976,0.13,6.932,0.007,0.469,3066.487,11.163,0.471,16.49,0.128,0.378,0.018,0.663,0.002,0.006
0.0,0.992,8.988,1.0,9.0,0.968,0.131,6.93,0.008,0.465,3145.295,11.032,0.463,16.046,0.121,0.275,0.01,0.657,0.008,0.012
0.0,2.002,-12.004,2.0,-12.0,0.963,0.131,6.941,0.008,0.467,3208.061,11.048,0.459,15.638,0.103,0.182,0.005,0.645,-0.002,0.004
0.0,1.99,12.987,2.0,13.0,0.956,0.13,6.925,0.007,0.465,3102.248,11.071,0.463,15.809,0.118,0.208,0.007,0.65,0.01,0.013
0.0,1.994,3.004,2.0,3.0,0.981,0.132,6.938,0.008,0.462,3215.135,10.89,0.459,17.434,0.231,0.576,0.054,0.699,0.006,-0.004
0.0,1.997,3.991,2.0,4.0,0.98,0.13,6.938,0.008,0.469,3129.241,11.131,0.467,17.028,0.177,0.502,0.037,0.683,0.003,0.009
0.0,2.997,-2.006,3.0,-2.0,0.988,0.132,6.938,0.008,0.461,3180.935,10.878,0.459,17.784,0.232,0.581,0.046,0.706,0.003,0.006
0.0,2.999,8.989,3.0,9.0,0.965,0.131,6.935,0.008,0.463,3195.139,10.927,0.463,16.065,0.132,0.295,0.013,0.658,0.001,0.011
0.0,3.998,-11.005,4.0,-11.0,0.963,0.132,6.944,0.008,0.462,3276.268,10.888,0.455,15.568,0.101,0.183,0.006,0.643,0.002,0.005
0.0,3.995,-14.009,4.0,-14.0,0.955,0.131,6.948,0.008,0.467,3242.265,11.007,0.459,15.485,0.104,0.147,0.005,0.64,0.005,0.009
0.0,4.005,-7.996,4.0,-8.0,0.967,0.13,6.941,0.008,0.469,3189.137,11.159,0.463,15.902,0.108,0.251,0.008,0.65,-0.005,-0.004
0.0,3.996,8.996,4.0,9.0,0.963,0.133,6.937,0.008,0.458,3281.43,10.756,0.455,16.017,0.137,0.301,0.014,0.658,0.004,0.004
0.0,5.007,-0.007,5.0,0.0,0.977,0.13,6.943,0.008,0.468,3186.075,11.092,0.467,16.919,0.164,0.461,0.028,0.676,-0.007,0.007
0.0,5.0,-1.002,5.0,-1.0,0.976,0.13,6.943,0.008,0.467,3192.485,11.09,0.467,16.924,0.154,0.458,0.025,0.679,0.0,0.002
0.0,4.997,-7.003,5.0,-7.0,0.966,0.13,6.943,0.008,0.469,3207.983,11.149,0.463,16.01,0.115,0.274,0.009,0.652,0.003,0.003
0.0,4.997,6.991,5.0,7.0,0.964,0.13,6.941,0.008,0.469,3137.254,11.12,0.467,16.259,0.167,0.353,0.023,0.666,0.003,0.009
0.0,4.994,8.989,5.0,9.0,0.959,0.13,6.939,0.007,0.471,3130.964,11.215,0.467,16.107,0.148,0.306,0.016,0.661,0.006,0.011
0.0,6.001,-13.001,6.0,-13.0,0.954,0.131,6.949,0.008,0.468,3241.434,11.075,0.463,15.485,0.106,0.155,0.006,0.641,-0.001,0.001
0.0,6.0,-14.006,6.0,-14.0,0.952,0.131,6.95,0.008,0.471,3218.196,11.142,0.467,15.464,0.105,0.142,0.005,0.641,0.0,0.006
0.0,5.999,-5.001,6.0,-5.0,0.968,0.13,6.944,0.008,0.469,3210.276,11.146,0.467,16.307,0.126,0.322,0.013,0.661,0.001,0.001
0.0,5.991,11.992,6.0,12.0,0.951,0.131,6.935,0.008,0.464,3182.9,11.01,0.459,15.855,0.133,0.246,0.012,0.657,0.009,0.008
0.0,5.993,8.996,6.0,9.0,0.959,0.131,6.94,0.008,0.464,3218.168,10.967,0.459,16.018,0.152,0.302,0.018,0.661,0.007,0.004
0.0,7.004,-4.006,7.0,-4.0,0.968,0.131,6.945,0.008,0.467,3232.751,11.065,0.467,16.34,0.132,0.323,0.013,0.663,-0.004,0.006
0.0,7.002,-5.011,7.0,-5.0,0.965,0.132,6.945,0.008,0.46,3324.761,10.827,0.459,16.156,0.127,0.3,0.012,0.658,-0.002,0.011
0.0,6.999,1.99,7.0,2.0,0.973,0.131,6.946,0.008,0.465,3245.012,10.992,0.463,16.252,0.118,0.338,0.014,0.659,0.001,0.01
0.0,7.002,3.992,7.0,4.0,0.966,0.131,6.945,0.008,0.468,3192.558,11.081,0.467,16.185,0.121,0.325,0.014,0.658,-0.002,0.008
0.0,8.001,-12.008,8.0,-12.0,0.955,0.133,6.949,0.008,0.462,3345.38,10.834,0.455,15.437,0.107,0.166,0.006,0.642,-0.001,0.008
0.0,8.0,-1.002,8.0,-1.0,0.971,0.129,6.947,0.008,0.473,3166.363,11.284,0.471,16.242,0.124,0.315,0.013,0.657,0.0,0.002
0.0,7.999,-4.005,8.0,-4.0,0.967,0.132,6.947,0.008,0.462,3314.711,10.89,0.459,16.136,0.121,0.29,0.012,0.658,0.001,0.005
0.0,8.005,-8.004,8.0,-8.0,0.976,0.132,6.946,0.008,0.459,3360.328,10.808,0.455,15.72,0.117,0.226,0.009,0.645,-0.005,0.004
0.0,8.002,4.992,8.0,5.0,0.965,0.131,6.947,0.008,0.466,3215.198,10.991,0.463,16.009,0.118,0.29,0.012,0.654,-0.002,0.008
0.0,8.995,-0.007,9.0,0.0,0.968,0.132,6.95,0.008,0.462,3321.327,10.879,0.459,16.023,0.124,0.285,0.012,0.653,0.005,0.007
0.0,9.006,-4.003,9.0,-4.0,0.964,0.129,6.949,0.008,0.475,3174.201,11.341,0.471,16.068,0.113,0.264,0.01,0.654,-0.006,0.003
0.0,9.003,-7.011,9.0,-7.0,0.96,0.132,6.948,0.008,0.462,3347.559,10.873,0.455,15.786,0.118,0.236,0.009,0.647,-0.003,0.011
0.0,8.999,-8.007,9.0,-8.0,0.959,0.132,6.948,0.008,0.462,3355.312,10.87,0.455,15.71,0.119,0.223,0.009,0.645,0.001,0.007
